"id","ld_bs.correst"
"7",0.829135020993633
"9",0.63052186597209
"16",0.508901613040177
"22",0.722163580010166
"32",0.92660018043547
"35",0.807918310204183
"37",0.956341403593521
"42",0.704280733444905
"43",0.669054220072894
"55",0.626681564929765
"63",0.533104756413234
"65",0.654758419607301
"71",0.716745911371506
"82",0.828802087559167
"84",0.880173219028394
"86",0.793263296202509
"88",0.877101316482239
"91",0.862377297636371
"93",0.787261210299025
"95",0.806724429965513
"96",0.630291227841966
"104",0.761298502021461
"116",0.647762799153893
"132",0.810141136585874
"133",0.911748362969946
"135",0.922862321967491
"157",0.933630106511244
"161",0.826708358454566
"162",0.688736730121343
"164",0.730170371343288
"168",0.803602561458652
"173",0.958994476643831
"194",0.895586414723471
"197",0.609122387535502
"213",0.717551018616438
"214",0.559335399800342
"215",0.913053729821681
"223",0.660703710983508
"227",0.743517088894041
"238",0.688738648148663
"242",0.639082042600906
"248",0.716615337625237
"249",0.665844963866903
"251",0.688469760299265
"257",0.818005553412108
"264",0.96193259030315
"267",0.56883277936104
"269",0.654336655086849
"274",0.687192396719489
"275",0.83002083371844
"295",0.850060567172703
"306",0.849842317806338
"311",0.755163977557527
"349",0.59294508451629
"354",0.445527396013345
"433",0.716524660956826
"464",0.617294744157971
"503",0.794374312280744
"511",0.813688920562317
"542",0.861009137859243
"566",0.792895811084081
"591",0.71887684628065
"599",0.63358238837688
"611",0.910345287899161
"613",0.803007387882757
"624",0.883814813176223
"625",0.61630620935822
"659",0.821524136579812
"675",0.932204728034354
"699",0.927995845627939
"903",0.915641749549866
