"id","ld_bs.correst"
"7",0.829225452917967
"9",0.63095038461566
"16",0.508926272523204
"22",0.723706615293667
"32",0.925869251041851
"35",0.808523935723069
"37",0.956840090981267
"42",0.704718813424179
"43",0.669225517172444
"55",0.626451060138697
"63",0.533215276082187
"65",0.654930560769757
"71",0.716815001286445
"82",0.82885697054736
"84",0.88032844542235
"86",0.793010840348784
"88",0.877071485538062
"91",0.862028372429052
"93",0.787504949740261
"95",0.806492671299561
"96",0.630377528971238
"104",0.761420393259997
"116",0.647668374598984
"132",0.810782587567632
"133",0.912155004987112
"135",0.924845083766135
"157",0.933842398404201
"161",0.827155611952309
"162",0.688968838592909
"164",0.731101613774526
"168",0.803343182078402
"173",0.958492368711614
"194",0.896438845935794
"197",0.609215230023785
"213",0.7175315109589
"214",0.559790078075272
"215",0.91332947393611
"223",0.660389658764195
"227",0.743364505083213
"238",0.688977965665295
"242",0.638860001716365
"248",0.717329035552258
"249",0.666285957373151
"251",0.688960617929271
"257",0.817612263878202
"264",0.962219840852073
"267",0.569087038440665
"269",0.654365718892385
"274",0.687701989785339
"275",0.829873483587969
"295",0.849935389409668
"306",0.849667906054165
"311",0.754843598719329
"349",0.5928149944469
"354",0.445694218685243
"433",0.716424121257279
"464",0.617061681244471
"503",0.79457058852069
"511",0.813466199752424
"542",0.86074242581042
"566",0.793067475407173
"591",0.718834769246092
"599",0.633272520290997
"611",0.909956133837527
"613",0.803026375081557
"624",0.883758314482962
"625",0.61644113661063
"659",0.821558763336657
"675",0.931525738721155
"699",0.927772775473014
"903",0.915383739185106
