"id","rd_bs.correst"
"9",0.835904245547556
"56",0.518631651198904
"63",0.583351561241831
"65",0.760384495293725
"71",0.506753004203986
"86",0.832806371746937
"93",0.737123170731917
"132",0.833530943813635
"133",0.856096732497394
"146",0.780960455365076
"197",0.606652315358852
"215",0.906057666146749
"227",0.856352434367062
"249",0.642322324694594
"251",0.529432697136992
"257",0.442923273654137
"269",0.594727644739919
"275",0.644900927036829
"311",0.828324825556316
"343",0.442597146173111
"354",0.586291383620921
"433",0.783372065595436
"460",0.774618806493671
"464",0.597626915767922
"503",0.676469150001618
"511",0.821455045204298
"566",0.731076477970111
"574",0.840924895781119
"591",0.700212623472352
"611",0.827808532069614
"615",0.890763973959645
"624",0.642185842289272
"637",0.582216167792881
"675",0.87951750396658
"699",0.577745795769684
"726",0.907433690389055
"753",0.312197690346604
