id,estimate,ld_bs.correst
7,0.833001,0.794109
9,0.757602,0.73327
14,1,0.878046
16,0.468168,0.455104
18,0.9009,0.838272
22,0.791772,0.735681
32,0.900172,0.805456
35,0.822789,0.779345
37,1,0.940342
41,0.653949,0.629114
42,0.599362,0.588267
43,0.617536,0.598373
45,0.476689,0.461114
46,0.532372,0.512387
52,0.569563,0.539995
53,0.805238,0.776349
55,0.511433,0.486418
56,0.674463,0.646253
62,0.875141,0.814146
63,0.712134,0.694753
65,0.670503,0.653513
71,0.623416,0.601674
72,0.680717,0.643725
82,0.773571,0.71299
84,0.758672,0.732178
86,0.793252,0.765911
88,0.786051,0.754735
91,0.831836,0.788224
93,0.63281,0.615231
95,0.9142,0.88581
96,0.614779,0.586857
97,0.598627,0.579227
102,0.756169,0.711736
103,0.728679,0.664042
104,0.748463,0.724237
106,0.541696,0.521957
116,0.600787,0.582084
119,0.862568,0.812158
132,1,0.890764
133,0.917721,0.838791
135,0.899713,0.858587
138,0.647255,0.58089
146,0.694585,0.679752
147,0.651161,0.617409
149,0.828747,0.798656
153,0.786246,0.761874
157,0.86188,0.794781
161,0.756089,0.725904
162,0.608829,0.581193
163,0.774311,0.735342
164,0.584594,0.532014
168,0.647921,0.616326
171,0.569333,0.511222
173,0.913593,0.895287
181,0.450004,0.440037
183,0.642391,0.625414
184,0.654882,0.619183
194,0.65348,0.621237
196,0.553916,0.535456
197,0.636617,0.61326
204,0.604962,0.583761
205,0.664771,0.631188
206,0.637401,0.608209
210,0.643283,0.600288
213,0.758274,0.732132
214,0.62495,0.583042
215,0.858627,0.814213
223,0.586673,0.573793
227,0.888326,0.867448
231,1,0.869599
234,0.503065,0.492864
238,0.672963,0.644848
242,0.571096,0.551581
248,0.671271,0.629324
249,0.68893,0.66191
251,0.760677,0.731552
257,0.696105,0.679029
264,0.713048,0.671916
267,0.578803,0.56695
269,0.563783,0.547211
274,0.671093,0.638714
275,0.839323,0.799876
295,0.814943,0.789083
306,0.784593,0.750215
311,0.722482,0.706138
343,0.780488,0.707012
349,0.499768,0.486137
354,0.49801,0.488546
373,0.642998,0.612494
418,0.563658,0.537681
433,0.805785,0.790132
460,0.661702,0.631987
464,0.678399,0.662249
503,0.731325,0.700985
511,0.925747,0.856641
542,0.800356,0.771352
566,0.785172,0.751627
574,0.842738,0.807579
578,0.680186,0.667201
591,0.743197,0.718437
593,0.59812,0.580982
599,0.575643,0.560162
611,0.875475,0.822268
613,0.864494,0.828729
614,1,0.911927
615,0.888332,0.797283
624,0.858997,0.823368
625,0.597806,0.575845
637,0.636086,0.613099
659,0.82977,0.801761
669,0.756055,0.714452
675,0.99603,0.901138
693,0.711506,0.670891
699,0.961235,0.899255
726,0.775011,0.756012
