#Hour;SPOTNO4;SPOTNO1;SPOTNO5;SPOTNO3;SPOTNO2
01.01.2010 00:00;;39.64;;39.64;39.64
01.01.2010 01:00;;39.53;;39.53;39.53
01.01.2010 02:00;;39.11;;39.11;39.11
01.01.2010 03:00;;38.86;;38.86;38.86
01.01.2010 04:00;;38.76;;38.76;38.76
01.01.2010 05:00;;38.86;;38.86;38.86
01.01.2010 06:00;;38.99;;38.99;38.99
01.01.2010 07:00;;39.06;;39.06;39.06
01.01.2010 08:00;;38.87;;38.87;38.87
01.01.2010 09:00;;38.93;;38.93;38.93
01.01.2010 10:00;;39.29;;39.29;39.29
01.01.2010 11:00;;39.68;;39.68;39.68
01.01.2010 12:00;;39.74;;39.74;39.74
01.01.2010 13:00;;39.70;;39.70;39.70
01.01.2010 14:00;;40.02;;40.02;40.02
01.01.2010 15:00;;40.35;;40.82;40.82
01.01.2010 16:00;;40.46;;41.97;41.97
01.01.2010 17:00;;40.48;;42.78;42.78
01.01.2010 18:00;;40.58;;41.93;41.93
01.01.2010 19:00;;40.40;;41.23;41.23
01.01.2010 20:00;;40.23;;41.33;41.33
01.01.2010 21:00;;40.17;;41.14;41.14
01.01.2010 22:00;;40.04;;40.16;40.16
01.01.2010 23:00;;39.04;;39.04;39.04
02.01.2010 00:00;;39.44;;39.44;40.11
02.01.2010 01:00;;39.50;;39.50;39.50
02.01.2010 02:00;;39.22;;39.22;39.22
02.01.2010 03:00;;38.97;;38.97;38.97
02.01.2010 04:00;;39.10;;39.10;39.10
02.01.2010 05:00;;39.41;;39.63;39.63
02.01.2010 06:00;;39.58;;40.30;40.30
02.01.2010 07:00;;40.07;;40.97;40.97
02.01.2010 08:00;;40.13;;41.26;41.26
02.01.2010 09:00;;40.43;;41.94;41.94
02.01.2010 10:00;;41.59;;45.56;45.56
02.01.2010 11:00;;42.60;;47.35;47.35
02.01.2010 12:00;;42.79;;46.58;46.58
02.01.2010 13:00;;41.75;;45.05;45.05
02.01.2010 14:00;;40.65;;46.83;46.83
02.01.2010 15:00;;40.65;;50.60;50.60
02.01.2010 16:00;;41.88;;71.20;71.20
02.01.2010 17:00;;43.29;;87.61;87.61
02.01.2010 18:00;;48.02;;70.92;70.92
02.01.2010 19:00;;44.62;;56.21;56.21
02.01.2010 20:00;;42.88;;48.06;48.06
02.01.2010 21:00;;41.05;;44.87;44.87
02.01.2010 22:00;;42.24;;43.96;43.96
02.01.2010 23:00;;40.83;;40.83;40.83
03.01.2010 00:00;;41.26;;41.26;41.26
03.01.2010 01:00;;40.61;;40.61;40.61
03.01.2010 02:00;;40.35;;40.35;40.35
03.01.2010 03:00;;40.20;;40.20;40.20
03.01.2010 04:00;;40.28;;40.28;40.28
03.01.2010 05:00;;40.38;;40.47;40.47
03.01.2010 06:00;;40.38;;40.60;40.60
03.01.2010 07:00;;40.44;;41.39;41.39
03.01.2010 08:00;;40.70;;41.01;41.01
03.01.2010 09:00;;40.86;;41.42;41.42
03.01.2010 10:00;;41.25;;42.51;42.51
03.01.2010 11:00;;42.38;;43.21;43.21
03.01.2010 12:00;;43.03;;43.81;43.81
03.01.2010 13:00;;41.52;;42.45;42.45
03.01.2010 14:00;;40.78;;43.16;43.16
03.01.2010 15:00;;40.82;;45.70;45.70
03.01.2010 16:00;;41.61;;51.25;51.25
03.01.2010 17:00;;43.24;;55.50;55.50
03.01.2010 18:00;;45.65;;54.11;54.11
03.01.2010 19:00;;44.95;;50.60;50.60
03.01.2010 20:00;;43.78;;44.86;44.86
03.01.2010 21:00;;42.88;;43.94;43.94
03.01.2010 22:00;;41.68;;42.72;42.72
03.01.2010 23:00;;40.38;;40.38;40.38
04.01.2010 00:00;;40.65;;40.85;40.85
04.01.2010 01:00;;40.21;;40.21;40.21
04.01.2010 02:00;;40.03;;40.03;40.03
04.01.2010 03:00;;40.10;;40.10;40.10
04.01.2010 04:00;;40.38;;40.90;40.90
04.01.2010 05:00;;40.55;;41.90;41.90
04.01.2010 06:00;;41.36;;43.47;43.47
04.01.2010 07:00;;43.66;;52.08;52.08
04.01.2010 08:00;;44.97;;79.97;79.97
04.01.2010 09:00;;46.56;;87.13;87.13
04.01.2010 10:00;;44.76;;87.14;87.14
04.01.2010 11:00;;44.51;;80.01;80.01
04.01.2010 12:00;;44.06;;79.06;79.06
04.01.2010 13:00;;43.99;;74.26;74.26
04.01.2010 14:00;;43.93;;82.04;82.04
04.01.2010 15:00;;44.02;;110.30;110.30
04.01.2010 16:00;;46.11;;123.04;123.04
04.01.2010 17:00;;51.36;;122.29;122.29
04.01.2010 18:00;;51.34;;107.68;107.68
04.01.2010 19:00;;47.05;;83.97;83.97
04.01.2010 20:00;;43.82;;54.95;54.95
04.01.2010 21:00;;42.93;;48.25;48.25
04.01.2010 22:00;;41.90;;45.37;45.37
04.01.2010 23:00;;41.26;;42.25;42.25
05.01.2010 00:00;;42.03;;42.03;42.03
05.01.2010 01:00;;41.43;;41.43;41.43
05.01.2010 02:00;;41.21;;41.21;41.21
05.01.2010 03:00;;41.27;;41.27;41.27
05.01.2010 04:00;;41.75;;41.75;41.75
05.01.2010 05:00;;42.14;;42.77;42.77
05.01.2010 06:00;;43.17;;44.27;44.27
05.01.2010 07:00;;45.34;;48.78;48.78
05.01.2010 08:00;;48.34;;51.43;51.43
05.01.2010 09:00;;47.14;;52.09;52.09
05.01.2010 10:00;;48.27;;54.81;54.81
05.01.2010 11:00;;49.26;;56.21;56.21
05.01.2010 12:00;;49.87;;52.58;52.58
05.01.2010 13:00;;47.07;;50.89;50.89
05.01.2010 14:00;;45.90;;52.26;52.26
05.01.2010 15:00;;46.07;;68.37;68.37
05.01.2010 16:00;;50.89;;107.20;107.20
05.01.2010 17:00;;59.66;;107.27;107.27
05.01.2010 18:00;;54.54;;75.53;75.53
05.01.2010 19:00;;48.74;;53.60;53.60
05.01.2010 20:00;;44.95;;48.72;48.72
05.01.2010 21:00;;43.36;;47.68;47.68
05.01.2010 22:00;;43.61;;47.80;47.80
05.01.2010 23:00;;42.72;;45.06;45.06
06.01.2010 00:00;;43.27;;43.45;43.45
06.01.2010 01:00;;43.09;;43.09;43.09
06.01.2010 02:00;;42.92;;42.92;42.92
06.01.2010 03:00;;42.93;;42.93;42.93
06.01.2010 04:00;;43.07;;43.07;43.07
06.01.2010 05:00;;43.27;;43.82;43.82
06.01.2010 06:00;;43.52;;44.74;44.74
06.01.2010 07:00;;45.86;;46.95;46.95
06.01.2010 08:00;;46.98;;47.23;47.23
06.01.2010 09:00;;47.54;;48.20;48.45
06.01.2010 10:00;;48.98;;48.98;49.22
06.01.2010 11:00;;50.29;;50.29;50.29
06.01.2010 12:00;;48.95;;48.95;48.95
06.01.2010 13:00;;48.80;;48.80;48.80
06.01.2010 14:00;;47.24;;48.84;48.84
06.01.2010 15:00;;46.93;;52.27;52.27
06.01.2010 16:00;;49.70;;62.68;62.68
06.01.2010 17:00;;60.69;;80.02;80.02
06.01.2010 18:00;;60.08;;66.04;66.04
06.01.2010 19:00;;52.61;;52.62;52.62
06.01.2010 20:00;;47.98;;48.80;48.80
06.01.2010 21:00;;46.70;;49.35;49.35
06.01.2010 22:00;;46.58;;46.59;46.59
06.01.2010 23:00;;43.92;;43.92;46.15
07.01.2010 00:00;;44.53;;44.53;45.77
07.01.2010 01:00;;42.93;;44.03;44.65
07.01.2010 02:00;;42.67;;43.49;43.58
07.01.2010 03:00;;42.68;;43.57;43.57
07.01.2010 04:00;;42.80;;44.53;44.53
07.01.2010 05:00;;42.79;;47.16;47.16
07.01.2010 06:00;;44.55;;52.88;52.88
07.01.2010 07:00;;48.85;;150.09;150.09
07.01.2010 08:00;;54.86;;199.96;199.96
07.01.2010 09:00;;56.57;;199.93;199.93
07.01.2010 10:00;;56.00;;178.18;178.18
07.01.2010 11:00;;57.75;;150.10;150.10
07.01.2010 12:00;;60.09;;127.71;127.71
07.01.2010 13:00;;54.72;;117.58;117.58
07.01.2010 14:00;;53.51;;136.51;136.51
07.01.2010 15:00;;53.03;;200.02;200.02
07.01.2010 16:00;;66.90;;300.05;300.05
07.01.2010 17:00;;86.19;;300.07;300.07
07.01.2010 18:00;;70.50;;199.98;199.98
07.01.2010 19:00;;55.86;;126.71;126.71
07.01.2010 20:00;;49.71;;98.78;98.78
07.01.2010 21:00;;46.12;;70.51;70.51
07.01.2010 22:00;;46.92;;49.65;49.65
07.01.2010 23:00;;45.22;;45.22;47.62
08.01.2010 00:00;;45.52;;45.52;45.52
08.01.2010 01:00;;45.00;;45.00;45.00
08.01.2010 02:00;;44.72;;44.72;44.72
08.01.2010 03:00;;44.77;;44.77;44.77
08.01.2010 04:00;;45.22;;45.92;45.92
08.01.2010 05:00;;45.39;;51.02;51.02
08.01.2010 06:00;;46.54;;107.50;107.50
08.01.2010 07:00;;51.64;;1000.01;1000.01
08.01.2010 08:00;;64.92;;1000.01;1000.01
08.01.2010 09:00;;63.84;;1000.01;1000.01
08.01.2010 10:00;;62.12;;783.46;783.46
08.01.2010 11:00;;58.86;;401.55;401.55
08.01.2010 12:00;;50.53;;300.04;300.04
08.01.2010 13:00;;48.73;;300.00;300.01
08.01.2010 14:00;;46.78;;249.95;249.95
08.01.2010 15:00;;46.67;;300.04;300.04
08.01.2010 16:00;;46.96;;300.09;300.09
08.01.2010 17:00;;48.70;;396.64;396.64
08.01.2010 18:00;;48.36;;300.00;300.02
08.01.2010 19:00;;46.45;;182.82;182.82
08.01.2010 20:00;;46.38;;99.94;99.94
08.01.2010 21:00;;45.91;;58.00;58.00
08.01.2010 22:00;;46.07;;52.09;52.09
08.01.2010 23:00;;45.80;;46.77;46.77
09.01.2010 00:00;;45.76;;46.35;46.35
09.01.2010 01:00;;45.56;;46.11;46.11
09.01.2010 02:00;;45.40;;45.40;45.40
09.01.2010 03:00;;45.36;;45.36;45.36
09.01.2010 04:00;;45.38;;45.38;45.38
09.01.2010 05:00;;45.39;;45.98;45.98
09.01.2010 06:00;;45.32;;46.97;46.97
09.01.2010 07:00;;45.49;;48.05;48.05
09.01.2010 08:00;;45.64;;46.67;46.67
09.01.2010 09:00;;46.11;;48.45;48.45
09.01.2010 10:00;;46.99;;48.93;48.93
09.01.2010 11:00;;46.93;;48.70;48.70
09.01.2010 12:00;;46.68;;48.06;48.06
09.01.2010 13:00;;46.17;;47.62;47.62
09.01.2010 14:00;;45.91;;47.40;47.40
09.01.2010 15:00;;45.93;;51.07;51.07
09.01.2010 16:00;;46.16;;67.50;67.50
09.01.2010 17:00;;47.93;;79.94;79.94
09.01.2010 18:00;;47.47;;58.70;58.70
09.01.2010 19:00;;46.71;;48.87;48.87
09.01.2010 20:00;;46.31;;46.31;46.79
09.01.2010 21:00;;45.61;;45.61;47.23
09.01.2010 22:00;;45.34;;45.34;45.58
09.01.2010 23:00;;44.89;;44.89;45.90
10.01.2010 00:00;;45.93;;45.93;45.93
10.01.2010 01:00;;45.37;;45.37;45.37
10.01.2010 02:00;;44.97;;44.97;44.97
10.01.2010 03:00;;44.96;;44.96;44.96
10.01.2010 04:00;;44.93;;44.93;44.93
10.01.2010 05:00;;45.01;;45.01;45.01
10.01.2010 06:00;;45.00;;45.00;45.55
10.01.2010 07:00;;45.73;;45.74;46.40
10.01.2010 08:00;;45.34;;45.34;46.17
10.01.2010 09:00;;45.38;;45.05;46.51
10.01.2010 10:00;;46.20;;45.14;47.46
10.01.2010 11:00;;46.75;;46.75;47.96
10.01.2010 12:00;;46.66;;45.89;48.35
10.01.2010 13:00;;46.45;;45.44;48.23
10.01.2010 14:00;;46.34;;45.81;48.31
10.01.2010 15:00;;46.59;;46.75;48.81
10.01.2010 16:00;;46.67;;48.84;49.25
10.01.2010 17:00;;47.85;;55.85;55.85
10.01.2010 18:00;;49.25;;55.01;55.01
10.01.2010 19:00;;49.95;;50.11;50.11
10.01.2010 20:00;;47.25;;47.25;48.86
10.01.2010 21:00;;46.66;;46.66;48.91
10.01.2010 22:00;;46.04;;46.04;47.79
10.01.2010 23:00;;44.30;;44.30;44.96
11.01.2010 00:00;45.71;45.71;;45.71;43.65
11.01.2010 01:00;45.30;45.30;;45.30;43.20
11.01.2010 02:00;45.00;45.00;;45.00;43.11
11.01.2010 03:00;45.09;45.09;;45.09;43.12
11.01.2010 04:00;45.97;45.97;;45.97;43.17
11.01.2010 05:00;46.99;46.99;;46.99;44.19
11.01.2010 06:00;51.91;50.86;;51.91;45.54
11.01.2010 07:00;103.91;51.97;;137.41;47.43
11.01.2010 08:00;220.10;54.89;;220.10;50.60
11.01.2010 09:00;199.92;57.44;;199.92;50.27
11.01.2010 10:00;136.98;53.92;;136.98;51.00
11.01.2010 11:00;120.29;53.53;;120.29;52.30
11.01.2010 12:00;90.24;53.13;;90.24;51.70
11.01.2010 13:00;73.75;51.90;;73.75;51.50
11.01.2010 14:00;84.53;51.52;;84.53;50.03
11.01.2010 15:00;107.67;51.81;;107.67;47.99
11.01.2010 16:00;117.10;55.13;;117.10;55.13
11.01.2010 17:00;117.07;75.30;;117.07;75.30
11.01.2010 18:00;96.02;65.51;;96.02;65.51
11.01.2010 19:00;59.10;54.86;;59.10;54.86
11.01.2010 20:00;50.03;50.46;;51.07;48.22
11.01.2010 21:00;47.35;49.93;;49.85;46.38
11.01.2010 22:00;46.46;47.30;;49.32;45.52
11.01.2010 23:00;44.78;45.48;;47.18;43.99
12.01.2010 00:00;45.81;45.81;;45.81;42.84
12.01.2010 01:00;45.12;45.12;;45.12;42.05
12.01.2010 02:00;45.00;45.00;;45.00;42.00
12.01.2010 03:00;44.95;44.95;;44.95;42.00
12.01.2010 04:00;45.32;45.32;;45.32;42.02
12.01.2010 05:00;46.48;46.65;;46.48;42.89
12.01.2010 06:00;48.63;49.20;;48.63;44.38
12.01.2010 07:00;48.96;51.57;;55.78;51.57
12.01.2010 08:00;71.90;71.41;;71.90;71.41
12.01.2010 09:00;73.60;71.62;;73.60;71.62
12.01.2010 10:00;82.58;70.33;;82.58;70.33
12.01.2010 11:00;73.10;67.28;;73.10;67.28
12.01.2010 12:00;65.01;61.51;;65.01;61.51
12.01.2010 13:00;54.36;54.36;;54.36;54.36
12.01.2010 14:00;54.01;53.20;;54.01;53.20
12.01.2010 15:00;54.06;54.06;;54.06;54.06
12.01.2010 16:00;64.60;64.60;;64.60;64.60
12.01.2010 17:00;68.91;68.91;;68.91;68.91
12.01.2010 18:00;67.55;62.68;;67.55;62.68
12.01.2010 19:00;51.58;51.77;;51.58;51.77
12.01.2010 20:00;48.11;50.15;;50.29;45.97
12.01.2010 21:00;46.68;51.18;;49.87;43.88
12.01.2010 22:00;46.06;49.54;;48.52;42.57
12.01.2010 23:00;44.38;47.13;;46.17;42.10
13.01.2010 00:00;46.00;46.00;;49.38;42.12
13.01.2010 01:00;45.52;45.52;;47.48;42.04
13.01.2010 02:00;44.84;44.84;;47.06;42.00
13.01.2010 03:00;44.94;44.94;;46.97;42.00
13.01.2010 04:00;46.14;46.14;;47.59;42.02
13.01.2010 05:00;47.78;48.16;;47.78;42.18
13.01.2010 06:00;48.55;50.31;;48.58;42.90
13.01.2010 07:00;54.66;50.72;;54.66;44.26
13.01.2010 08:00;55.30;50.86;;55.30;46.76
13.01.2010 09:00;54.78;50.75;;54.78;47.42
13.01.2010 10:00;54.00;50.99;;54.77;47.60
13.01.2010 11:00;54.81;51.42;;54.81;47.33
13.01.2010 12:00;53.94;51.15;;53.94;45.86
13.01.2010 13:00;54.26;50.96;;54.26;45.31
13.01.2010 14:00;54.42;50.98;;54.42;44.68
13.01.2010 15:00;57.70;50.87;;57.70;44.33
13.01.2010 16:00;56.16;51.94;;56.16;44.94
13.01.2010 17:00;62.92;51.36;;62.92;49.90
13.01.2010 18:00;55.57;53.17;;55.57;53.17
13.01.2010 19:00;52.14;51.87;;52.14;44.68
13.01.2010 20:00;50.12;50.12;;51.50;43.68
13.01.2010 21:00;49.61;49.61;;49.78;42.87
13.01.2010 22:00;48.11;48.11;;50.06;43.20
13.01.2010 23:00;45.98;45.98;;49.11;42.35
14.01.2010 00:00;46.01;46.01;;49.38;41.97
14.01.2010 01:00;44.77;44.77;;47.88;41.91
14.01.2010 02:00;44.40;44.40;;47.53;41.85
14.01.2010 03:00;44.92;44.92;;47.05;41.85
14.01.2010 04:00;46.29;46.29;;47.75;41.91
14.01.2010 05:00;48.14;48.14;;49.24;41.99
14.01.2010 06:00;49.70;49.70;;49.70;43.13
14.01.2010 07:00;54.20;49.83;;54.20;46.03
14.01.2010 08:00;56.41;51.99;;56.41;51.99
14.01.2010 09:00;54.44;51.96;;56.44;51.96
14.01.2010 10:00;57.08;52.65;;57.08;52.65
14.01.2010 11:00;56.62;53.02;;56.62;53.02
14.01.2010 12:00;54.59;53.11;;54.59;53.11
14.01.2010 13:00;56.03;53.18;;56.03;53.18
14.01.2010 14:00;52.63;52.25;;52.63;52.25
14.01.2010 15:00;58.96;52.29;;58.96;52.29
14.01.2010 16:00;82.25;61.07;;82.25;61.07
14.01.2010 17:00;77.22;61.10;;77.22;61.10
14.01.2010 18:00;71.01;57.55;;71.01;57.55
14.01.2010 19:00;58.84;56.51;;58.84;56.51
14.01.2010 20:00;49.96;49.96;;50.13;49.96
14.01.2010 21:00;49.12;49.12;;49.52;45.95
14.01.2010 22:00;48.65;48.65;;50.01;46.90
14.01.2010 23:00;46.30;46.30;;48.41;43.63
15.01.2010 00:00;47.44;47.44;;50.73;42.57
15.01.2010 01:00;47.38;47.38;;47.38;42.21
15.01.2010 02:00;46.86;46.86;;46.86;42.18
15.01.2010 03:00;47.02;47.02;;47.02;42.17
15.01.2010 04:00;47.71;48.20;;48.20;42.24
15.01.2010 05:00;49.74;49.74;;49.74;42.86
15.01.2010 06:00;55.60;50.61;;55.60;44.22
15.01.2010 07:00;68.71;55.64;;95.04;51.81
15.01.2010 08:00;100.00;63.10;;100.02;63.10
15.01.2010 09:00;91.01;65.59;;91.01;65.59
15.01.2010 10:00;90.00;67.40;;89.99;67.40
15.01.2010 11:00;69.17;66.19;;69.17;66.19
15.01.2010 12:00;63.94;60.08;;63.94;60.08
15.01.2010 13:00;55.65;51.87;;55.65;51.87
15.01.2010 14:00;52.25;51.06;;52.25;51.06
15.01.2010 15:00;53.56;50.56;;53.56;49.00
15.01.2010 16:00;54.17;51.18;;54.17;46.93
15.01.2010 17:00;57.87;52.91;;73.51;52.91
15.01.2010 18:00;59.30;53.17;;65.20;53.17
15.01.2010 19:00;50.86;50.53;;53.39;49.08
15.01.2010 20:00;50.08;49.73;;50.08;44.41
15.01.2010 21:00;49.42;49.42;;49.42;42.93
15.01.2010 22:00;47.80;47.80;;50.00;42.82
15.01.2010 23:00;47.52;47.52;;49.19;42.60
16.01.2010 00:00;45.81;45.81;;45.81;43.15
16.01.2010 01:00;45.23;45.23;;45.23;42.14
16.01.2010 02:00;44.59;44.59;;44.59;42.11
16.01.2010 03:00;44.51;44.51;;44.51;42.00
16.01.2010 04:00;44.51;44.51;;44.51;42.01
16.01.2010 05:00;44.40;44.40;;44.40;42.13
16.01.2010 06:00;43.75;43.75;;43.75;42.27
16.01.2010 07:00;44.91;44.91;;44.91;42.47
16.01.2010 08:00;46.04;46.04;;46.04;42.55
16.01.2010 09:00;47.98;47.98;;47.98;43.02
16.01.2010 10:00;48.73;48.73;;48.73;43.26
16.01.2010 11:00;48.71;48.71;;48.71;43.28
16.01.2010 12:00;48.09;48.09;;48.09;43.15
16.01.2010 13:00;47.35;47.35;;47.35;42.91
16.01.2010 14:00;47.12;47.12;;47.12;42.81
16.01.2010 15:00;48.19;48.19;;48.19;42.84
16.01.2010 16:00;50.82;50.82;;50.82;43.45
16.01.2010 17:00;54.21;54.21;;54.21;43.96
16.01.2010 18:00;50.99;50.99;;50.99;44.15
16.01.2010 19:00;49.05;49.05;;49.05;43.92
16.01.2010 20:00;46.96;46.96;;46.96;43.43
16.01.2010 21:00;46.45;46.45;;46.45;42.83
16.01.2010 22:00;44.67;44.67;;44.67;42.77
16.01.2010 23:00;43.51;43.51;;43.51;42.58
17.01.2010 00:00;43.64;43.64;;45.52;42.26
17.01.2010 01:00;43.10;43.10;;44.64;42.06
17.01.2010 02:00;41.96;41.96;;45.12;41.95
17.01.2010 03:00;41.87;41.87;;45.35;41.87
17.01.2010 04:00;42.01;42.01;;45.25;41.87
17.01.2010 05:00;42.56;42.56;;45.18;41.95
17.01.2010 06:00;42.25;42.25;;45.63;42.05
17.01.2010 07:00;43.21;43.21;;45.61;42.27
17.01.2010 08:00;43.60;43.60;;44.97;42.25
17.01.2010 09:00;44.45;44.45;;45.78;42.40
17.01.2010 10:00;45.59;45.59;;49.83;42.69
17.01.2010 11:00;46.20;46.20;;49.27;43.44
17.01.2010 12:00;45.74;45.74;;48.00;43.67
17.01.2010 13:00;45.27;45.27;;46.97;42.84
17.01.2010 14:00;45.64;45.64;;47.13;42.73
17.01.2010 15:00;46.74;46.74;;47.64;42.90
17.01.2010 16:00;48.97;48.97;;50.06;43.55
17.01.2010 17:00;49.64;49.64;;50.72;44.79
17.01.2010 18:00;49.49;49.49;;50.73;46.86
17.01.2010 19:00;48.69;48.69;;50.18;48.44
17.01.2010 20:00;47.65;47.65;;50.07;44.88
17.01.2010 21:00;49.41;49.41;;49.41;43.51
17.01.2010 22:00;46.23;46.23;;48.01;43.80
17.01.2010 23:00;44.37;44.37;;46.75;42.68
18.01.2010 00:00;43.60;43.60;;43.60;41.90
18.01.2010 01:00;43.10;43.10;;43.10;41.76
18.01.2010 02:00;43.07;43.07;;43.07;41.72
18.01.2010 03:00;43.17;43.17;;43.17;41.76
18.01.2010 04:00;43.67;43.67;;43.67;42.32
18.01.2010 05:00;46.50;46.50;;46.50;43.24
18.01.2010 06:00;49.47;49.47;;49.47;43.93
18.01.2010 07:00;56.35;51.45;;56.35;46.95
18.01.2010 08:00;58.07;52.48;;58.07;52.48
18.01.2010 09:00;55.46;55.28;;55.46;55.28
18.01.2010 10:00;53.69;53.69;;53.69;53.69
18.01.2010 11:00;53.75;53.75;;53.75;53.75
18.01.2010 12:00;53.05;53.05;;53.05;53.05
18.01.2010 13:00;51.44;51.44;;51.44;51.44
18.01.2010 14:00;49.79;49.79;;49.79;49.76
18.01.2010 15:00;50.49;50.49;;50.49;47.53
18.01.2010 16:00;52.95;50.75;;52.95;50.64
18.01.2010 17:00;58.37;53.49;;58.37;53.49
18.01.2010 18:00;53.95;53.95;;53.95;53.95
18.01.2010 19:00;50.73;50.39;;50.73;50.39
18.01.2010 20:00;47.59;47.59;;47.59;45.13
18.01.2010 21:00;46.90;46.90;;46.90;44.20
18.01.2010 22:00;46.36;46.36;;46.36;45.75
18.01.2010 23:00;44.34;44.34;;44.34;43.62
19.01.2010 00:00;44.29;44.29;;44.29;43.14
19.01.2010 01:00;43.56;43.56;;43.56;42.42
19.01.2010 02:00;43.02;43.02;;43.02;42.38
19.01.2010 03:00;43.36;43.36;;43.36;42.40
19.01.2010 04:00;44.15;44.15;;44.15;42.50
19.01.2010 05:00;46.02;46.02;;46.02;42.70
19.01.2010 06:00;48.98;48.98;;48.98;43.86
19.01.2010 07:00;52.00;50.30;;52.00;46.43
19.01.2010 08:00;53.92;53.79;;53.92;53.79
19.01.2010 09:00;52.30;52.05;;52.30;52.05
19.01.2010 10:00;52.26;51.97;;52.26;51.97
19.01.2010 11:00;53.13;53.09;;53.13;53.09
19.01.2010 12:00;53.02;53.02;;53.02;53.02
19.01.2010 13:00;51.95;51.95;;51.95;51.95
19.01.2010 14:00;51.07;50.91;;51.07;50.91
19.01.2010 15:00;52.23;49.40;;52.23;48.08
19.01.2010 16:00;55.78;50.22;;55.78;49.10
19.01.2010 17:00;59.33;53.80;;59.33;53.80
19.01.2010 18:00;61.20;53.38;;61.20;53.38
19.01.2010 19:00;52.03;50.66;;52.03;50.66
19.01.2010 20:00;48.76;48.76;;48.76;46.07
19.01.2010 21:00;47.32;47.32;;47.32;43.84
19.01.2010 22:00;47.09;47.09;;47.09;44.46
19.01.2010 23:00;44.59;44.59;;45.94;43.50
20.01.2010 00:00;44.54;44.54;;44.54;42.62
20.01.2010 01:00;43.68;43.68;;43.68;42.47
20.01.2010 02:00;43.20;43.20;;43.20;42.43
20.01.2010 03:00;43.38;43.38;;43.38;42.45
20.01.2010 04:00;44.15;44.15;;44.15;42.51
20.01.2010 05:00;46.05;46.05;;46.05;42.68
20.01.2010 06:00;47.30;47.30;;47.30;43.89
20.01.2010 07:00;51.41;51.41;;51.41;47.22
20.01.2010 08:00;52.01;52.01;;52.01;52.01
20.01.2010 09:00;51.40;51.40;;51.40;51.40
20.01.2010 10:00;51.12;51.12;;51.12;51.12
20.01.2010 11:00;51.24;51.24;;51.24;51.24
20.01.2010 12:00;49.98;49.98;;49.98;49.98
20.01.2010 13:00;49.33;49.33;;49.33;48.20
20.01.2010 14:00;49.23;49.23;;49.23;46.59
20.01.2010 15:00;49.64;49.64;;49.64;46.67
20.01.2010 16:00;51.32;51.32;;51.32;46.75
20.01.2010 17:00;51.90;51.90;;51.90;51.90
20.01.2010 18:00;50.97;50.97;;50.97;50.97
20.01.2010 19:00;49.18;49.18;;49.18;45.54
20.01.2010 20:00;48.27;48.27;;48.27;43.90
20.01.2010 21:00;47.48;47.48;;47.48;43.28
20.01.2010 22:00;46.75;46.75;;46.75;43.43
20.01.2010 23:00;44.59;44.59;;44.59;43.08
21.01.2010 00:00;45.52;45.52;;45.52;43.27
21.01.2010 01:00;44.91;44.91;;44.91;43.18
21.01.2010 02:00;44.61;44.61;;44.61;43.14
21.01.2010 03:00;44.66;44.66;;44.66;43.15
21.01.2010 04:00;45.46;45.46;;45.46;43.24
21.01.2010 05:00;47.16;47.16;;47.16;43.40
21.01.2010 06:00;48.64;48.64;;48.64;44.77
21.01.2010 07:00;58.93;50.88;;58.93;47.51
21.01.2010 08:00;61.76;52.01;;61.76;49.51
21.01.2010 09:00;54.78;53.29;;54.78;53.29
21.01.2010 10:00;54.23;53.56;;54.23;53.56
21.01.2010 11:00;54.34;54.30;;54.34;54.30
21.01.2010 12:00;51.83;51.47;;51.83;51.47
21.01.2010 13:00;51.35;51.35;;51.35;51.35
21.01.2010 14:00;50.84;50.84;;50.84;49.96
21.01.2010 15:00;51.26;50.54;;51.26;47.07
21.01.2010 16:00;54.60;50.07;;54.60;50.00
21.01.2010 17:00;60.05;55.33;;60.05;55.33
21.01.2010 18:00;60.82;54.15;;60.82;54.15
21.01.2010 19:00;53.60;49.67;;53.60;49.67
21.01.2010 20:00;48.88;48.88;;48.88;46.54
21.01.2010 21:00;48.83;48.83;;48.83;45.15
21.01.2010 22:00;47.96;47.96;;47.96;44.93
21.01.2010 23:00;45.98;45.98;;45.98;43.70
22.01.2010 00:00;45.87;45.87;;45.87;42.41
22.01.2010 01:00;45.42;45.42;;45.42;42.28
22.01.2010 02:00;45.13;45.13;;45.13;42.23
22.01.2010 03:00;45.28;45.28;;45.28;42.24
22.01.2010 04:00;46.09;46.09;;46.09;42.35
22.01.2010 05:00;48.17;48.17;;48.17;42.60
22.01.2010 06:00;49.12;49.12;;49.12;43.75
22.01.2010 07:00;63.22;49.92;;63.22;45.86
22.01.2010 08:00;61.50;51.97;;61.50;51.97
22.01.2010 09:00;57.78;52.09;;57.78;52.09
22.01.2010 10:00;54.68;50.99;;54.68;50.99
22.01.2010 11:00;55.49;50.19;;55.49;50.19
22.01.2010 12:00;51.95;50.47;;51.95;50.47
22.01.2010 13:00;50.42;50.42;;50.42;45.71
22.01.2010 14:00;49.77;49.77;;49.77;44.17
22.01.2010 15:00;49.96;49.28;;49.96;43.41
22.01.2010 16:00;53.74;49.63;;53.74;44.32
22.01.2010 17:00;62.48;49.65;;62.48;47.97
22.01.2010 18:00;52.72;50.06;;52.72;50.06
22.01.2010 19:00;48.77;48.77;;48.77;46.40
22.01.2010 20:00;47.17;47.17;;47.17;44.10
22.01.2010 21:00;47.12;47.12;;47.12;43.14
22.01.2010 22:00;46.05;46.05;;46.05;42.99
22.01.2010 23:00;45.22;45.22;;45.22;42.91
23.01.2010 00:00;47.59;47.59;;47.59;42.92
23.01.2010 01:00;46.74;46.74;;46.74;42.71
23.01.2010 02:00;45.92;45.92;;45.92;42.59
23.01.2010 03:00;45.89;45.89;;45.89;42.54
23.01.2010 04:00;46.31;46.31;;46.31;42.55
23.01.2010 05:00;46.01;46.01;;46.01;42.63
23.01.2010 06:00;46.97;46.97;;46.97;42.57
23.01.2010 07:00;47.77;47.77;;47.77;42.79
23.01.2010 08:00;47.98;47.98;;47.98;42.95
23.01.2010 09:00;48.58;48.58;;48.58;43.47
23.01.2010 10:00;49.79;49.79;;49.79;44.87
23.01.2010 11:00;49.66;49.66;;49.66;48.50
23.01.2010 12:00;48.95;48.95;;48.95;46.71
23.01.2010 13:00;48.69;48.69;;48.69;43.89
23.01.2010 14:00;48.81;48.81;;48.81;43.38
23.01.2010 15:00;50.80;50.80;;50.80;43.12
23.01.2010 16:00;55.48;51.86;;55.48;43.94
23.01.2010 17:00;66.66;52.64;;66.66;46.31
23.01.2010 18:00;60.97;53.57;;60.97;53.57
23.01.2010 19:00;52.97;51.56;;52.97;47.42
23.01.2010 20:00;48.99;48.99;;48.99;44.84
23.01.2010 21:00;48.78;48.78;;48.78;43.36
23.01.2010 22:00;48.55;48.55;;48.55;43.48
23.01.2010 23:00;46.33;46.33;;46.33;43.05
24.01.2010 00:00;48.08;48.08;;48.08;42.60
24.01.2010 01:00;47.05;47.05;;47.05;42.27
24.01.2010 02:00;46.65;46.65;;46.65;42.14
24.01.2010 03:00;46.39;46.39;;46.39;42.10
24.01.2010 04:00;46.42;46.42;;46.42;42.10
24.01.2010 05:00;45.74;45.74;;45.74;42.14
24.01.2010 06:00;46.31;46.31;;46.31;42.28
24.01.2010 07:00;46.42;46.42;;46.42;42.49
24.01.2010 08:00;46.43;46.43;;46.43;42.61
24.01.2010 09:00;47.13;47.13;;47.13;42.57
24.01.2010 10:00;48.45;48.45;;48.45;43.54
24.01.2010 11:00;49.86;49.86;;49.86;44.09
24.01.2010 12:00;49.67;49.67;;49.67;44.48
24.01.2010 13:00;48.29;48.29;;48.29;43.56
24.01.2010 14:00;48.44;48.44;;48.44;43.26
24.01.2010 15:00;49.60;49.60;;49.60;43.24
24.01.2010 16:00;51.88;51.88;;51.88;43.34
24.01.2010 17:00;58.49;55.53;;58.49;44.31
24.01.2010 18:00;60.05;55.04;;60.05;48.77
24.01.2010 19:00;55.05;55.05;;55.05;48.17
24.01.2010 20:00;51.39;51.39;;51.39;44.54
24.01.2010 21:00;49.71;49.71;;49.71;43.68
24.01.2010 22:00;48.34;48.34;;48.34;43.85
24.01.2010 23:00;45.74;45.74;;45.74;43.33
25.01.2010 00:00;47.71;47.71;;47.71;43.58
25.01.2010 01:00;46.84;46.84;;46.84;43.42
25.01.2010 02:00;46.75;46.75;;46.75;43.38
25.01.2010 03:00;46.83;46.83;;46.83;43.41
25.01.2010 04:00;48.41;48.41;;48.41;43.50
25.01.2010 05:00;50.26;50.26;;50.26;43.79
25.01.2010 06:00;61.07;50.58;;61.07;44.58
25.01.2010 07:00;114.48;59.23;;114.48;50.25
25.01.2010 08:00;117.51;58.99;;117.51;55.69
25.01.2010 09:00;89.54;56.49;;89.54;56.49
25.01.2010 10:00;80.06;58.00;;80.06;58.00
25.01.2010 11:00;83.01;58.30;;83.01;58.30
25.01.2010 12:00;71.79;60.15;;71.79;60.15
25.01.2010 13:00;67.15;59.50;;67.15;59.50
25.01.2010 14:00;71.51;55.20;;71.51;55.20
25.01.2010 15:00;80.02;51.78;;80.02;51.20
25.01.2010 16:00;95.00;53.12;;95.00;51.00
25.01.2010 17:00;115.67;61.79;;115.67;61.79
25.01.2010 18:00;87.83;61.90;;87.83;61.90
25.01.2010 19:00;72.74;57.60;;72.74;57.60
25.01.2010 20:00;55.80;51.71;;55.80;46.24
25.01.2010 21:00;51.97;51.52;;51.97;44.57
25.01.2010 22:00;49.49;49.49;;49.49;44.93
25.01.2010 23:00;47.05;47.05;;47.05;44.17
26.01.2010 00:00;48.90;48.90;;48.90;43.71
26.01.2010 01:00;48.21;48.21;;48.21;43.52
26.01.2010 02:00;47.70;47.70;;47.70;43.44
26.01.2010 03:00;47.80;47.80;;47.80;43.46
26.01.2010 04:00;48.84;48.84;;48.84;43.56
26.01.2010 05:00;51.97;49.32;;51.97;43.84
26.01.2010 06:00;55.78;49.25;;55.78;44.89
26.01.2010 07:00;99.29;52.48;;99.29;52.48
26.01.2010 08:00;108.83;64.99;;108.83;64.99
26.01.2010 09:00;94.92;68.20;;94.92;68.20
26.01.2010 10:00;80.07;69.70;;80.07;69.70
26.01.2010 11:00;69.89;69.89;;69.89;69.89
26.01.2010 12:00;64.19;64.19;;64.19;64.19
26.01.2010 13:00;63.74;63.74;;63.74;63.74
26.01.2010 14:00;63.06;63.06;;63.06;63.06
26.01.2010 15:00;62.14;60.01;;62.14;60.01
26.01.2010 16:00;97.58;57.10;;97.58;57.10
26.01.2010 17:00;108.90;68.19;;108.90;68.19
26.01.2010 18:00;91.44;76.89;;91.44;76.89
26.01.2010 19:00;63.41;60.64;;63.41;60.64
26.01.2010 20:00;53.20;53.20;;53.20;53.20
26.01.2010 21:00;52.28;50.40;;52.28;46.57
26.01.2010 22:00;49.83;49.83;;49.83;49.13
26.01.2010 23:00;46.77;46.77;;46.77;44.89
27.01.2010 00:00;49.23;49.23;;49.23;45.41
27.01.2010 01:00;47.96;47.96;;47.96;44.50
27.01.2010 02:00;47.45;47.45;;47.45;43.82
27.01.2010 03:00;47.38;47.38;;47.38;43.44
27.01.2010 04:00;48.77;48.77;;48.77;43.53
27.01.2010 05:00;50.12;50.12;;50.12;44.15
27.01.2010 06:00;52.84;51.95;;52.84;45.40
27.01.2010 07:00;61.28;61.28;;61.28;56.49
27.01.2010 08:00;70.92;70.92;;70.92;70.92
27.01.2010 09:00;64.23;64.23;;64.23;64.23
27.01.2010 10:00;66.94;66.94;;66.94;57.01
27.01.2010 11:00;70.50;70.50;;70.50;48.69
27.01.2010 12:00;58.88;58.88;;58.88;45.99
27.01.2010 13:00;55.05;55.05;;55.05;45.13
27.01.2010 14:00;52.42;52.42;;52.42;44.26
27.01.2010 15:00;52.88;52.88;;52.88;44.02
27.01.2010 16:00;54.43;54.43;;54.43;43.85
27.01.2010 17:00;57.43;57.43;;57.43;45.14
27.01.2010 18:00;52.71;52.71;;52.71;44.96
27.01.2010 19:00;51.84;51.84;;51.84;44.33
27.01.2010 20:00;49.63;49.63;;49.63;43.83
27.01.2010 21:00;49.72;49.72;;49.72;43.39
27.01.2010 22:00;47.97;47.97;;47.97;43.33
27.01.2010 23:00;46.16;46.16;;46.16;42.98
28.01.2010 00:00;48.03;48.03;;48.03;44.74
28.01.2010 01:00;47.04;47.04;;47.04;44.54
28.01.2010 02:00;46.67;46.67;;46.67;44.50
28.01.2010 03:00;46.89;46.89;;46.89;44.53
28.01.2010 04:00;48.50;48.50;;48.50;44.59
28.01.2010 05:00;51.27;51.27;;51.27;44.66
28.01.2010 06:00;54.44;54.44;;54.44;45.20
28.01.2010 07:00;63.35;59.84;;63.35;46.76
28.01.2010 08:00;68.08;63.25;;68.08;47.22
28.01.2010 09:00;62.77;60.23;;62.77;47.03
28.01.2010 10:00;61.12;61.12;;61.12;47.42
28.01.2010 11:00;62.41;60.45;;62.41;47.28
28.01.2010 12:00;59.89;59.89;;59.89;46.43
28.01.2010 13:00;56.69;56.69;;56.69;45.47
28.01.2010 14:00;56.54;56.54;;56.54;45.26
28.01.2010 15:00;59.64;59.64;;59.64;45.28
28.01.2010 16:00;80.02;61.02;;80.02;45.64
28.01.2010 17:00;95.09;66.38;;95.09;47.10
28.01.2010 18:00;85.11;59.88;;85.11;49.98
28.01.2010 19:00;64.42;64.42;;64.42;47.57
28.01.2010 20:00;58.31;58.31;;58.31;45.73
28.01.2010 21:00;58.87;58.87;;58.87;45.37
28.01.2010 22:00;53.14;53.14;;53.14;45.34
28.01.2010 23:00;50.86;50.86;;50.86;45.15
29.01.2010 00:00;53.06;53.06;;53.06;45.04
29.01.2010 01:00;52.61;52.61;;52.61;44.32
29.01.2010 02:00;52.27;52.27;;52.27;44.30
29.01.2010 03:00;52.63;52.63;;52.63;44.24
29.01.2010 04:00;53.96;53.96;;53.96;44.27
29.01.2010 05:00;58.72;58.54;;58.72;44.32
29.01.2010 06:00;76.80;60.70;;76.80;45.62
29.01.2010 07:00;209.70;63.52;;209.70;48.93
29.01.2010 08:00;279.94;79.24;;279.94;52.06
29.01.2010 09:00;122.11;78.65;;122.11;53.78
29.01.2010 10:00;110.09;72.60;;110.09;52.70
29.01.2010 11:00;98.02;71.17;;98.02;52.52
29.01.2010 12:00;104.89;65.23;;104.89;50.95
29.01.2010 13:00;98.06;62.19;;98.06;49.89
29.01.2010 14:00;81.08;62.85;;81.08;49.60
29.01.2010 15:00;90.02;62.29;;90.02;49.30
29.01.2010 16:00;91.35;67.67;;91.35;49.92
29.01.2010 17:00;117.60;72.32;;117.60;50.46
29.01.2010 18:00;86.89;70.85;;86.89;50.94
29.01.2010 19:00;73.34;73.34;;73.34;48.98
29.01.2010 20:00;57.12;57.12;;57.12;46.82
29.01.2010 21:00;58.19;58.19;;58.19;45.65
29.01.2010 22:00;53.85;53.85;;53.85;45.16
29.01.2010 23:00;53.31;53.31;;53.31;44.88
30.01.2010 00:00;56.74;56.74;;56.74;44.93
30.01.2010 01:00;56.04;56.04;;56.04;44.79
30.01.2010 02:00;55.42;55.42;;55.42;44.68
30.01.2010 03:00;55.26;55.26;;55.26;44.56
30.01.2010 04:00;55.88;55.88;;55.88;44.70
30.01.2010 05:00;56.75;56.75;;56.75;44.78
30.01.2010 06:00;58.18;58.18;;58.18;44.77
30.01.2010 07:00;56.60;56.60;;56.60;44.97
30.01.2010 08:00;55.92;55.92;;55.92;44.97
30.01.2010 09:00;56.84;56.84;;56.84;45.16
30.01.2010 10:00;58.45;58.45;;58.45;45.53
30.01.2010 11:00;58.90;58.90;;58.90;45.62
30.01.2010 12:00;57.47;57.47;;57.47;45.58
30.01.2010 13:00;56.43;56.43;;56.43;45.41
30.01.2010 14:00;56.40;56.40;;56.40;45.17
30.01.2010 15:00;58.14;58.14;;58.14;45.24
30.01.2010 16:00;69.49;69.49;;69.49;45.63
30.01.2010 17:00;92.06;92.06;;92.06;48.31
30.01.2010 18:00;84.20;84.20;;84.20;55.30
30.01.2010 19:00;64.49;64.49;;64.49;48.49
30.01.2010 20:00;58.56;58.56;;58.56;45.99
30.01.2010 21:00;60.05;60.05;;60.05;45.12
30.01.2010 22:00;57.49;57.49;;57.49;45.09
30.01.2010 23:00;57.02;57.02;;57.02;44.99
31.01.2010 00:00;59.06;59.06;;59.06;46.20
31.01.2010 01:00;58.84;58.84;;58.84;46.11
31.01.2010 02:00;57.74;57.74;;57.74;46.25
31.01.2010 03:00;57.31;57.31;;57.31;46.17
31.01.2010 04:00;57.38;57.38;;57.38;46.17
31.01.2010 05:00;58.31;58.31;;58.31;46.27
31.01.2010 06:00;58.46;58.46;;58.46;46.42
31.01.2010 07:00;58.00;58.00;;58.00;45.78
31.01.2010 08:00;57.16;57.16;;57.16;45.91
31.01.2010 09:00;57.47;57.47;;57.47;45.92
31.01.2010 10:00;60.44;60.44;;60.44;45.96
31.01.2010 11:00;60.55;60.55;;60.55;45.98
31.01.2010 12:00;60.85;60.85;;60.85;46.06
31.01.2010 13:00;59.38;59.38;;59.38;46.09
31.01.2010 14:00;58.80;58.80;;58.80;46.06
31.01.2010 15:00;60.85;60.85;;60.85;46.06
31.01.2010 16:00;67.78;67.78;;67.78;46.22
31.01.2010 17:00;79.50;79.50;;79.50;46.43
31.01.2010 18:00;75.19;75.19;;75.19;47.77
31.01.2010 19:00;64.85;64.85;;64.85;47.05
31.01.2010 20:00;60.79;60.79;;60.79;46.34
31.01.2010 21:00;59.59;59.59;;59.59;46.10
31.01.2010 22:00;57.31;57.31;;57.31;45.88
31.01.2010 23:00;56.45;56.45;;56.45;45.86
01.02.2010 00:00;59.40;59.40;;59.40;46.96
01.02.2010 01:00;58.37;58.37;;58.37;47.27
01.02.2010 02:00;56.18;56.18;;56.18;47.23
01.02.2010 03:00;56.35;56.35;;56.35;47.27
01.02.2010 04:00;58.37;58.37;;58.37;47.18
01.02.2010 05:00;59.08;59.08;;59.08;46.93
01.02.2010 06:00;61.79;61.79;;61.79;47.20
01.02.2010 07:00;99.97;99.97;;99.97;48.26
01.02.2010 08:00;100.99;100.99;;100.99;52.16
01.02.2010 09:00;87.65;87.65;;87.65;51.93
01.02.2010 10:00;87.73;87.73;;87.73;50.16
01.02.2010 11:00;83.49;83.49;;83.49;52.34
01.02.2010 12:00;87.40;87.40;;87.40;50.06
01.02.2010 13:00;79.90;79.90;;79.90;52.06
01.02.2010 14:00;75.19;75.19;;75.19;50.02
01.02.2010 15:00;80.01;80.01;;80.01;48.62
01.02.2010 16:00;88.31;88.31;;88.31;50.07
01.02.2010 17:00;106.12;106.12;;106.12;62.39
01.02.2010 18:00;103.56;103.56;;103.56;61.88
01.02.2010 19:00;83.95;83.95;;83.95;52.02
01.02.2010 20:00;68.32;68.32;;68.32;48.76
01.02.2010 21:00;62.01;62.01;;62.01;48.03
01.02.2010 22:00;58.65;58.65;;58.65;47.25
01.02.2010 23:00;55.82;55.82;;55.82;46.96
02.02.2010 00:00;59.19;59.19;;59.19;48.41
02.02.2010 01:00;59.65;59.65;;59.65;48.30
02.02.2010 02:00;58.54;58.54;;58.54;48.25
02.02.2010 03:00;57.72;57.72;;57.72;48.26
02.02.2010 04:00;59.64;59.64;;59.64;48.30
02.02.2010 05:00;59.70;59.70;;59.70;48.15
02.02.2010 06:00;60.92;60.92;;60.92;47.88
02.02.2010 07:00;85.97;85.38;;85.97;48.59
02.02.2010 08:00;100.09;88.84;;100.09;50.07
02.02.2010 09:00;82.36;79.40;;82.36;48.99
02.02.2010 10:00;84.80;73.18;;84.80;48.68
02.02.2010 11:00;86.20;67.71;;86.20;48.49
02.02.2010 12:00;75.59;65.64;;75.59;48.32
02.02.2010 13:00;72.57;64.36;;72.57;48.33
02.02.2010 14:00;65.58;63.85;;65.58;48.22
02.02.2010 15:00;68.60;63.68;;68.60;48.22
02.02.2010 16:00;89.39;65.20;;89.39;48.28
02.02.2010 17:00;108.67;66.54;;108.67;48.79
02.02.2010 18:00;85.29;64.93;;85.29;49.54
02.02.2010 19:00;69.76;65.19;;69.76;48.18
02.02.2010 20:00;61.89;61.89;;61.89;48.24
02.02.2010 21:00;60.90;60.90;;60.90;48.32
02.02.2010 22:00;58.18;58.18;;58.18;48.35
02.02.2010 23:00;56.12;56.12;;56.12;48.58
03.02.2010 00:00;58.20;58.20;;58.20;48.51
03.02.2010 01:00;56.89;56.89;;56.89;48.35
03.02.2010 02:00;55.99;55.99;;55.99;48.32
03.02.2010 03:00;56.33;56.33;;56.33;48.33
03.02.2010 04:00;58.38;58.38;;58.38;48.40
03.02.2010 05:00;60.04;60.04;;60.04;48.28
03.02.2010 06:00;60.82;60.82;;60.82;48.24
03.02.2010 07:00;66.51;71.11;;66.51;48.95
03.02.2010 08:00;69.23;73.09;;69.23;49.95
03.02.2010 09:00;68.02;70.70;;68.02;49.99
03.02.2010 10:00;69.14;69.35;;69.14;50.09
03.02.2010 11:00;69.09;69.09;;69.09;50.29
03.02.2010 12:00;67.91;67.91;;67.91;49.96
03.02.2010 13:00;66.60;67.25;;66.60;49.99
03.02.2010 14:00;64.25;67.13;;64.25;50.04
03.02.2010 15:00;67.21;67.21;;67.21;49.25
03.02.2010 16:00;71.79;71.79;;71.79;49.98
03.02.2010 17:00;79.43;73.59;;79.43;53.74
03.02.2010 18:00;69.80;69.80;;69.80;62.77
03.02.2010 19:00;67.53;67.53;;67.53;50.57
03.02.2010 20:00;62.70;62.70;;62.70;49.18
03.02.2010 21:00;61.03;61.03;;61.03;48.64
03.02.2010 22:00;58.88;58.88;;58.88;48.49
03.02.2010 23:00;57.34;57.34;;57.34;48.31
04.02.2010 00:00;56.61;56.61;;56.61;47.38
04.02.2010 01:00;56.62;56.62;;56.62;47.12
04.02.2010 02:00;55.95;55.95;;55.95;47.02
04.02.2010 03:00;56.49;56.49;;56.49;47.05
04.02.2010 04:00;57.91;57.91;;57.91;47.20
04.02.2010 05:00;59.43;59.43;;59.43;47.19
04.02.2010 06:00;61.12;61.12;;61.12;48.92
04.02.2010 07:00;65.54;65.54;;65.54;51.69
04.02.2010 08:00;65.93;65.93;;65.93;53.55
04.02.2010 09:00;65.78;65.78;;65.78;57.28
04.02.2010 10:00;66.23;66.23;;66.23;57.97
04.02.2010 11:00;66.57;66.57;;66.57;59.87
04.02.2010 12:00;65.75;65.75;;65.75;56.70
04.02.2010 13:00;64.96;64.96;;64.96;53.92
04.02.2010 14:00;63.60;63.60;;63.60;50.34
04.02.2010 15:00;63.60;63.60;;63.60;49.07
04.02.2010 16:00;65.99;65.99;;65.99;49.16
04.02.2010 17:00;68.99;68.99;;68.99;54.11
04.02.2010 18:00;68.02;68.02;;68.02;67.45
04.02.2010 19:00;64.00;64.53;;64.00;50.86
04.02.2010 20:00;62.36;62.36;;62.36;49.03
04.02.2010 21:00;61.71;61.71;;61.71;48.63
04.02.2010 22:00;59.87;59.87;;59.87;47.65
04.02.2010 23:00;58.11;58.11;;58.11;47.28
05.02.2010 00:00;54.90;54.90;;54.90;47.41
05.02.2010 01:00;54.39;54.39;;54.39;47.34
05.02.2010 02:00;54.22;54.22;;54.22;47.26
05.02.2010 03:00;54.49;54.49;;54.49;47.26
05.02.2010 04:00;56.08;56.08;;56.08;47.01
05.02.2010 05:00;57.35;57.35;;57.35;47.07
05.02.2010 06:00;59.60;59.60;;59.60;47.31
05.02.2010 07:00;63.56;63.56;;63.56;47.80
05.02.2010 08:00;64.30;64.30;;64.30;48.91
05.02.2010 09:00;62.60;62.60;;62.60;49.15
05.02.2010 10:00;62.01;62.01;;62.01;49.80
05.02.2010 11:00;60.90;60.90;;60.90;50.79
05.02.2010 12:00;60.29;60.29;;60.29;48.91
05.02.2010 13:00;59.88;59.88;;59.88;47.64
05.02.2010 14:00;59.41;59.41;;59.41;47.62
05.02.2010 15:00;59.28;59.28;;59.28;47.49
05.02.2010 16:00;60.09;60.09;;60.09;47.44
05.02.2010 17:00;60.81;61.58;;60.81;48.44
05.02.2010 18:00;60.28;61.83;;60.28;49.51
05.02.2010 19:00;59.56;59.56;;59.56;48.31
05.02.2010 20:00;58.47;58.47;;58.47;47.25
05.02.2010 21:00;57.68;57.68;;57.68;47.30
05.02.2010 22:00;56.27;56.27;;56.27;47.33
05.02.2010 23:00;53.10;53.10;;53.38;47.13
06.02.2010 00:00;50.51;50.51;;50.51;47.58
06.02.2010 01:00;49.11;49.11;;49.11;47.40
06.02.2010 02:00;48.15;48.15;;48.15;47.32
06.02.2010 03:00;47.98;47.98;;47.98;47.02
06.02.2010 04:00;48.79;48.79;;48.79;47.04
06.02.2010 05:00;51.44;51.44;;51.44;47.04
06.02.2010 06:00;52.50;52.50;;52.50;46.88
06.02.2010 07:00;52.05;52.05;;52.05;46.95
06.02.2010 08:00;52.41;52.41;;52.41;47.15
06.02.2010 09:00;54.68;54.68;;54.68;47.42
06.02.2010 10:00;56.19;56.19;;56.19;47.64
06.02.2010 11:00;56.16;56.16;;56.16;48.02
06.02.2010 12:00;55.50;55.50;;55.50;47.85
06.02.2010 13:00;54.39;54.39;;54.39;47.54
06.02.2010 14:00;54.03;54.03;;54.03;47.48
06.02.2010 15:00;55.50;55.50;;55.50;47.39
06.02.2010 16:00;57.41;57.41;;57.41;47.49
06.02.2010 17:00;60.16;60.16;;60.16;47.84
06.02.2010 18:00;59.71;59.71;;59.71;48.91
06.02.2010 19:00;57.76;57.76;;57.76;49.47
06.02.2010 20:00;56.29;56.29;;56.29;48.01
06.02.2010 21:00;56.41;56.41;;56.41;47.48
06.02.2010 22:00;54.93;54.93;;54.93;47.38
06.02.2010 23:00;53.07;53.07;;53.07;47.26
07.02.2010 00:00;52.89;52.89;;52.89;47.57
07.02.2010 01:00;52.00;52.00;;52.00;47.40
07.02.2010 02:00;50.98;50.98;;50.98;47.30
07.02.2010 03:00;50.52;50.52;;50.52;46.97
07.02.2010 04:00;51.14;51.14;;51.14;46.98
07.02.2010 05:00;52.58;52.58;;52.58;47.05
07.02.2010 06:00;53.98;53.98;;53.98;46.93
07.02.2010 07:00;52.62;52.62;;52.62;46.83
07.02.2010 08:00;52.85;52.85;;52.85;46.99
07.02.2010 09:00;55.00;55.00;;55.00;47.30
07.02.2010 10:00;56.20;56.20;;56.20;47.57
07.02.2010 11:00;56.35;56.35;;56.35;47.60
07.02.2010 12:00;55.79;55.79;;55.79;47.56
07.02.2010 13:00;54.03;54.03;;54.03;47.52
07.02.2010 14:00;53.27;53.27;;53.27;47.51
07.02.2010 15:00;55.12;55.12;;55.12;47.43
07.02.2010 16:00;57.37;57.37;;57.37;47.41
07.02.2010 17:00;60.29;60.29;;60.29;48.15
07.02.2010 18:00;60.16;60.16;;60.16;49.93
07.02.2010 19:00;58.90;59.27;;58.90;48.76
07.02.2010 20:00;57.13;57.71;;57.13;47.69
07.02.2010 21:00;57.33;57.33;;57.33;47.71
07.02.2010 22:00;55.65;55.65;;55.65;47.74
07.02.2010 23:00;53.91;53.91;;53.91;47.43
08.02.2010 00:00;53.89;53.89;;53.89;47.54
08.02.2010 01:00;53.80;53.80;;53.80;47.44
08.02.2010 02:00;53.34;53.34;;53.34;47.38
08.02.2010 03:00;54.71;54.71;;54.71;47.38
08.02.2010 04:00;56.55;56.55;;56.55;47.16
08.02.2010 05:00;59.49;59.49;;59.49;48.29
08.02.2010 06:00;60.90;60.90;;60.90;49.91
08.02.2010 07:00;68.57;68.57;;68.57;55.41
08.02.2010 08:00;68.92;68.92;;68.92;60.39
08.02.2010 09:00;65.55;65.55;;65.55;62.60
08.02.2010 10:00;65.00;65.00;;65.00;60.99
08.02.2010 11:00;64.64;64.64;;64.64;60.34
08.02.2010 12:00;64.15;64.15;;64.15;59.55
08.02.2010 13:00;61.22;62.97;;61.22;57.03
08.02.2010 14:00;60.99;62.61;;60.99;53.64
08.02.2010 15:00;61.25;62.08;;61.25;49.54
08.02.2010 16:00;63.51;63.51;;63.51;48.91
08.02.2010 17:00;66.02;66.02;;66.02;53.92
08.02.2010 18:00;71.69;66.03;;71.69;56.99
08.02.2010 19:00;64.66;64.66;;64.66;54.34
08.02.2010 20:00;60.35;60.35;;60.35;50.55
08.02.2010 21:00;60.15;60.15;;60.15;48.87
08.02.2010 22:00;57.15;57.15;;57.15;48.63
08.02.2010 23:00;55.86;55.86;;55.86;47.32
09.02.2010 00:00;55.55;55.55;;55.55;48.27
09.02.2010 01:00;55.74;55.74;;55.74;48.06
09.02.2010 02:00;55.59;55.59;;55.59;47.98
09.02.2010 03:00;56.24;56.24;;56.24;48.12
09.02.2010 04:00;57.19;57.19;;57.19;48.23
09.02.2010 05:00;59.00;59.00;;59.00;48.13
09.02.2010 06:00;62.00;62.00;;62.00;48.92
09.02.2010 07:00;67.75;65.69;;67.75;52.01
09.02.2010 08:00;71.11;71.11;;71.11;60.96
09.02.2010 09:00;65.88;65.70;;65.88;63.59
09.02.2010 10:00;65.70;65.70;;65.70;64.29
09.02.2010 11:00;64.95;64.95;;64.95;61.52
09.02.2010 12:00;64.57;64.57;;64.57;60.53
09.02.2010 13:00;63.84;63.84;;63.84;57.28
09.02.2010 14:00;63.25;63.25;;63.25;55.79
09.02.2010 15:00;62.84;62.84;;62.84;53.33
09.02.2010 16:00;65.15;64.57;;65.15;51.67
09.02.2010 17:00;75.88;64.77;;75.88;58.98
09.02.2010 18:00;85.03;64.70;;85.03;59.96
09.02.2010 19:00;70.40;64.57;;70.40;55.03
09.02.2010 20:00;62.08;62.08;;62.08;52.53
09.02.2010 21:00;60.77;60.77;;60.77;49.88
09.02.2010 22:00;57.69;57.69;;57.69;48.90
09.02.2010 23:00;56.31;56.31;;56.31;47.67
10.02.2010 00:00;56.37;56.37;;56.37;49.13
10.02.2010 01:00;55.29;55.29;;55.29;49.00
10.02.2010 02:00;54.45;54.45;;54.45;49.02
10.02.2010 03:00;54.84;54.84;;54.84;49.02
10.02.2010 04:00;55.31;55.31;;55.31;48.85
10.02.2010 05:00;56.65;56.65;;56.65;48.64
10.02.2010 06:00;58.58;60.83;;58.58;49.59
10.02.2010 07:00;63.40;64.78;;63.40;54.23
10.02.2010 08:00;65.09;66.10;;65.09;62.67
10.02.2010 09:00;65.61;65.61;;65.61;60.88
10.02.2010 10:00;64.83;64.83;;64.83;58.91
10.02.2010 11:00;64.27;64.27;;64.27;57.08
10.02.2010 12:00;61.94;61.94;;61.94;56.30
10.02.2010 13:00;61.11;61.11;;61.11;54.08
10.02.2010 14:00;60.89;60.89;;60.89;53.60
10.02.2010 15:00;60.70;60.70;;60.70;50.07
10.02.2010 16:00;61.97;61.97;;61.97;50.01
10.02.2010 17:00;64.74;64.74;;64.74;57.49
10.02.2010 18:00;66.07;65.72;;66.07;57.01
10.02.2010 19:00;61.73;64.47;;61.73;51.99
10.02.2010 20:00;59.81;61.15;;59.81;49.63
10.02.2010 21:00;59.16;59.63;;59.16;49.18
10.02.2010 22:00;57.95;57.95;;57.95;49.01
10.02.2010 23:00;56.76;56.76;;56.76;48.76
11.02.2010 00:00;56.61;56.61;;56.61;49.27
11.02.2010 01:00;55.27;55.27;;55.27;49.15
11.02.2010 02:00;54.67;54.67;;54.67;49.09
11.02.2010 03:00;55.62;55.62;;55.62;48.91
11.02.2010 04:00;56.36;56.36;;56.36;48.96
11.02.2010 05:00;58.03;58.03;;58.03;49.00
11.02.2010 06:00;60.73;60.73;;60.73;48.99
11.02.2010 07:00;95.89;87.62;;95.89;49.84
11.02.2010 08:00;98.45;93.16;;98.45;54.71
11.02.2010 09:00;98.54;64.75;;98.54;61.80
11.02.2010 10:00;79.42;62.85;;79.42;58.90
11.02.2010 11:00;68.22;62.43;;68.22;58.28
11.02.2010 12:00;65.84;62.02;;65.84;54.00
11.02.2010 13:00;64.21;61.49;;64.21;50.00
11.02.2010 14:00;62.58;61.27;;62.58;49.62
11.02.2010 15:00;64.71;61.20;;64.71;49.46
11.02.2010 16:00;72.36;62.36;;72.36;49.87
11.02.2010 17:00;107.54;63.19;;107.54;55.27
11.02.2010 18:00;100.03;64.32;;100.03;60.00
11.02.2010 19:00;78.01;65.93;;78.01;51.21
11.02.2010 20:00;62.96;62.96;;62.96;49.64
11.02.2010 21:00;61.53;61.53;;61.53;49.32
11.02.2010 22:00;59.37;59.37;;59.37;49.23
11.02.2010 23:00;57.99;57.99;;57.99;49.05
12.02.2010 00:00;59.36;59.36;;59.36;50.80
12.02.2010 01:00;58.84;58.84;;58.84;50.74
12.02.2010 02:00;58.41;58.41;;58.41;50.70
12.02.2010 03:00;58.93;58.93;;58.93;50.61
12.02.2010 04:00;59.23;59.23;;59.23;50.59
12.02.2010 05:00;61.12;61.12;;61.12;50.56
12.02.2010 06:00;67.97;64.78;;67.97;50.62
12.02.2010 07:00;104.31;91.49;;104.31;52.72
12.02.2010 08:00;102.24;101.37;;102.24;60.01
12.02.2010 09:00;94.81;80.25;;94.81;59.94
12.02.2010 10:00;78.29;67.41;;78.29;61.55
12.02.2010 11:00;70.73;65.07;;70.73;60.06
12.02.2010 12:00;64.48;64.48;;64.48;52.42
12.02.2010 13:00;61.82;61.82;;61.82;50.74
12.02.2010 14:00;60.96;60.96;;60.96;50.52
12.02.2010 15:00;60.65;60.65;;60.65;50.41
12.02.2010 16:00;62.05;62.05;;62.05;50.28
12.02.2010 17:00;64.89;64.89;;64.89;50.68
12.02.2010 18:00;64.76;64.76;;64.76;52.95
12.02.2010 19:00;63.12;63.12;;63.12;50.67
12.02.2010 20:00;60.81;60.81;;60.81;50.38
12.02.2010 21:00;60.22;60.22;;60.22;50.47
12.02.2010 22:00;59.59;59.59;;59.59;50.53
12.02.2010 23:00;58.77;58.77;;58.77;50.49
13.02.2010 00:00;60.89;60.89;;60.89;52.56
13.02.2010 01:00;60.71;60.71;;60.71;52.65
13.02.2010 02:00;60.57;60.57;;60.57;52.61
13.02.2010 03:00;60.53;60.53;;60.53;52.58
13.02.2010 04:00;60.65;60.65;;60.65;52.53
13.02.2010 05:00;62.33;62.33;;62.33;52.55
13.02.2010 06:00;62.88;62.88;;62.88;52.55
13.02.2010 07:00;62.10;62.10;;62.10;52.46
13.02.2010 08:00;63.20;63.20;;63.20;52.54
13.02.2010 09:00;63.41;63.41;;63.41;52.60
13.02.2010 10:00;63.73;63.73;;63.73;52.59
13.02.2010 11:00;62.96;62.96;;62.96;52.56
13.02.2010 12:00;61.71;61.71;;61.71;52.51
13.02.2010 13:00;60.68;60.68;;60.68;52.47
13.02.2010 14:00;60.39;60.39;;60.39;52.60
13.02.2010 15:00;60.70;60.70;;60.70;52.57
13.02.2010 16:00;64.18;64.18;;64.18;52.60
13.02.2010 17:00;74.96;67.53;;74.96;52.90
13.02.2010 18:00;79.41;67.84;;79.41;57.47
13.02.2010 19:00;69.51;66.56;;69.51;52.96
13.02.2010 20:00;64.24;64.24;;64.24;52.46
13.02.2010 21:00;63.35;63.35;;63.35;52.64
13.02.2010 22:00;62.87;62.87;;62.87;52.56
13.02.2010 23:00;61.50;61.50;;61.50;52.50
14.02.2010 00:00;63.40;63.40;;63.40;54.23
14.02.2010 01:00;61.55;61.55;;61.55;54.28
14.02.2010 02:00;60.63;60.63;;60.63;54.19
14.02.2010 03:00;60.60;60.60;;60.60;54.16
14.02.2010 04:00;60.74;60.74;;60.74;54.18
14.02.2010 05:00;62.13;62.13;;62.13;54.22
14.02.2010 06:00;62.97;62.97;;62.97;54.18
14.02.2010 07:00;63.04;63.04;;63.04;53.85
14.02.2010 08:00;63.55;63.55;;63.55;53.91
14.02.2010 09:00;63.59;63.59;;63.59;53.98
14.02.2010 10:00;63.54;63.54;;63.54;54.12
14.02.2010 11:00;63.10;63.10;;63.10;53.95
14.02.2010 12:00;62.38;62.38;;62.38;53.64
14.02.2010 13:00;61.49;61.49;;61.49;53.60
14.02.2010 14:00;61.00;61.00;;61.00;53.61
14.02.2010 15:00;61.15;61.15;;61.15;53.60
14.02.2010 16:00;63.76;63.76;;63.76;53.53
14.02.2010 17:00;69.35;65.97;;69.35;53.57
14.02.2010 18:00;70.60;66.54;;70.60;54.55
14.02.2010 19:00;68.06;66.62;;68.06;54.34
14.02.2010 20:00;65.57;65.57;;65.57;53.79
14.02.2010 21:00;65.39;65.39;;65.39;53.95
14.02.2010 22:00;63.03;63.03;;63.03;54.08
14.02.2010 23:00;60.85;60.85;;60.85;54.01
15.02.2010 00:00;62.78;62.78;;62.78;54.76
15.02.2010 01:00;62.04;62.04;;62.04;54.68
15.02.2010 02:00;61.89;61.89;;61.89;54.65
15.02.2010 03:00;62.31;62.31;;62.31;54.45
15.02.2010 04:00;63.67;63.67;;63.67;54.51
15.02.2010 05:00;65.82;65.82;;65.82;54.52
15.02.2010 06:00;72.38;67.11;;72.38;54.57
15.02.2010 07:00;146.70;71.98;;146.70;55.11
15.02.2010 08:00;190.84;76.94;;190.84;55.81
15.02.2010 09:00;112.52;68.93;;112.52;63.10
15.02.2010 10:00;100.01;66.84;;100.01;63.29
15.02.2010 11:00;86.52;66.64;;86.52;64.90
15.02.2010 12:00;74.76;66.46;;74.76;60.96
15.02.2010 13:00;67.42;66.38;;67.42;61.92
15.02.2010 14:00;66.28;66.28;;66.28;57.87
15.02.2010 15:00;66.19;66.19;;66.19;55.49
15.02.2010 16:00;71.04;66.71;;71.04;55.57
15.02.2010 17:00;121.35;67.26;;121.35;59.33
15.02.2010 18:00;119.63;68.80;;119.63;62.11
15.02.2010 19:00;90.08;67.92;;90.08;55.94
15.02.2010 20:00;66.57;66.57;;66.57;55.42
15.02.2010 21:00;65.80;65.80;;65.80;54.93
15.02.2010 22:00;62.85;62.85;;62.85;54.91
15.02.2010 23:00;62.08;62.08;;62.08;54.71
16.02.2010 00:00;63.93;63.93;;63.93;54.96
16.02.2010 01:00;62.66;62.66;;62.66;54.84
16.02.2010 02:00;62.41;62.41;;62.41;55.03
16.02.2010 03:00;62.18;62.18;;62.18;55.02
16.02.2010 04:00;63.52;63.52;;63.52;55.10
16.02.2010 05:00;65.22;65.22;;65.22;54.65
16.02.2010 06:00;66.49;66.48;;66.49;54.84
16.02.2010 07:00;88.04;68.08;;88.04;55.43
16.02.2010 08:00;99.46;71.98;;99.46;56.26
16.02.2010 09:00;83.19;67.09;;83.19;59.95
16.02.2010 10:00;77.74;66.70;;77.74;59.99
16.02.2010 11:00;74.15;66.53;;74.15;61.36
16.02.2010 12:00;69.60;66.63;;69.60;59.90
16.02.2010 13:00;66.49;66.49;;66.49;59.37
16.02.2010 14:00;66.39;66.39;;66.39;55.40
16.02.2010 15:00;66.42;66.42;;66.42;54.92
16.02.2010 16:00;68.73;66.89;;68.73;54.75
16.02.2010 17:00;101.09;68.37;;101.09;55.54
16.02.2010 18:00;104.82;71.37;;104.82;57.79
16.02.2010 19:00;80.07;68.28;;80.07;55.49
16.02.2010 20:00;66.67;66.67;;66.67;54.96
16.02.2010 21:00;66.05;66.05;;66.05;55.19
16.02.2010 22:00;64.60;64.60;;64.60;55.10
16.02.2010 23:00;62.85;62.85;;62.85;54.86
17.02.2010 00:00;64.44;64.44;;64.44;55.87
17.02.2010 01:00;63.13;63.13;;63.13;55.78
17.02.2010 02:00;62.37;62.37;;62.37;55.94
17.02.2010 03:00;62.77;62.77;;62.77;55.94
17.02.2010 04:00;64.47;64.47;;64.47;56.00
17.02.2010 05:00;65.70;65.70;;65.70;55.73
17.02.2010 06:00;67.90;67.90;;67.90;55.85
17.02.2010 07:00;73.58;73.58;;73.58;56.19
17.02.2010 08:00;75.45;75.45;;75.45;57.04
17.02.2010 09:00;71.42;71.42;;71.42;58.40
17.02.2010 10:00;70.20;68.87;;70.20;59.67
17.02.2010 11:00;69.94;68.77;;69.94;60.60
17.02.2010 12:00;69.19;68.72;;69.19;56.97
17.02.2010 13:00;68.40;68.40;;68.40;56.86
17.02.2010 14:00;68.15;68.15;;68.15;57.00
17.02.2010 15:00;67.88;67.88;;67.88;56.49
17.02.2010 16:00;69.41;68.65;;69.41;55.89
17.02.2010 17:00;79.57;68.78;;79.57;56.67
17.02.2010 18:00;84.87;68.96;;84.87;58.56
17.02.2010 19:00;75.05;68.83;;75.05;56.62
17.02.2010 20:00;68.26;68.26;;68.26;56.26
17.02.2010 21:00;67.06;67.06;;67.06;56.26
17.02.2010 22:00;64.85;64.85;;64.85;56.16
17.02.2010 23:00;63.82;63.82;;63.82;55.89
18.02.2010 00:00;67.01;67.01;;67.01;57.30
18.02.2010 01:00;66.06;66.06;;66.06;57.21
18.02.2010 02:00;64.90;64.90;;64.90;57.34
18.02.2010 03:00;65.72;65.72;;65.72;57.35
18.02.2010 04:00;67.25;67.25;;67.25;57.40
18.02.2010 05:00;67.88;67.88;;67.88;57.17
18.02.2010 06:00;72.44;72.44;;72.44;57.28
18.02.2010 07:00;90.72;80.82;;90.72;57.29
18.02.2010 08:00;87.05;86.62;;87.05;57.39
18.02.2010 09:00;80.06;79.88;;80.06;59.58
18.02.2010 10:00;79.06;79.06;;79.06;59.72
18.02.2010 11:00;79.98;78.92;;79.98;59.80
18.02.2010 12:00;78.02;78.02;;78.02;58.51
18.02.2010 13:00;75.45;75.45;;75.45;57.98
18.02.2010 14:00;74.14;74.14;;74.14;57.37
18.02.2010 15:00;73.64;73.64;;73.64;57.16
18.02.2010 16:00;78.31;78.31;;78.31;56.86
18.02.2010 17:00;97.53;79.61;;97.53;56.97
18.02.2010 18:00;94.65;80.97;;94.65;57.76
18.02.2010 19:00;79.40;79.40;;79.40;57.74
18.02.2010 20:00;74.35;74.35;;74.35;57.32
18.02.2010 21:00;70.09;70.09;;70.09;57.70
18.02.2010 22:00;67.67;67.67;;67.67;57.56
18.02.2010 23:00;65.73;65.73;;65.73;57.32
19.02.2010 00:00;72.03;72.03;;72.03;58.21
19.02.2010 01:00;70.82;70.82;;70.82;58.08
19.02.2010 02:00;70.50;70.50;;70.50;58.30
19.02.2010 03:00;70.79;70.79;;70.79;58.29
19.02.2010 04:00;72.44;72.44;;72.44;58.35
19.02.2010 05:00;73.98;73.98;;73.98;58.36
19.02.2010 06:00;92.03;85.79;;92.03;58.49
19.02.2010 07:00;106.65;100.46;;106.65;58.61
19.02.2010 08:00;106.91;106.91;;106.91;58.64
19.02.2010 09:00;106.54;106.54;;106.54;58.52
19.02.2010 10:00;99.39;99.39;;99.39;58.60
19.02.2010 11:00;99.97;89.04;;99.97;58.61
19.02.2010 12:00;94.07;88.51;;94.07;57.99
19.02.2010 13:00;85.48;85.48;;85.48;57.95
19.02.2010 14:00;80.72;80.72;;80.72;58.21
19.02.2010 15:00;78.60;78.60;;78.60;57.99
19.02.2010 16:00;81.77;81.77;;81.77;57.85
19.02.2010 17:00;89.32;89.32;;89.32;57.94
19.02.2010 18:00;99.37;99.37;;99.37;57.98
19.02.2010 19:00;85.93;85.93;;85.93;58.12
19.02.2010 20:00;77.74;77.74;;77.74;58.62
19.02.2010 21:00;73.05;73.05;;73.05;58.78
19.02.2010 22:00;70.70;70.70;;70.70;58.71
19.02.2010 23:00;69.59;69.59;;69.59;58.43
20.02.2010 00:00;80.49;80.49;;82.16;59.39
20.02.2010 01:00;80.60;80.60;;80.60;59.29
20.02.2010 02:00;80.29;80.29;;80.29;59.41
20.02.2010 03:00;80.30;80.30;;80.30;59.40
20.02.2010 04:00;80.63;80.63;;80.63;59.42
20.02.2010 05:00;80.89;80.89;;80.89;59.31
20.02.2010 06:00;80.34;80.34;;81.34;59.34
20.02.2010 07:00;81.33;81.33;;81.33;59.36
20.02.2010 08:00;82.56;82.56;;84.16;59.41
20.02.2010 09:00;89.09;89.09;;89.09;59.61
20.02.2010 10:00;97.44;97.44;;97.44;59.70
20.02.2010 11:00;94.10;94.10;;94.10;59.71
20.02.2010 12:00;90.42;90.42;;90.42;59.63
20.02.2010 13:00;84.52;84.52;;84.52;59.47
20.02.2010 14:00;82.00;82.00;;82.00;59.39
20.02.2010 15:00;82.12;82.12;;82.12;59.27
20.02.2010 16:00;86.19;86.19;;86.19;59.23
20.02.2010 17:00;109.07;109.07;;109.07;59.45
20.02.2010 18:00;109.79;109.79;;109.79;59.45
20.02.2010 19:00;104.29;104.29;;104.29;59.37
20.02.2010 20:00;92.22;92.22;;92.22;59.34
20.02.2010 21:00;87.75;87.75;;87.75;59.50
20.02.2010 22:00;83.26;83.26;;83.26;59.59
20.02.2010 23:00;82.39;82.39;;82.39;59.40
21.02.2010 00:00;91.13;91.13;;91.13;60.65
21.02.2010 01:00;93.52;93.52;;93.52;60.77
21.02.2010 02:00;91.50;91.50;;91.50;60.66
21.02.2010 03:00;90.11;90.11;;90.11;60.64
21.02.2010 04:00;92.09;92.09;;92.09;60.59
21.02.2010 05:00;88.06;88.06;;88.06;60.55
21.02.2010 06:00;83.93;83.93;;85.06;60.70
21.02.2010 07:00;86.08;86.08;;86.08;60.58
21.02.2010 08:00;92.91;92.91;;92.91;59.98
21.02.2010 09:00;100.05;100.05;;100.05;59.96
21.02.2010 10:00;102.95;102.95;;102.95;60.10
21.02.2010 11:00;101.39;101.39;;101.39;60.10
21.02.2010 12:00;100.38;100.38;;100.38;60.09
21.02.2010 13:00;99.90;99.90;;99.90;60.00
21.02.2010 14:00;99.91;99.91;;99.91;60.16
21.02.2010 15:00;100.30;100.30;;100.30;59.99
21.02.2010 16:00;106.64;106.64;;106.64;59.97
21.02.2010 17:00;134.47;134.47;;134.47;59.99
21.02.2010 18:00;167.06;149.73;;167.06;60.11
21.02.2010 19:00;133.84;133.84;;133.84;60.57
21.02.2010 20:00;121.61;121.61;;121.61;60.85
21.02.2010 21:00;119.29;119.29;;119.29;60.89
21.02.2010 22:00;106.13;106.13;;106.13;60.89
21.02.2010 23:00;100.13;100.13;;100.13;60.53
22.02.2010 00:00;109.58;109.58;;109.58;62.54
22.02.2010 01:00;110.95;110.95;;110.95;62.37
22.02.2010 02:00;110.64;110.64;;110.64;62.31
22.02.2010 03:00;112.32;110.99;;112.32;62.33
22.02.2010 04:00;117.40;117.40;;117.40;62.26
22.02.2010 05:00;184.93;161.01;;184.93;62.34
22.02.2010 06:00;420.85;169.35;;420.85;62.14
22.02.2010 07:00;1000.08;169.60;;1000.08;62.42
22.02.2010 08:00;1400.11;169.86;;1400.11;62.25
22.02.2010 09:00;1400.11;169.77;;1400.11;61.98
22.02.2010 10:00;1400.10;169.59;;1400.10;62.03
22.02.2010 11:00;1000.07;169.45;;1000.07;61.92
22.02.2010 12:00;369.83;169.39;;369.83;61.86
22.02.2010 13:00;330.08;169.28;;330.08;61.81
22.02.2010 14:00;330.02;169.30;;330.02;61.79
22.02.2010 15:00;369.80;169.04;;369.80;61.76
22.02.2010 16:00;350.07;169.17;;350.07;61.73
22.02.2010 17:00;1000.09;169.08;;1000.09;61.74
22.02.2010 18:00;1000.06;169.15;;1000.06;61.77
22.02.2010 19:00;359.90;169.14;;359.90;61.79
22.02.2010 20:00;279.99;169.09;;279.99;62.28
22.02.2010 21:00;169.20;169.20;;169.20;62.09
22.02.2010 22:00;110.15;110.15;;110.15;62.43
22.02.2010 23:00;100.00;100.02;;100.02;62.26
23.02.2010 00:00;100.70;100.70;;100.70;63.64
23.02.2010 01:00;108.37;108.37;;108.37;63.34
23.02.2010 02:00;104.77;104.77;;104.77;63.23
23.02.2010 03:00;104.97;104.97;;104.97;63.31
23.02.2010 04:00;107.85;107.85;;107.85;63.19
23.02.2010 05:00;108.14;108.14;;108.14;63.39
23.02.2010 06:00;119.74;119.74;;119.74;63.16
23.02.2010 07:00;198.23;198.23;;198.23;63.68
23.02.2010 08:00;199.51;199.51;;199.51;63.81
23.02.2010 09:00;198.77;198.77;;198.77;63.49
23.02.2010 10:00;186.02;186.02;;186.02;63.53
23.02.2010 11:00;150.07;150.07;;150.07;63.17
23.02.2010 12:00;150.07;150.07;;150.07;63.16
23.02.2010 13:00;141.29;141.29;;141.29;62.85
23.02.2010 14:00;127.16;140.41;;127.16;63.16
23.02.2010 15:00;119.93;140.27;;119.93;62.99
23.02.2010 16:00;123.94;141.63;;123.94;62.78
23.02.2010 17:00;203.33;198.31;;203.33;62.95
23.02.2010 18:00;300.00;198.40;;300.00;63.25
23.02.2010 19:00;199.99;198.10;;199.99;63.38
23.02.2010 20:00;141.36;141.36;;141.36;63.53
23.02.2010 21:00;124.10;124.10;;124.10;63.14
23.02.2010 22:00;108.44;108.44;;108.44;63.64
23.02.2010 23:00;96.11;96.11;;96.11;63.61
24.02.2010 00:00;110.07;110.07;;110.07;63.50
24.02.2010 01:00;105.31;105.31;;105.31;63.27
24.02.2010 02:00;102.00;102.00;;102.00;63.19
24.02.2010 03:00;101.55;101.55;;101.55;63.21
24.02.2010 04:00;111.19;111.19;;111.19;63.08
24.02.2010 05:00;113.80;113.80;;113.80;63.25
24.02.2010 06:00;138.86;138.86;;138.86;63.25
24.02.2010 07:00;165.97;157.54;;165.97;63.29
24.02.2010 08:00;209.19;198.19;;209.19;63.58
24.02.2010 09:00;199.95;186.83;;199.95;63.23
24.02.2010 10:00;156.15;147.96;;156.15;63.36
24.02.2010 11:00;139.09;139.61;;139.09;63.02
24.02.2010 12:00;140.17;140.17;;140.17;62.97
24.02.2010 13:00;130.55;130.55;;130.55;62.92
24.02.2010 14:00;122.48;122.48;;122.48;62.92
24.02.2010 15:00;120.80;120.80;;120.80;63.02
24.02.2010 16:00;120.11;120.11;;120.11;62.85
24.02.2010 17:00;146.22;140.98;;146.22;62.97
24.02.2010 18:00;200.07;141.63;;200.07;63.31
24.02.2010 19:00;141.36;141.36;;141.36;63.51
24.02.2010 20:00;112.03;112.03;;112.03;63.66
24.02.2010 21:00;112.64;112.64;;112.64;63.36
24.02.2010 22:00;101.47;101.47;;101.47;63.95
24.02.2010 23:00;91.94;91.94;;91.94;63.46
25.02.2010 00:00;112.55;112.55;;112.55;64.66
25.02.2010 01:00;109.09;109.09;;109.09;64.12
25.02.2010 02:00;104.83;104.83;;104.83;64.00
25.02.2010 03:00;106.26;106.26;;106.26;64.03
25.02.2010 04:00;111.76;111.76;;111.76;63.89
25.02.2010 05:00;111.27;111.27;;111.27;63.57
25.02.2010 06:00;126.49;126.49;;126.49;63.74
25.02.2010 07:00;176.74;176.74;;176.74;64.31
25.02.2010 08:00;199.52;199.52;;199.52;64.61
25.02.2010 09:00;199.31;199.31;;199.31;64.27
25.02.2010 10:00;186.55;186.55;;186.55;64.66
25.02.2010 11:00;153.08;153.08;;153.08;64.49
25.02.2010 12:00;141.21;141.21;;141.21;63.97
25.02.2010 13:00;132.30;132.30;;132.30;63.75
25.02.2010 14:00;120.26;120.26;;120.26;63.64
25.02.2010 15:00;114.94;114.94;;114.94;63.80
25.02.2010 16:00;129.12;129.12;;129.12;63.57
25.02.2010 17:00;140.93;140.93;;140.93;63.71
25.02.2010 18:00;151.43;151.43;;151.43;64.36
25.02.2010 19:00;137.52;137.52;;137.52;64.58
25.02.2010 20:00;105.02;105.02;;118.10;64.31
25.02.2010 21:00;103.97;103.97;;112.81;63.91
25.02.2010 22:00;94.97;94.97;;103.56;64.07
25.02.2010 23:00;86.54;86.54;;93.81;63.71
26.02.2010 00:00;102.43;102.43;;102.43;64.44
26.02.2010 01:00;92.57;92.57;;100.32;64.27
26.02.2010 02:00;88.54;88.54;;95.19;64.37
26.02.2010 03:00;90.03;90.03;;94.17;64.37
26.02.2010 04:00;97.40;97.40;;101.42;64.47
26.02.2010 05:00;100.52;100.52;;103.44;64.51
26.02.2010 06:00;108.42;108.42;;108.42;64.54
26.02.2010 07:00;117.75;117.75;;119.52;64.65
26.02.2010 08:00;135.04;135.04;;171.03;64.83
26.02.2010 09:00;135.46;135.46;;156.53;64.67
26.02.2010 10:00;118.10;118.10;;141.27;64.69
26.02.2010 11:00;109.63;109.63;;135.19;64.73
26.02.2010 12:00;102.43;102.43;;102.43;64.59
26.02.2010 13:00;99.27;99.27;;110.04;64.55
26.02.2010 14:00;92.93;92.93;;107.27;64.42
26.02.2010 15:00;87.99;87.99;;100.09;64.65
26.02.2010 16:00;92.59;92.59;;112.67;64.35
26.02.2010 17:00;102.49;102.49;;110.06;64.46
26.02.2010 18:00;114.32;114.32;;123.95;64.87
26.02.2010 19:00;98.03;98.03;;115.35;65.07
26.02.2010 20:00;85.15;85.15;;110.07;64.79
26.02.2010 21:00;84.90;84.90;;107.11;64.58
26.02.2010 22:00;75.03;75.03;;103.90;64.56
26.02.2010 23:00;72.99;72.99;;94.41;64.32
27.02.2010 00:00;82.24;82.24;;82.24;65.01
27.02.2010 01:00;78.84;78.84;;78.84;64.79
27.02.2010 02:00;77.24;77.24;;77.24;64.66
27.02.2010 03:00;74.84;74.84;;74.84;64.61
27.02.2010 04:00;77.48;77.48;;77.48;64.63
27.02.2010 05:00;79.27;79.27;;79.27;64.71
27.02.2010 06:00;72.77;72.77;;83.68;64.63
27.02.2010 07:00;63.90;63.90;;88.83;63.90
27.02.2010 08:00;69.38;69.38;;87.57;64.18
27.02.2010 09:00;73.77;73.77;;105.71;64.50
27.02.2010 10:00;77.52;77.52;;112.53;64.72
27.02.2010 11:00;74.04;74.04;;113.27;64.69
27.02.2010 12:00;70.79;70.79;;106.22;64.49
27.02.2010 13:00;67.64;67.64;;100.09;64.91
27.02.2010 14:00;65.77;65.77;;98.59;64.85
27.02.2010 15:00;66.58;66.58;;95.40;65.11
27.02.2010 16:00;73.79;73.79;;99.74;65.10
27.02.2010 17:00;89.10;89.10;;108.57;65.42
27.02.2010 18:00;92.83;92.83;;119.48;65.78
27.02.2010 19:00;83.08;83.08;;115.86;65.74
27.02.2010 20:00;72.20;72.20;;111.77;65.50
27.02.2010 21:00;75.53;75.53;;107.94;65.20
27.02.2010 22:00;71.45;71.45;;82.45;64.95
27.02.2010 23:00;69.39;69.39;;69.39;64.67
28.02.2010 00:00;70.01;70.01;;70.01;65.30
28.02.2010 01:00;69.19;69.19;;69.19;65.09
28.02.2010 02:00;68.06;68.06;;68.06;64.95
28.02.2010 03:00;65.70;65.70;;65.70;64.88
28.02.2010 04:00;65.65;65.65;;65.65;64.88
28.02.2010 05:00;65.91;65.91;;69.61;64.93
28.02.2010 06:00;65.07;65.07;;71.63;64.81
28.02.2010 07:00;64.36;64.36;;74.46;64.36
28.02.2010 08:00;64.65;64.65;;76.20;64.65
28.02.2010 09:00;65.57;65.57;;111.03;65.16
28.02.2010 10:00;67.17;67.17;;114.75;65.08
28.02.2010 11:00;67.94;67.94;;113.25;65.12
28.02.2010 12:00;66.87;66.87;;114.39;65.04
28.02.2010 13:00;65.30;65.30;;102.34;64.91
28.02.2010 14:00;64.97;64.97;;88.94;64.81
28.02.2010 15:00;64.83;64.83;;89.36;64.83
28.02.2010 16:00;65.86;65.86;;89.78;65.17
28.02.2010 17:00;75.93;75.93;;100.16;65.43
28.02.2010 18:00;81.33;81.33;;120.08;65.85
28.02.2010 19:00;79.31;79.31;;120.01;65.93
28.02.2010 20:00;77.70;77.70;;118.32;66.00
28.02.2010 21:00;75.36;75.36;;107.42;65.77
28.02.2010 22:00;70.12;70.12;;101.00;65.41
28.02.2010 23:00;65.35;65.35;;78.51;64.88
01.03.2010 00:00;73.98;73.98;;86.18;65.53
01.03.2010 01:00;71.98;71.98;;76.23;65.30
01.03.2010 02:00;71.45;71.45;;71.45;65.22
01.03.2010 03:00;71.90;71.90;;72.28;65.23
01.03.2010 04:00;74.61;74.61;;76.71;65.37
01.03.2010 05:00;77.57;77.57;;77.57;65.70
01.03.2010 06:00;79.15;79.15;;90.06;65.85
01.03.2010 07:00;86.77;86.77;;108.30;66.38
01.03.2010 08:00;93.29;93.29;;116.90;66.02
01.03.2010 09:00;92.19;92.19;;116.82;65.57
01.03.2010 10:00;91.36;91.36;;113.42;65.53
01.03.2010 11:00;87.68;87.68;;109.60;65.34
01.03.2010 12:00;82.10;82.10;;105.85;65.24
01.03.2010 13:00;82.17;82.17;;104.49;65.09
01.03.2010 14:00;80.75;80.75;;100.07;65.08
01.03.2010 15:00;79.19;79.19;;94.26;65.19
01.03.2010 16:00;78.62;78.62;;102.18;65.00
01.03.2010 17:00;88.64;88.64;;104.42;65.06
01.03.2010 18:00;95.90;95.90;;106.72;65.42
01.03.2010 19:00;88.00;88.00;;100.06;65.73
01.03.2010 20:00;79.75;79.75;;102.43;65.84
01.03.2010 21:00;78.53;78.53;;100.74;66.12
01.03.2010 22:00;73.76;73.76;;90.09;65.64
01.03.2010 23:00;67.97;67.97;;90.01;65.34
02.03.2010 00:00;71.13;71.13;;71.13;65.07
02.03.2010 01:00;68.14;68.14;;68.14;64.84
02.03.2010 02:00;67.84;67.84;;67.84;64.75
02.03.2010 03:00;68.50;68.50;;68.50;64.79
02.03.2010 04:00;74.71;74.71;;74.71;64.92
02.03.2010 05:00;76.29;76.29;;76.29;65.21
02.03.2010 06:00;77.16;77.16;;90.04;65.41
02.03.2010 07:00;80.98;86.23;;91.05;72.96
02.03.2010 08:00;86.00;100.68;;106.37;72.97
02.03.2010 09:00;85.06;100.32;;105.11;71.06
02.03.2010 10:00;83.87;86.28;;93.61;67.20
02.03.2010 11:00;82.24;83.82;;83.44;65.78
02.03.2010 12:00;82.71;82.71;;82.71;65.93
02.03.2010 13:00;84.10;85.52;;84.10;65.85
02.03.2010 14:00;81.84;84.87;;81.84;65.89
02.03.2010 15:00;81.15;81.15;;81.15;65.49
02.03.2010 16:00;79.05;79.05;;79.05;65.27
02.03.2010 17:00;85.73;85.73;;85.73;64.43
02.03.2010 18:00;92.40;102.54;;92.74;64.89
02.03.2010 19:00;85.39;101.00;;102.77;65.30
02.03.2010 20:00;81.03;85.53;;92.79;65.31
02.03.2010 21:00;80.99;80.99;;80.99;65.35
02.03.2010 22:00;76.36;76.36;;90.03;65.03
02.03.2010 23:00;71.24;71.24;;88.79;64.69
03.03.2010 00:00;74.61;74.61;;74.61;65.16
03.03.2010 01:00;71.86;71.86;;71.86;64.96
03.03.2010 02:00;70.62;70.62;;70.62;64.89
03.03.2010 03:00;71.51;71.51;;71.51;64.91
03.03.2010 04:00;76.66;76.66;;76.66;64.98
03.03.2010 05:00;78.23;78.23;;78.23;65.37
03.03.2010 06:00;76.99;83.44;;76.99;65.13
03.03.2010 07:00;79.40;86.82;;79.40;65.71
03.03.2010 08:00;79.78;87.65;;79.78;65.77
03.03.2010 09:00;82.16;87.21;;82.16;65.35
03.03.2010 10:00;79.24;86.70;;79.24;65.21
03.03.2010 11:00;78.90;86.30;;78.90;65.05
03.03.2010 12:00;78.25;85.49;;84.97;65.56
03.03.2010 13:00;78.94;78.94;;86.11;65.49
03.03.2010 14:00;77.72;77.72;;79.78;65.48
03.03.2010 15:00;77.28;77.28;;87.25;65.37
03.03.2010 16:00;76.65;85.48;;81.22;64.81
03.03.2010 17:00;84.25;85.60;;87.93;64.86
03.03.2010 18:00;87.42;87.42;;87.42;65.25
03.03.2010 19:00;85.90;85.90;;85.90;65.73
03.03.2010 20:00;78.34;86.13;;78.34;65.77
03.03.2010 21:00;80.98;83.19;;80.98;65.94
03.03.2010 22:00;78.17;78.17;;78.17;65.53
03.03.2010 23:00;75.00;75.00;;75.00;65.19
04.03.2010 00:00;78.67;78.67;;78.67;64.76
04.03.2010 01:00;78.06;78.06;;78.06;64.57
04.03.2010 02:00;76.92;76.92;;76.92;64.41
04.03.2010 03:00;76.96;76.96;;76.96;64.45
04.03.2010 04:00;78.02;78.02;;78.02;64.61
04.03.2010 05:00;76.96;76.96;;76.96;64.93
04.03.2010 06:00;77.01;77.01;;77.01;65.41
04.03.2010 07:00;80.58;80.58;;80.58;66.03
04.03.2010 08:00;82.51;82.51;;82.51;68.54
04.03.2010 09:00;81.70;81.70;;81.70;65.95
04.03.2010 10:00;79.66;79.66;;185.35;65.63
04.03.2010 11:00;78.66;78.89;;185.42;65.34
04.03.2010 12:00;77.61;77.61;;370.81;65.08
04.03.2010 13:00;76.42;76.42;;247.36;64.92
04.03.2010 14:00;75.40;75.40;;370.76;64.89
04.03.2010 15:00;75.68;75.68;;75.68;64.78
04.03.2010 16:00;75.58;75.58;;75.58;64.79
04.03.2010 17:00;79.09;79.09;;79.09;64.91
04.03.2010 18:00;81.96;81.96;;81.96;65.21
04.03.2010 19:00;80.44;80.44;;80.44;65.23
04.03.2010 20:00;77.35;79.18;;77.35;64.96
04.03.2010 21:00;78.28;78.46;;78.28;64.72
04.03.2010 22:00;75.88;75.88;;75.88;64.91
04.03.2010 23:00;74.56;74.56;;74.56;64.48
05.03.2010 00:00;74.92;74.92;;74.92;64.00
05.03.2010 01:00;74.84;74.84;;74.84;63.78
05.03.2010 02:00;74.57;74.57;;74.57;63.68
05.03.2010 03:00;75.32;75.32;;75.32;63.72
05.03.2010 04:00;76.90;76.90;;76.90;63.83
05.03.2010 05:00;75.07;75.07;;75.07;64.19
05.03.2010 06:00;76.57;76.97;;76.57;64.60
05.03.2010 07:00;79.87;79.87;;79.87;64.62
05.03.2010 08:00;83.99;83.99;;83.99;67.13
05.03.2010 09:00;82.08;82.08;;82.08;64.87
05.03.2010 10:00;79.99;79.99;;79.99;64.71
05.03.2010 11:00;78.87;78.87;;78.87;64.15
05.03.2010 12:00;76.91;79.04;;76.91;64.00
05.03.2010 13:00;76.72;76.72;;76.72;64.06
05.03.2010 14:00;75.29;75.29;;75.29;63.86
05.03.2010 15:00;73.41;73.41;;73.41;63.72
05.03.2010 16:00;73.97;73.97;;73.97;63.66
05.03.2010 17:00;76.91;76.91;;76.91;63.90
05.03.2010 18:00;79.09;79.09;;79.09;64.27
05.03.2010 19:00;76.24;79.00;;76.24;64.46
05.03.2010 20:00;74.16;75.02;;74.16;64.22
05.03.2010 21:00;73.60;73.60;;73.60;63.94
05.03.2010 22:00;71.93;71.93;;71.93;63.98
05.03.2010 23:00;70.91;70.91;;70.91;63.68
06.03.2010 00:00;79.14;79.14;;79.14;64.07
06.03.2010 01:00;79.09;79.09;;79.09;63.79
06.03.2010 02:00;78.45;78.45;;78.45;63.62
06.03.2010 03:00;78.29;78.29;;78.29;63.57
06.03.2010 04:00;78.69;78.69;;78.69;63.57
06.03.2010 05:00;74.58;74.58;;74.58;63.70
06.03.2010 06:00;73.17;73.17;;73.17;63.72
06.03.2010 07:00;74.00;74.00;;74.00;63.42
06.03.2010 08:00;76.46;76.46;;76.46;63.60
06.03.2010 09:00;77.95;77.95;;77.95;63.98
06.03.2010 10:00;77.52;77.52;;77.52;64.24
06.03.2010 11:00;75.99;75.99;;75.99;64.03
06.03.2010 12:00;74.31;74.31;;74.31;63.75
06.03.2010 13:00;73.14;73.14;;73.14;63.66
06.03.2010 14:00;72.52;72.52;;72.52;63.65
06.03.2010 15:00;72.79;72.79;;72.79;63.54
06.03.2010 16:00;73.77;73.77;;73.77;63.54
06.03.2010 17:00;79.01;79.01;;79.01;63.87
06.03.2010 18:00;80.53;80.53;;80.53;64.41
06.03.2010 19:00;79.54;79.54;;79.54;64.45
06.03.2010 20:00;78.12;78.12;;78.12;64.16
06.03.2010 21:00;76.94;76.94;;76.94;63.84
06.03.2010 22:00;77.22;77.22;;77.22;63.54
06.03.2010 23:00;77.37;77.37;;77.37;63.25
07.03.2010 00:00;78.98;78.98;;78.98;63.58
07.03.2010 01:00;76.82;76.82;;76.82;63.43
07.03.2010 02:00;75.44;75.44;;75.44;63.27
07.03.2010 03:00;74.56;74.56;;74.56;63.19
07.03.2010 04:00;74.78;74.78;;74.78;63.14
07.03.2010 05:00;69.84;69.84;;69.84;63.21
07.03.2010 06:00;69.87;69.87;;69.87;63.16
07.03.2010 07:00;71.52;71.52;;71.52;63.05
07.03.2010 08:00;72.22;72.22;;72.22;62.85
07.03.2010 09:00;73.87;73.87;;73.87;62.98
07.03.2010 10:00;73.98;73.98;;73.98;63.39
07.03.2010 11:00;73.64;73.64;;73.64;63.44
07.03.2010 12:00;72.88;72.88;;72.88;63.37
07.03.2010 13:00;69.44;69.44;;69.44;63.34
07.03.2010 14:00;67.09;67.09;;67.09;63.42
07.03.2010 15:00;67.95;67.95;;67.95;63.31
07.03.2010 16:00;71.02;71.02;;71.02;63.36
07.03.2010 17:00;74.49;74.49;;74.49;63.39
07.03.2010 18:00;77.92;77.92;;77.92;63.77
07.03.2010 19:00;77.82;77.82;;77.82;64.02
07.03.2010 20:00;76.17;76.17;;76.17;63.97
07.03.2010 21:00;75.08;75.08;;75.08;63.80
07.03.2010 22:00;72.13;72.13;;72.13;63.46
07.03.2010 23:00;66.23;66.23;;66.23;63.05
08.03.2010 00:00;66.24;66.24;;66.24;62.51
08.03.2010 01:00;68.92;68.92;;68.92;62.43
08.03.2010 02:00;67.88;67.88;;67.88;62.40
08.03.2010 03:00;68.92;68.92;;68.92;62.40
08.03.2010 04:00;68.92;68.92;;68.92;62.47
08.03.2010 05:00;70.77;70.77;;70.77;62.62
08.03.2010 06:00;74.06;74.06;;74.06;62.77
08.03.2010 07:00;76.58;76.58;;76.58;64.45
08.03.2010 08:00;77.75;77.75;;77.75;72.97
08.03.2010 09:00;76.88;76.88;;76.88;64.63
08.03.2010 10:00;76.22;76.22;;76.22;63.45
08.03.2010 11:00;75.69;75.69;;75.69;62.87
08.03.2010 12:00;75.25;75.25;;75.25;62.73
08.03.2010 13:00;74.57;74.57;;74.57;62.68
08.03.2010 14:00;74.11;74.11;;74.11;62.60
08.03.2010 15:00;73.92;73.92;;73.92;62.58
08.03.2010 16:00;73.39;73.39;;73.39;62.56
08.03.2010 17:00;75.07;75.07;;75.07;62.56
08.03.2010 18:00;76.55;76.55;;76.55;63.96
08.03.2010 19:00;76.14;76.14;;76.14;64.03
08.03.2010 20:00;75.26;75.26;;75.26;62.59
08.03.2010 21:00;74.04;74.04;;74.04;62.42
08.03.2010 22:00;69.89;69.89;;69.89;62.36
08.03.2010 23:00;65.61;65.61;;65.61;62.13
09.03.2010 00:00;67.17;67.17;;67.17;62.02
09.03.2010 01:00;67.14;67.14;;67.14;61.89
09.03.2010 02:00;65.51;65.51;;65.51;61.86
09.03.2010 03:00;66.33;66.33;;66.33;61.88
09.03.2010 04:00;67.00;67.00;;67.00;61.93
09.03.2010 05:00;68.25;68.25;;68.25;62.25
09.03.2010 06:00;72.10;72.10;;72.10;62.22
09.03.2010 07:00;75.09;75.09;;75.09;62.68
09.03.2010 08:00;75.54;75.54;;75.54;68.05
09.03.2010 09:00;75.06;75.06;;75.06;68.91
09.03.2010 10:00;74.32;74.32;;74.32;68.03
09.03.2010 11:00;73.47;73.47;;73.47;67.74
09.03.2010 12:00;73.43;73.43;;73.43;63.78
09.03.2010 13:00;72.75;72.75;;72.75;62.07
09.03.2010 14:00;71.36;71.36;;71.36;61.85
09.03.2010 15:00;70.33;70.33;;70.33;61.87
09.03.2010 16:00;69.97;69.97;;69.97;61.83
09.03.2010 17:00;72.06;72.06;;72.06;62.05
09.03.2010 18:00;74.94;74.94;;74.94;64.32
09.03.2010 19:00;75.01;75.01;;75.01;72.97
09.03.2010 20:00;73.27;73.27;;73.27;63.91
09.03.2010 21:00;71.07;71.07;;71.07;61.97
09.03.2010 22:00;66.61;66.61;;66.61;62.08
09.03.2010 23:00;61.64;61.64;;61.64;61.64
10.03.2010 00:00;60.72;60.72;;60.72;60.72
10.03.2010 01:00;60.65;60.65;;60.65;60.65
10.03.2010 02:00;60.48;60.48;;60.48;60.48
10.03.2010 03:00;60.50;60.50;;60.50;60.50
10.03.2010 04:00;60.69;60.69;;60.69;60.69
10.03.2010 05:00;60.80;60.80;;60.80;60.80
10.03.2010 06:00;66.17;66.17;;66.17;60.91
10.03.2010 07:00;70.67;70.67;;70.67;62.74
10.03.2010 08:00;72.51;72.51;;72.51;66.75
10.03.2010 09:00;71.26;71.26;;71.26;62.59
10.03.2010 10:00;69.61;69.61;;69.61;62.36
10.03.2010 11:00;67.98;67.98;;67.98;61.78
10.03.2010 12:00;67.50;67.50;;67.50;60.99
10.03.2010 13:00;66.26;66.26;;66.26;60.95
10.03.2010 14:00;65.76;65.76;;65.76;60.89
10.03.2010 15:00;65.24;65.24;;65.24;60.82
10.03.2010 16:00;64.32;64.32;;64.32;60.77
10.03.2010 17:00;66.73;66.73;;66.73;60.85
10.03.2010 18:00;70.00;70.00;;70.00;62.12
10.03.2010 19:00;69.86;69.86;;69.86;62.13
10.03.2010 20:00;67.83;67.83;;67.83;60.85
10.03.2010 21:00;66.02;66.02;;66.02;60.67
10.03.2010 22:00;60.56;60.56;;60.56;60.56
10.03.2010 23:00;59.00;59.00;;59.00;59.00
11.03.2010 00:00;57.68;57.68;;57.68;57.68
11.03.2010 01:00;57.71;57.71;;57.71;57.71
11.03.2010 02:00;57.63;57.63;;57.63;57.63
11.03.2010 03:00;57.70;57.70;;57.70;57.70
11.03.2010 04:00;57.92;57.92;;57.92;57.92
11.03.2010 05:00;57.92;57.92;;57.92;57.92
11.03.2010 06:00;62.02;62.02;;62.02;58.02
11.03.2010 07:00;65.73;65.73;;65.73;59.78
11.03.2010 08:00;66.95;66.95;;66.95;63.06
11.03.2010 09:00;66.35;66.35;;66.35;64.55
11.03.2010 10:00;65.97;65.97;;65.97;62.63
11.03.2010 11:00;65.58;65.58;;65.58;65.52
11.03.2010 12:00;64.53;64.53;;64.53;63.10
11.03.2010 13:00;63.65;63.65;;63.65;59.40
11.03.2010 14:00;63.44;63.44;;63.44;58.00
11.03.2010 15:00;62.89;62.89;;62.89;58.00
11.03.2010 16:00;62.32;62.32;;62.32;57.99
11.03.2010 17:00;63.91;63.91;;63.91;58.78
11.03.2010 18:00;67.44;67.44;;67.44;64.78
11.03.2010 19:00;67.17;67.17;;67.17;67.17
11.03.2010 20:00;63.42;63.42;;63.42;59.80
11.03.2010 21:00;60.23;60.23;;62.84;58.00
11.03.2010 22:00;57.86;57.86;;61.71;57.86
11.03.2010 23:00;56.99;56.99;;61.50;56.99
12.03.2010 00:00;57.46;57.46;;58.24;57.46
12.03.2010 01:00;57.48;57.48;;57.48;57.48
12.03.2010 02:00;57.25;57.25;;57.25;57.25
12.03.2010 03:00;57.38;57.38;;57.38;57.38
12.03.2010 04:00;57.88;57.88;;57.88;57.88
12.03.2010 05:00;57.84;57.84;;58.55;57.84
12.03.2010 06:00;61.77;61.77;;61.77;57.95
12.03.2010 07:00;66.02;66.02;;66.02;58.23
12.03.2010 08:00;67.00;67.00;;67.22;59.16
12.03.2010 09:00;66.65;66.65;;66.65;59.42
12.03.2010 10:00;66.04;66.04;;66.04;63.73
12.03.2010 11:00;65.45;65.45;;65.45;62.40
12.03.2010 12:00;64.07;64.07;;64.07;61.55
12.03.2010 13:00;61.81;61.81;;61.81;58.36
12.03.2010 14:00;59.71;59.71;;61.89;57.97
12.03.2010 15:00;57.76;57.76;;63.16;57.76
12.03.2010 16:00;57.71;57.71;;60.96;57.71
12.03.2010 17:00;61.04;61.04;;61.04;57.75
12.03.2010 18:00;65.54;65.54;;65.54;57.88
12.03.2010 19:00;64.80;64.80;;64.80;57.99
12.03.2010 20:00;61.96;61.96;;63.67;57.86
12.03.2010 21:00;60.22;60.22;;62.32;57.81
12.03.2010 22:00;57.45;57.45;;57.65;57.45
12.03.2010 23:00;56.95;56.95;;58.30;56.95
13.03.2010 00:00;57.09;57.09;;57.09;57.03
13.03.2010 01:00;58.33;58.33;;58.33;56.96
13.03.2010 02:00;57.98;57.98;;57.98;56.92
13.03.2010 03:00;58.04;58.04;;58.04;56.93
13.03.2010 04:00;58.83;58.83;;58.83;56.95
13.03.2010 05:00;60.00;60.00;;60.00;56.98
13.03.2010 06:00;58.21;58.21;;58.21;56.98
13.03.2010 07:00;58.09;58.09;;58.66;56.72
13.03.2010 08:00;61.12;61.12;;62.41;56.90
13.03.2010 09:00;63.00;63.00;;63.90;57.02
13.03.2010 10:00;60.49;60.49;;64.43;57.38
13.03.2010 11:00;58.37;58.37;;63.13;57.34
13.03.2010 12:00;57.33;57.33;;61.62;57.16
13.03.2010 13:00;56.77;56.77;;56.77;56.77
13.03.2010 14:00;56.52;56.52;;56.52;56.52
13.03.2010 15:00;56.41;56.41;;56.41;56.41
13.03.2010 16:00;56.65;56.65;;56.65;56.65
13.03.2010 17:00;60.98;60.98;;62.91;56.86
13.03.2010 18:00;65.64;65.64;;65.64;56.97
13.03.2010 19:00;65.61;65.61;;65.61;57.13
13.03.2010 20:00;63.58;63.58;;63.95;56.97
13.03.2010 21:00;60.61;60.61;;62.45;56.94
13.03.2010 22:00;57.48;57.48;;60.33;56.87
13.03.2010 23:00;57.15;57.15;;60.10;56.91
14.03.2010 00:00;56.83;56.83;;56.83;56.83
14.03.2010 01:00;56.93;56.93;;56.93;56.93
14.03.2010 02:00;56.91;56.91;;56.91;56.91
14.03.2010 03:00;56.87;56.87;;56.87;56.87
14.03.2010 04:00;57.09;57.09;;57.09;57.09
14.03.2010 05:00;59.24;59.24;;59.24;57.18
14.03.2010 06:00;58.12;58.12;;58.12;57.23
14.03.2010 07:00;56.76;56.76;;56.76;56.76
14.03.2010 08:00;58.09;58.09;;58.09;56.83
14.03.2010 09:00;59.17;59.17;;59.17;56.79
14.03.2010 10:00;59.53;59.53;;62.17;56.77
14.03.2010 11:00;56.73;56.73;;56.73;56.73
14.03.2010 12:00;56.56;56.56;;56.56;56.56
14.03.2010 13:00;56.29;56.29;;56.29;56.29
14.03.2010 14:00;55.90;55.90;;55.90;55.90
14.03.2010 15:00;56.02;56.02;;56.02;56.02
14.03.2010 16:00;56.23;56.23;;56.23;56.23
14.03.2010 17:00;58.94;58.94;;58.94;56.81
14.03.2010 18:00;64.85;64.85;;64.85;56.99
14.03.2010 19:00;65.70;65.70;;65.70;57.48
14.03.2010 20:00;64.82;64.82;;64.82;57.49
14.03.2010 21:00;61.60;61.60;;61.60;57.51
14.03.2010 22:00;58.04;58.04;;58.04;57.23
14.03.2010 23:00;57.13;57.13;;57.13;57.13
15.03.2010 00:00;57.70;57.70;60.09;57.70;57.70
15.03.2010 01:00;57.82;57.82;58.11;57.82;57.82
15.03.2010 02:00;57.77;57.77;57.85;57.77;57.77
15.03.2010 03:00;57.86;57.86;57.98;57.86;57.86
15.03.2010 04:00;59.33;59.33;59.33;59.33;58.05
15.03.2010 05:00;62.43;62.43;62.43;62.43;58.24
15.03.2010 06:00;66.07;66.07;66.07;66.07;59.44
15.03.2010 07:00;69.85;69.85;69.85;69.85;59.52
15.03.2010 08:00;71.60;71.60;71.60;71.60;58.00
15.03.2010 09:00;67.24;67.24;67.24;68.28;58.13
15.03.2010 10:00;64.50;66.42;66.42;66.67;57.98
15.03.2010 11:00;63.24;65.08;65.08;66.91;58.51
15.03.2010 12:00;62.60;62.60;62.60;66.39;57.89
15.03.2010 13:00;61.88;61.88;62.17;65.23;57.89
15.03.2010 14:00;60.96;60.96;62.06;67.57;57.85
15.03.2010 15:00;61.00;61.00;61.08;65.49;57.71
15.03.2010 16:00;59.72;59.72;59.74;64.70;57.70
15.03.2010 17:00;62.41;62.41;62.41;64.91;57.61
15.03.2010 18:00;66.76;66.76;66.76;66.76;57.91
15.03.2010 19:00;66.88;66.88;66.88;67.42;59.92
15.03.2010 20:00;64.86;64.86;64.86;66.68;58.24
15.03.2010 21:00;63.65;63.65;63.65;65.74;57.84
15.03.2010 22:00;60.96;60.96;60.96;64.03;58.10
15.03.2010 23:00;58.09;58.09;58.09;58.09;57.98
16.03.2010 00:00;57.78;57.78;57.78;57.78;56.96
16.03.2010 01:00;57.82;57.82;57.82;57.82;56.90
16.03.2010 02:00;57.74;57.74;57.74;57.74;56.89
16.03.2010 03:00;57.97;57.97;57.97;57.97;56.91
16.03.2010 04:00;59.26;59.26;59.26;59.26;56.94
16.03.2010 05:00;62.01;62.01;62.01;62.01;57.20
16.03.2010 06:00;62.48;62.48;62.48;62.48;56.81
16.03.2010 07:00;64.18;64.18;64.18;64.55;57.93
16.03.2010 08:00;66.10;66.10;66.10;68.15;62.50
16.03.2010 09:00;63.70;63.70;63.70;68.87;63.70
16.03.2010 10:00;60.52;60.52;60.52;66.80;59.96
16.03.2010 11:00;59.86;59.86;59.86;63.11;58.87
16.03.2010 12:00;59.09;59.09;59.09;62.36;57.47
16.03.2010 13:00;58.11;58.11;58.11;62.33;57.40
16.03.2010 14:00;57.44;57.44;57.44;62.31;56.88
16.03.2010 15:00;56.84;56.84;56.84;62.28;56.84
16.03.2010 16:00;56.87;56.87;56.87;62.24;56.87
16.03.2010 17:00;59.68;59.68;59.68;62.27;56.83
16.03.2010 18:00;62.85;62.85;62.85;62.85;57.90
16.03.2010 19:00;65.27;65.27;65.27;65.27;61.94
16.03.2010 20:00;59.99;59.99;59.99;64.24;57.90
16.03.2010 21:00;58.33;58.33;59.03;64.29;56.87
16.03.2010 22:00;56.49;56.49;57.16;62.34;56.49
16.03.2010 23:00;56.43;56.43;56.43;61.25;56.43
17.03.2010 00:00;56.41;56.41;57.23;58.76;56.41
17.03.2010 01:00;56.30;56.30;57.07;58.21;56.30
17.03.2010 02:00;56.15;56.15;57.02;58.09;56.15
17.03.2010 03:00;56.17;56.17;57.02;58.19;56.17
17.03.2010 04:00;56.47;56.47;57.07;58.69;56.47
17.03.2010 05:00;58.07;58.07;58.07;59.82;56.84
17.03.2010 06:00;59.05;59.05;59.05;62.70;56.69
17.03.2010 07:00;60.05;60.05;60.05;63.93;56.93
17.03.2010 08:00;60.95;60.95;60.95;67.27;56.98
17.03.2010 09:00;59.35;59.35;59.35;63.73;57.06
17.03.2010 10:00;57.92;57.92;57.92;62.30;56.96
17.03.2010 11:00;57.29;57.29;57.29;62.32;56.94
17.03.2010 12:00;56.80;56.80;56.80;62.21;56.80
17.03.2010 13:00;56.53;56.53;57.31;62.09;56.53
17.03.2010 14:00;55.46;56.48;57.35;61.43;56.48
17.03.2010 15:00;53.98;56.42;57.27;60.95;56.42
17.03.2010 16:00;53.47;56.42;56.79;61.28;56.42
17.03.2010 17:00;56.28;56.28;56.28;60.35;56.28
17.03.2010 18:00;57.59;57.59;57.59;61.85;56.77
17.03.2010 19:00;57.88;57.88;57.88;62.23;56.81
17.03.2010 20:00;56.44;56.44;56.44;62.04;56.44
17.03.2010 21:00;56.20;56.20;57.12;60.92;56.20
17.03.2010 22:00;52.66;54.64;55.76;58.85;54.64
17.03.2010 23:00;50.84;55.52;55.52;58.03;55.52
18.03.2010 00:00;48.56;53.44;53.44;53.46;53.44
18.03.2010 01:00;48.67;53.27;53.27;52.52;53.27
18.03.2010 02:00;48.47;53.18;53.18;52.12;53.18
18.03.2010 03:00;48.44;53.20;53.20;51.96;53.20
18.03.2010 04:00;49.59;53.14;53.14;52.21;53.14
18.03.2010 05:00;53.17;53.17;53.32;53.64;53.17
18.03.2010 06:00;52.83;52.83;53.15;59.02;52.83
18.03.2010 07:00;52.71;54.50;54.50;60.12;54.19
18.03.2010 08:00;54.54;54.86;54.86;61.55;54.29
18.03.2010 09:00;53.02;54.26;54.26;60.03;54.26
18.03.2010 10:00;52.39;53.97;54.27;59.71;53.97
18.03.2010 11:00;51.17;53.76;54.21;59.60;53.76
18.03.2010 12:00;50.55;53.64;54.10;59.67;53.64
18.03.2010 13:00;49.85;53.58;54.06;59.67;53.58
18.03.2010 14:00;49.05;53.51;54.03;59.41;53.51
18.03.2010 15:00;48.57;53.41;53.97;59.74;53.41
18.03.2010 16:00;48.24;53.41;54.22;60.66;53.41
18.03.2010 17:00;51.76;52.58;54.23;61.17;52.58
18.03.2010 18:00;53.60;53.60;54.33;62.06;53.60
18.03.2010 19:00;53.82;53.82;54.45;62.31;53.82
18.03.2010 20:00;52.74;52.74;54.33;61.93;52.74
18.03.2010 21:00;50.43;52.72;54.37;62.01;52.72
18.03.2010 22:00;48.02;53.75;54.08;60.43;53.75
18.03.2010 23:00;41.78;53.42;53.73;60.13;53.42
19.03.2010 00:00;47.01;52.50;53.10;57.78;52.50
19.03.2010 01:00;47.00;52.42;53.02;58.65;52.42
19.03.2010 02:00;46.91;52.36;52.91;58.05;52.36
19.03.2010 03:00;47.10;52.43;52.94;58.20;52.43
19.03.2010 04:00;47.54;52.35;53.02;58.84;52.35
19.03.2010 05:00;47.94;52.28;53.10;59.45;52.28
19.03.2010 06:00;48.04;50.95;53.01;59.00;50.95
19.03.2010 07:00;52.13;52.13;53.04;59.84;52.13
19.03.2010 08:00;52.85;52.85;53.16;61.71;52.85
19.03.2010 09:00;52.51;52.51;53.02;59.74;52.51
19.03.2010 10:00;52.11;52.11;53.07;58.55;52.11
19.03.2010 11:00;51.42;51.42;52.94;58.15;51.42
19.03.2010 12:00;50.82;50.82;52.53;58.54;50.82
19.03.2010 13:00;50.32;50.32;53.08;58.51;50.32
19.03.2010 14:00;49.20;50.07;53.06;58.33;50.07
19.03.2010 15:00;48.33;50.01;53.13;58.05;50.01
19.03.2010 16:00;47.76;50.02;53.11;56.24;50.02
19.03.2010 17:00;48.76;50.03;53.10;56.24;50.03
19.03.2010 18:00;50.49;50.49;53.17;59.12;50.49
19.03.2010 19:00;52.12;52.12;53.22;59.25;52.12
19.03.2010 20:00;48.25;50.55;53.15;59.10;50.55
19.03.2010 21:00;47.07;52.41;53.39;59.90;52.41
19.03.2010 22:00;45.63;53.24;53.24;58.95;53.24
19.03.2010 23:00;45.49;52.96;53.11;59.32;52.96
20.03.2010 00:00;45.99;51.91;51.91;57.46;51.91
20.03.2010 01:00;46.13;51.70;51.70;57.16;51.70
20.03.2010 02:00;45.47;51.64;51.64;53.15;51.64
20.03.2010 03:00;45.47;51.63;51.63;52.23;51.63
20.03.2010 04:00;45.92;51.63;51.63;51.86;51.63
20.03.2010 05:00;47.00;51.57;51.57;50.96;51.57
20.03.2010 06:00;46.35;51.68;51.68;53.76;51.68
20.03.2010 07:00;46.24;51.80;51.85;56.92;51.80
20.03.2010 08:00;47.61;51.75;51.75;58.43;51.75
20.03.2010 09:00;48.36;51.96;51.96;59.83;51.96
20.03.2010 10:00;49.16;51.99;51.99;62.30;51.99
20.03.2010 11:00;48.87;51.88;51.96;60.70;51.88
20.03.2010 12:00;48.01;51.59;51.83;60.01;51.59
20.03.2010 13:00;47.93;51.48;51.73;58.98;51.48
20.03.2010 14:00;47.33;51.49;51.65;57.87;51.49
20.03.2010 15:00;47.35;51.34;51.61;57.11;51.34
20.03.2010 16:00;47.07;51.33;51.60;57.01;51.33
20.03.2010 17:00;47.56;51.42;51.69;56.46;51.42
20.03.2010 18:00;51.18;51.55;51.87;59.25;51.55
20.03.2010 19:00;52.22;52.22;52.48;60.82;52.22
20.03.2010 20:00;48.44;51.66;51.93;59.00;51.66
20.03.2010 21:00;47.53;51.67;51.76;58.56;51.67
20.03.2010 22:00;47.14;51.66;51.66;58.74;51.66
20.03.2010 23:00;45.92;51.70;51.70;58.06;51.70
21.03.2010 00:00;47.46;52.66;52.66;53.48;52.66
21.03.2010 01:00;47.58;52.67;52.67;51.57;52.67
21.03.2010 02:00;47.43;52.60;52.60;50.86;52.60
21.03.2010 03:00;47.33;52.56;52.56;50.71;52.56
21.03.2010 04:00;47.41;52.40;52.40;50.75;52.40
21.03.2010 05:00;47.54;52.47;52.47;50.96;52.47
21.03.2010 06:00;47.09;52.46;52.46;51.62;52.46
21.03.2010 07:00;47.31;52.63;52.63;51.80;52.63
21.03.2010 08:00;47.33;52.30;52.30;53.10;52.30
21.03.2010 09:00;47.99;52.48;52.48;57.03;52.48
21.03.2010 10:00;48.57;52.61;52.61;58.51;52.61
21.03.2010 11:00;48.50;52.59;52.59;58.69;52.59
21.03.2010 12:00;47.98;52.47;52.47;58.77;52.47
21.03.2010 13:00;47.66;52.44;52.44;57.88;52.44
21.03.2010 14:00;47.71;52.55;52.55;57.52;52.55
21.03.2010 15:00;47.49;52.51;52.51;57.52;52.51
21.03.2010 16:00;47.38;52.51;52.51;57.50;52.51
21.03.2010 17:00;48.33;52.53;52.53;57.87;52.53
21.03.2010 18:00;51.97;52.62;52.62;61.11;52.62
21.03.2010 19:00;53.82;53.82;53.82;65.50;53.82
21.03.2010 20:00;51.05;52.93;52.93;65.14;52.93
21.03.2010 21:00;49.67;53.04;53.04;62.74;53.04
21.03.2010 22:00;49.97;53.08;53.08;61.44;53.08
21.03.2010 23:00;47.24;52.83;52.83;59.42;52.83
22.03.2010 00:00;48.42;52.80;52.80;57.75;52.80
22.03.2010 01:00;49.01;52.74;52.74;56.04;52.74
22.03.2010 02:00;49.60;52.71;52.71;54.99;52.71
22.03.2010 03:00;51.28;52.78;52.78;55.30;52.78
22.03.2010 04:00;52.99;52.99;52.99;55.63;52.99
22.03.2010 05:00;54.98;54.98;54.98;57.71;53.51
22.03.2010 06:00;55.16;55.16;55.16;63.32;54.15
22.03.2010 07:00;56.43;56.43;56.43;66.28;55.31
22.03.2010 08:00;56.41;56.41;56.41;67.29;55.50
22.03.2010 09:00;55.40;55.40;55.40;66.33;55.40
22.03.2010 10:00;55.10;55.10;55.10;65.98;55.10
22.03.2010 11:00;53.65;53.65;53.65;65.50;53.65
22.03.2010 12:00;53.21;53.21;53.21;65.08;53.21
22.03.2010 13:00;53.16;53.16;53.16;65.03;53.16
22.03.2010 14:00;52.57;52.57;52.58;63.36;52.57
22.03.2010 15:00;52.39;52.39;52.53;59.44;52.39
22.03.2010 16:00;52.09;52.09;52.43;58.20;52.09
22.03.2010 17:00;52.70;52.70;52.70;58.12;52.70
22.03.2010 18:00;53.96;53.96;53.96;58.99;53.70
22.03.2010 19:00;54.95;54.95;54.95;59.38;54.56
22.03.2010 20:00;53.00;53.00;53.00;61.73;53.00
22.03.2010 21:00;50.99;52.78;52.78;59.37;52.78
22.03.2010 22:00;49.34;53.01;53.01;56.66;53.01
22.03.2010 23:00;47.73;52.79;52.79;55.43;52.79
23.03.2010 00:00;49.93;52.21;52.21;49.93;52.21
23.03.2010 01:00;50.43;52.06;52.06;50.43;52.06
23.03.2010 02:00;49.96;52.02;52.02;49.96;52.02
23.03.2010 03:00;50.57;52.08;52.08;50.57;52.08
23.03.2010 04:00;51.90;51.90;51.90;51.90;51.90
23.03.2010 05:00;51.71;51.71;51.71;51.71;51.71
23.03.2010 06:00;51.29;52.27;52.27;51.29;52.27
23.03.2010 07:00;51.41;52.58;52.58;53.48;52.58
23.03.2010 08:00;52.65;52.65;52.65;56.67;52.65
23.03.2010 09:00;52.09;52.42;52.42;56.29;52.42
23.03.2010 10:00;51.60;52.29;52.29;55.70;52.29
23.03.2010 11:00;51.63;52.09;52.09;53.56;52.09
23.03.2010 12:00;51.09;52.06;52.06;53.56;52.06
23.03.2010 13:00;50.65;51.59;51.59;53.01;51.59
23.03.2010 14:00;49.99;51.44;51.44;50.59;51.44
23.03.2010 15:00;49.84;50.96;50.96;50.90;50.96
23.03.2010 16:00;49.51;50.75;50.75;49.84;50.75
23.03.2010 17:00;50.09;50.09;50.09;51.89;50.09
23.03.2010 18:00;52.36;52.36;52.36;52.36;52.36
23.03.2010 19:00;53.55;53.55;53.55;53.55;53.55
23.03.2010 20:00;52.23;52.23;52.23;52.62;52.23
23.03.2010 21:00;50.71;52.14;52.14;51.08;52.14
23.03.2010 22:00;49.42;52.28;52.28;49.81;52.28
23.03.2010 23:00;48.86;52.03;52.03;49.60;52.03
24.03.2010 00:00;47.33;50.22;50.22;56.05;50.22
24.03.2010 01:00;47.28;50.02;50.02;52.93;50.02
24.03.2010 02:00;47.29;49.81;49.81;52.44;49.81
24.03.2010 03:00;47.26;49.81;49.81;52.41;49.81
24.03.2010 04:00;47.28;49.81;49.81;53.67;49.81
24.03.2010 05:00;48.47;50.00;50.00;56.28;50.00
24.03.2010 06:00;50.02;50.07;50.07;57.72;50.07
24.03.2010 07:00;51.04;51.04;51.04;59.13;51.04
24.03.2010 08:00;51.59;51.59;51.59;60.92;51.59
24.03.2010 09:00;51.25;51.25;51.25;60.87;51.25
24.03.2010 10:00;50.92;51.01;51.01;61.36;51.01
24.03.2010 11:00;50.05;50.92;50.92;58.40;50.92
24.03.2010 12:00;49.45;50.77;50.77;58.47;50.77
24.03.2010 13:00;48.93;50.58;50.58;58.28;50.58
24.03.2010 14:00;48.35;50.68;50.68;58.05;50.68
24.03.2010 15:00;47.94;50.64;50.64;57.51;50.64
24.03.2010 16:00;47.89;50.78;50.78;57.11;50.78
24.03.2010 17:00;48.39;50.74;50.74;56.97;50.74
24.03.2010 18:00;50.04;50.80;50.80;58.11;50.80
24.03.2010 19:00;50.94;50.94;50.94;58.76;50.94
24.03.2010 20:00;49.36;50.64;50.64;57.93;50.64
24.03.2010 21:00;48.95;50.51;50.51;57.46;50.51
24.03.2010 22:00;47.81;50.50;50.50;56.65;50.50
24.03.2010 23:00;47.45;50.14;50.14;56.50;50.14
25.03.2010 00:00;47.23;47.28;47.28;55.73;47.28
25.03.2010 01:00;47.13;47.16;47.16;55.39;47.16
25.03.2010 02:00;47.12;47.12;47.12;55.17;47.12
25.03.2010 03:00;47.13;47.13;47.13;55.07;47.13
25.03.2010 04:00;47.20;47.16;47.16;55.13;47.16
25.03.2010 05:00;47.39;47.39;47.39;55.36;47.39
25.03.2010 06:00;48.58;47.50;47.50;55.91;47.50
25.03.2010 07:00;50.25;48.83;48.83;53.34;48.83
25.03.2010 08:00;55.07;49.68;49.68;55.07;48.81
25.03.2010 09:00;52.15;49.56;49.56;52.15;47.87
25.03.2010 10:00;48.92;48.75;48.75;51.21;47.84
25.03.2010 11:00;48.61;47.99;47.99;50.57;47.79
25.03.2010 12:00;48.34;47.79;47.79;51.18;47.76
25.03.2010 13:00;51.12;47.68;47.68;51.12;47.68
25.03.2010 14:00;48.18;47.57;47.57;49.88;47.57
25.03.2010 15:00;47.69;47.47;47.47;50.65;47.47
25.03.2010 16:00;47.56;47.55;47.55;49.05;47.55
25.03.2010 17:00;47.88;47.53;47.53;49.57;47.53
25.03.2010 18:00;48.44;47.84;47.84;51.15;47.84
25.03.2010 19:00;49.19;49.19;49.19;52.03;49.11
25.03.2010 20:00;48.20;47.61;47.61;51.22;47.61
25.03.2010 21:00;47.78;47.59;47.59;51.18;47.59
25.03.2010 22:00;47.09;47.50;47.50;50.40;47.50
25.03.2010 23:00;45.96;47.30;47.30;48.68;47.30
26.03.2010 00:00;46.52;45.34;45.34;46.52;45.34
26.03.2010 01:00;46.05;45.18;45.18;46.05;45.18
26.03.2010 02:00;45.68;44.98;44.98;45.68;44.98
26.03.2010 03:00;45.73;44.96;44.96;45.73;44.96
26.03.2010 04:00;45.84;45.20;45.20;45.84;45.20
26.03.2010 05:00;46.38;45.63;45.63;46.38;45.63
26.03.2010 06:00;48.25;46.27;46.27;48.25;46.21
26.03.2010 07:00;48.81;47.66;47.66;48.81;46.71
26.03.2010 08:00;49.53;49.53;49.53;49.53;47.81
26.03.2010 09:00;49.21;49.01;49.01;49.21;48.83
26.03.2010 10:00;49.01;48.81;48.81;49.01;46.99
26.03.2010 11:00;48.31;48.31;48.31;48.31;47.71
26.03.2010 12:00;47.70;47.70;47.70;47.70;46.85
26.03.2010 13:00;46.95;46.80;46.80;46.95;46.46
26.03.2010 14:00;46.61;46.34;46.34;46.61;46.34
26.03.2010 15:00;46.34;45.79;45.79;46.34;45.79
26.03.2010 16:00;45.67;45.47;45.47;45.67;45.47
26.03.2010 17:00;45.96;45.96;45.96;45.96;45.96
26.03.2010 18:00;46.49;46.49;46.49;46.49;46.49
26.03.2010 19:00;47.34;47.34;47.34;47.34;46.76
26.03.2010 20:00;46.91;45.96;45.96;46.91;45.96
26.03.2010 21:00;46.30;45.79;45.79;46.30;45.79
26.03.2010 22:00;45.65;45.81;45.81;45.65;45.81
26.03.2010 23:00;45.17;45.58;45.58;45.17;45.58
27.03.2010 00:00;45.19;45.32;45.32;45.19;45.32
27.03.2010 01:00;44.32;45.11;45.11;44.32;45.11
27.03.2010 02:00;44.16;44.98;44.98;44.16;44.98
27.03.2010 03:00;44.09;44.92;44.92;44.09;44.92
27.03.2010 04:00;44.12;44.87;44.87;44.12;44.87
27.03.2010 05:00;44.15;44.92;44.92;44.15;44.92
27.03.2010 06:00;44.35;45.20;45.20;44.35;45.20
27.03.2010 07:00;44.16;45.37;45.37;44.16;45.37
27.03.2010 08:00;44.59;45.43;45.43;44.59;45.43
27.03.2010 09:00;45.31;45.63;45.63;45.31;45.63
27.03.2010 10:00;45.63;45.63;45.63;45.63;45.63
27.03.2010 11:00;45.02;45.48;45.48;45.02;45.48
27.03.2010 12:00;44.45;45.33;45.33;44.45;45.33
27.03.2010 13:00;44.38;45.16;45.16;44.38;45.16
27.03.2010 14:00;44.33;45.08;45.08;44.33;45.08
27.03.2010 15:00;44.26;44.94;44.94;44.26;44.94
27.03.2010 16:00;44.29;45.02;45.02;44.29;45.02
27.03.2010 17:00;44.24;45.20;45.20;44.24;45.20
27.03.2010 18:00;46.06;46.06;46.06;46.06;46.06
27.03.2010 19:00;46.78;46.78;46.78;46.78;46.78
27.03.2010 20:00;44.74;45.40;45.40;44.74;45.40
27.03.2010 21:00;44.25;45.44;45.44;44.25;45.44
27.03.2010 22:00;44.11;45.36;45.36;44.11;45.36
27.03.2010 23:00;44.03;45.28;45.28;44.03;45.28
28.03.2010 00:00;44.90;45.14;45.14;44.90;45.14
28.03.2010 01:00;44.44;44.91;44.91;44.44;44.91
28.03.2010 03:00;44.30;44.59;44.59;44.30;44.59
28.03.2010 04:00;44.30;44.88;44.88;44.30;44.88
28.03.2010 05:00;44.27;45.05;45.05;44.27;45.05
28.03.2010 06:00;44.41;45.07;45.07;44.41;45.07
28.03.2010 07:00;44.27;45.10;45.10;44.27;45.10
28.03.2010 08:00;44.41;45.04;45.04;44.41;45.04
28.03.2010 09:00;44.45;45.16;45.16;44.45;45.16
28.03.2010 10:00;44.62;45.28;45.28;44.62;45.28
28.03.2010 11:00;44.93;45.32;45.32;44.93;45.32
28.03.2010 12:00;45.35;45.35;45.35;45.35;45.35
28.03.2010 13:00;44.92;45.17;45.17;44.92;45.17
28.03.2010 14:00;44.87;45.09;45.09;44.87;45.09
28.03.2010 15:00;44.40;45.06;45.06;44.40;45.06
28.03.2010 16:00;44.45;45.03;45.03;44.45;45.03
28.03.2010 17:00;44.84;44.84;44.84;44.84;44.84
28.03.2010 18:00;45.70;45.70;45.70;45.70;45.70
28.03.2010 19:00;46.16;46.16;46.16;46.16;46.16
28.03.2010 20:00;46.34;46.34;46.34;46.34;46.34
28.03.2010 21:00;45.50;45.50;45.50;45.50;45.50
28.03.2010 22:00;44.79;45.06;45.06;44.79;45.06
28.03.2010 23:00;42.80;44.87;44.87;42.80;44.87
29.03.2010 00:00;44.99;45.00;45.00;44.99;45.00
29.03.2010 01:00;44.77;44.77;44.77;44.77;44.77
29.03.2010 02:00;44.59;44.71;44.71;44.59;44.71
29.03.2010 03:00;44.47;44.62;44.62;44.47;44.62
29.03.2010 04:00;45.06;45.06;45.06;45.06;45.06
29.03.2010 05:00;45.50;45.50;45.50;45.50;45.50
29.03.2010 06:00;45.89;45.89;45.89;45.89;45.89
29.03.2010 07:00;46.59;46.59;46.59;46.59;46.59
29.03.2010 08:00;47.44;47.44;47.44;47.44;47.44
29.03.2010 09:00;47.48;47.48;47.48;47.48;47.48
29.03.2010 10:00;47.24;47.24;47.24;47.24;47.24
29.03.2010 11:00;46.77;46.77;46.77;46.77;46.77
29.03.2010 12:00;46.33;46.33;46.33;46.33;46.33
29.03.2010 13:00;46.00;46.00;46.00;46.00;46.00
29.03.2010 14:00;45.41;45.41;45.41;45.41;45.41
29.03.2010 15:00;45.35;45.35;45.35;45.35;45.35
29.03.2010 16:00;45.14;45.14;45.14;45.14;45.14
29.03.2010 17:00;45.30;45.30;45.30;45.30;45.30
29.03.2010 18:00;45.64;45.64;45.64;45.64;45.64
29.03.2010 19:00;46.59;46.59;46.59;46.59;46.35
29.03.2010 20:00;46.17;46.17;46.17;46.17;46.17
29.03.2010 21:00;45.63;45.63;45.63;45.63;45.63
29.03.2010 22:00;45.65;45.65;45.65;45.65;45.65
29.03.2010 23:00;44.38;45.07;45.07;44.38;45.07
30.03.2010 00:00;43.83;44.64;44.64;43.83;44.64
30.03.2010 01:00;43.46;44.44;44.44;43.46;44.44
30.03.2010 02:00;43.30;44.55;44.55;43.30;44.55
30.03.2010 03:00;43.43;44.53;44.53;43.43;44.53
30.03.2010 04:00;44.50;44.66;44.66;44.50;44.66
30.03.2010 05:00;45.44;45.44;45.44;45.44;45.44
30.03.2010 06:00;45.46;45.46;45.46;45.46;45.46
30.03.2010 07:00;45.75;45.75;45.75;45.75;45.75
30.03.2010 08:00;46.46;46.46;46.46;46.46;45.81
30.03.2010 09:00;46.38;46.38;46.38;46.38;45.83
30.03.2010 10:00;45.81;45.81;45.81;45.81;45.81
30.03.2010 11:00;46.04;46.04;46.04;46.04;46.04
30.03.2010 12:00;45.44;45.44;45.44;45.44;45.44
30.03.2010 13:00;45.00;45.00;45.00;45.00;45.00
30.03.2010 14:00;44.73;44.73;44.73;44.73;44.73
30.03.2010 15:00;44.56;44.56;44.56;44.56;44.56
30.03.2010 16:00;44.17;44.64;44.64;44.17;44.64
30.03.2010 17:00;44.42;44.64;44.64;44.42;44.64
30.03.2010 18:00;44.83;44.83;44.83;44.83;44.83
30.03.2010 19:00;45.69;45.69;45.69;45.69;45.69
30.03.2010 20:00;45.50;45.50;45.50;45.50;45.50
30.03.2010 21:00;45.07;45.19;45.19;45.07;45.19
30.03.2010 22:00;44.48;45.28;45.28;44.48;45.28
30.03.2010 23:00;43.64;45.07;45.07;43.64;45.07
31.03.2010 00:00;43.14;45.00;45.00;43.14;45.00
31.03.2010 01:00;43.01;44.75;44.75;43.01;44.75
31.03.2010 02:00;42.85;44.65;44.65;42.85;44.65
31.03.2010 03:00;43.03;44.63;44.63;43.03;44.63
31.03.2010 04:00;43.99;44.66;44.66;43.99;44.66
31.03.2010 05:00;45.10;45.10;45.10;45.10;45.10
31.03.2010 06:00;44.99;44.99;44.99;44.99;44.99
31.03.2010 07:00;45.93;45.93;45.93;45.93;45.93
31.03.2010 08:00;46.01;46.01;46.01;46.01;46.01
31.03.2010 09:00;45.91;45.91;45.91;45.91;45.91
31.03.2010 10:00;45.90;45.90;45.90;45.90;45.90
31.03.2010 11:00;45.71;45.71;45.71;45.71;45.71
31.03.2010 12:00;45.33;45.33;45.33;45.33;45.33
31.03.2010 13:00;45.31;45.31;45.31;45.31;45.31
31.03.2010 14:00;45.16;45.16;45.16;45.16;45.16
31.03.2010 15:00;44.99;44.99;44.99;44.99;44.99
31.03.2010 16:00;44.71;44.71;44.71;44.71;44.71
31.03.2010 17:00;44.86;44.86;44.86;44.86;44.86
31.03.2010 18:00;45.22;45.22;45.22;45.22;45.22
31.03.2010 19:00;45.63;45.63;45.63;45.63;45.63
31.03.2010 20:00;45.68;45.68;45.68;45.68;45.68
31.03.2010 21:00;44.87;44.87;44.87;44.87;44.87
31.03.2010 22:00;44.31;44.75;44.75;44.31;44.75
31.03.2010 23:00;43.20;44.68;44.68;43.20;44.68
01.04.2010 00:00;44.08;45.26;45.26;44.08;45.26
01.04.2010 01:00;43.46;45.02;45.02;43.46;45.02
01.04.2010 02:00;43.05;44.96;44.96;43.05;44.96
01.04.2010 03:00;43.45;45.04;45.04;43.45;45.04
01.04.2010 04:00;44.42;44.98;44.98;44.42;44.98
01.04.2010 05:00;45.64;45.64;45.64;45.64;45.64
01.04.2010 06:00;45.53;45.53;45.53;45.53;45.53
01.04.2010 07:00;46.15;46.15;46.15;46.15;46.15
01.04.2010 08:00;47.08;47.08;47.08;47.08;47.08
01.04.2010 09:00;46.67;46.67;46.67;46.67;46.67
01.04.2010 10:00;46.11;46.11;46.11;46.11;46.11
01.04.2010 11:00;46.00;46.00;46.00;46.00;46.00
01.04.2010 12:00;45.54;45.54;45.54;45.54;45.54
01.04.2010 13:00;44.94;44.94;44.94;44.94;44.94
01.04.2010 14:00;44.45;44.68;44.68;44.45;44.68
01.04.2010 15:00;43.84;44.69;44.69;43.84;44.69
01.04.2010 16:00;43.53;44.68;44.68;43.53;44.68
01.04.2010 17:00;43.77;44.70;44.70;43.77;44.70
01.04.2010 18:00;44.61;44.79;44.79;44.61;44.79
01.04.2010 19:00;46.01;46.01;46.01;46.01;46.01
01.04.2010 20:00;46.57;46.57;46.57;46.57;46.57
01.04.2010 21:00;46.06;46.06;46.06;46.06;46.06
01.04.2010 22:00;44.31;45.04;45.04;44.31;45.04
01.04.2010 23:00;41.99;44.89;44.89;41.99;44.89
02.04.2010 00:00;42.44;45.61;45.61;42.44;45.61
02.04.2010 01:00;42.33;44.97;44.97;42.33;44.97
02.04.2010 02:00;42.11;45.03;45.03;42.11;45.03
02.04.2010 03:00;42.02;45.32;45.32;42.02;45.32
02.04.2010 04:00;42.15;45.34;45.34;42.15;45.34
02.04.2010 05:00;42.46;45.26;45.26;42.46;45.26
02.04.2010 06:00;43.63;45.37;45.37;43.63;45.37
02.04.2010 07:00;43.35;45.74;45.74;43.35;45.74
02.04.2010 08:00;44.86;45.51;45.51;44.86;45.51
02.04.2010 09:00;44.98;45.65;45.65;44.98;45.65
02.04.2010 10:00;46.09;46.09;46.09;46.09;46.09
02.04.2010 11:00;46.43;46.43;46.43;46.43;46.43
02.04.2010 12:00;45.91;45.91;45.91;45.91;45.91
02.04.2010 13:00;44.76;45.26;45.26;44.76;45.26
02.04.2010 14:00;44.33;45.34;45.34;44.33;45.34
02.04.2010 15:00;44.26;45.47;45.47;44.26;45.47
02.04.2010 16:00;43.34;45.35;45.35;43.34;45.35
02.04.2010 17:00;43.50;45.40;45.40;43.50;45.40
02.04.2010 18:00;43.37;45.52;45.52;43.37;45.52
02.04.2010 19:00;45.99;46.09;46.09;45.99;46.09
02.04.2010 20:00;46.77;46.77;46.77;46.77;46.77
02.04.2010 21:00;46.15;46.15;46.15;46.15;46.15
02.04.2010 22:00;44.83;45.89;45.89;44.83;45.89
02.04.2010 23:00;42.93;45.43;45.43;42.93;45.43
03.04.2010 00:00;41.79;46.08;46.08;41.79;46.08
03.04.2010 01:00;41.61;45.70;45.70;41.61;45.70
03.04.2010 02:00;41.30;45.47;45.47;41.30;45.47
03.04.2010 03:00;41.06;45.43;45.43;41.06;45.43
03.04.2010 04:00;41.44;45.33;45.33;41.44;45.33
03.04.2010 05:00;41.50;45.71;45.71;41.50;45.71
03.04.2010 06:00;41.63;45.12;45.12;41.63;45.12
03.04.2010 07:00;42.31;44.77;44.77;42.31;44.77
03.04.2010 08:00;43.69;44.98;44.98;43.69;44.98
03.04.2010 09:00;45.25;45.25;45.25;45.25;45.25
03.04.2010 10:00;45.86;45.86;45.86;45.86;45.86
03.04.2010 11:00;45.46;45.46;45.46;45.46;45.46
03.04.2010 12:00;44.75;44.99;44.99;44.75;44.99
03.04.2010 13:00;44.38;44.87;44.87;44.38;44.87
03.04.2010 14:00;43.93;44.81;44.81;43.93;44.81
03.04.2010 15:00;43.37;44.68;44.68;43.37;44.68
03.04.2010 16:00;41.92;44.62;44.62;41.92;44.62
03.04.2010 17:00;43.11;44.70;44.70;43.11;44.70
03.04.2010 18:00;43.66;44.76;44.76;43.66;44.76
03.04.2010 19:00;44.25;44.91;44.91;44.25;44.91
03.04.2010 20:00;44.51;45.06;45.06;44.51;45.06
03.04.2010 21:00;43.52;45.10;45.10;43.52;45.10
03.04.2010 22:00;43.31;44.99;44.99;43.31;44.99
03.04.2010 23:00;41.78;45.97;45.97;41.78;45.97
04.04.2010 00:00;42.19;46.47;46.47;42.19;46.47
04.04.2010 01:00;41.77;45.98;45.98;41.77;45.98
04.04.2010 02:00;41.64;45.80;45.80;41.64;45.80
04.04.2010 03:00;41.63;45.80;45.80;41.63;45.80
04.04.2010 04:00;41.64;45.77;45.77;41.64;45.77
04.04.2010 05:00;41.69;45.84;45.84;41.69;45.84
04.04.2010 06:00;41.69;45.69;45.69;41.69;45.69
04.04.2010 07:00;41.68;45.63;45.63;41.68;45.63
04.04.2010 08:00;42.01;45.72;45.72;42.01;45.72
04.04.2010 09:00;42.68;45.71;45.71;42.68;45.71
04.04.2010 10:00;43.18;45.88;45.88;43.18;45.88
04.04.2010 11:00;43.17;45.94;45.94;43.17;45.94
04.04.2010 12:00;42.73;45.83;45.83;42.73;45.83
04.04.2010 13:00;42.21;45.80;45.80;42.21;45.80
04.04.2010 14:00;41.89;45.82;45.82;41.89;45.82
04.04.2010 15:00;41.88;45.72;45.72;41.88;45.72
04.04.2010 16:00;42.08;45.61;45.61;42.08;45.61
04.04.2010 17:00;42.29;45.66;45.66;42.29;45.66
04.04.2010 18:00;42.27;45.80;45.80;42.27;45.80
04.04.2010 19:00;43.17;45.94;45.94;43.17;45.94
04.04.2010 20:00;47.14;47.14;47.14;47.14;47.14
04.04.2010 21:00;47.02;47.02;47.02;47.02;47.02
04.04.2010 22:00;45.21;47.08;47.08;45.21;47.08
04.04.2010 23:00;42.65;46.47;46.47;42.65;46.47
05.04.2010 00:00;41.62;46.69;46.69;41.62;46.69
05.04.2010 01:00;41.45;46.16;46.16;41.45;46.16
05.04.2010 02:00;41.38;45.97;45.97;41.38;45.97
05.04.2010 03:00;41.38;45.96;45.96;41.38;45.96
05.04.2010 04:00;41.42;45.94;45.94;41.42;45.94
05.04.2010 05:00;41.74;45.94;45.94;41.74;45.94
05.04.2010 06:00;41.94;46.04;46.04;41.94;46.04
05.04.2010 07:00;42.30;45.53;45.53;42.30;45.53
05.04.2010 08:00;43.40;45.64;45.64;43.40;45.64
05.04.2010 09:00;44.18;45.90;45.90;44.18;45.90
05.04.2010 10:00;44.60;46.16;46.16;44.60;46.16
05.04.2010 11:00;44.65;46.25;46.25;44.65;46.25
05.04.2010 12:00;44.43;46.12;46.12;44.43;46.12
05.04.2010 13:00;44.72;46.26;46.26;44.72;46.26
05.04.2010 14:00;44.32;46.21;46.21;44.32;46.21
05.04.2010 15:00;44.17;46.12;46.12;44.17;46.12
05.04.2010 16:00;44.14;46.02;46.02;44.14;46.02
05.04.2010 17:00;44.44;46.15;46.15;44.44;46.15
05.04.2010 18:00;44.74;46.14;46.14;44.74;46.14
05.04.2010 19:00;45.87;46.26;46.26;45.87;46.26
05.04.2010 20:00;47.93;47.93;47.93;47.93;47.93
05.04.2010 21:00;47.92;47.92;47.92;47.92;47.92
05.04.2010 22:00;47.50;47.50;47.50;47.50;47.50
05.04.2010 23:00;45.01;46.54;46.54;45.01;46.54
06.04.2010 00:00;45.06;46.98;46.98;45.06;46.98
06.04.2010 01:00;44.50;46.83;46.83;44.50;46.83
06.04.2010 02:00;44.10;46.73;46.73;44.10;46.73
06.04.2010 03:00;44.38;46.74;46.74;44.38;46.74
06.04.2010 04:00;45.32;47.00;47.00;45.32;47.00
06.04.2010 05:00;47.49;47.49;47.49;47.49;47.49
06.04.2010 06:00;49.58;49.58;49.58;49.58;49.58
06.04.2010 07:00;53.74;53.74;53.74;53.74;53.74
06.04.2010 08:00;56.25;56.25;56.25;56.25;56.25
06.04.2010 09:00;55.37;55.37;55.37;55.37;55.37
06.04.2010 10:00;55.13;55.13;55.13;55.13;55.13
06.04.2010 11:00;54.29;54.29;54.29;54.29;54.29
06.04.2010 12:00;52.00;52.00;52.00;52.00;52.00
06.04.2010 13:00;50.18;50.18;50.18;50.18;50.18
06.04.2010 14:00;48.84;48.84;48.84;48.84;48.84
06.04.2010 15:00;47.83;47.83;47.83;47.83;47.83
06.04.2010 16:00;47.45;47.45;47.45;47.45;47.45
06.04.2010 17:00;47.44;47.44;47.44;47.44;47.44
06.04.2010 18:00;47.69;47.69;47.69;47.69;47.69
06.04.2010 19:00;48.30;48.30;48.30;48.30;48.30
06.04.2010 20:00;49.24;49.24;49.24;49.24;49.24
06.04.2010 21:00;47.72;47.72;47.72;47.72;47.72
06.04.2010 22:00;47.53;47.53;47.53;47.53;47.53
06.04.2010 23:00;45.22;46.82;46.82;45.22;46.82
07.04.2010 00:00;44.88;48.04;48.04;44.88;48.04
07.04.2010 01:00;44.32;47.92;47.92;44.32;47.92
07.04.2010 02:00;44.04;47.79;47.79;44.04;47.79
07.04.2010 03:00;44.04;47.75;47.75;44.04;47.75
07.04.2010 04:00;44.06;47.72;47.72;44.06;47.72
07.04.2010 05:00;45.12;47.68;47.68;45.12;47.68
07.04.2010 06:00;47.49;47.49;47.49;47.49;47.49
07.04.2010 07:00;49.24;49.24;49.24;49.24;49.24
07.04.2010 08:00;51.61;51.61;50.76;51.61;50.76
07.04.2010 09:00;51.46;51.46;51.46;51.46;51.46
07.04.2010 10:00;50.85;50.85;50.85;50.85;50.85
07.04.2010 11:00;50.35;50.35;50.35;50.35;50.35
07.04.2010 12:00;49.40;49.40;49.40;49.40;49.40
07.04.2010 13:00;49.14;49.14;49.14;49.14;49.14
07.04.2010 14:00;48.11;48.11;48.11;48.11;48.11
07.04.2010 15:00;47.61;47.61;47.61;47.61;47.61
07.04.2010 16:00;47.68;47.68;47.68;47.68;47.68
07.04.2010 17:00;47.72;47.72;47.72;47.72;47.72
07.04.2010 18:00;48.13;48.13;48.13;48.13;48.13
07.04.2010 19:00;49.50;49.50;49.50;49.50;49.50
07.04.2010 20:00;49.83;49.83;49.83;49.83;49.83
07.04.2010 21:00;47.93;47.93;47.93;47.93;47.93
07.04.2010 22:00;47.49;47.94;47.94;47.49;47.94
07.04.2010 23:00;45.22;47.83;47.83;45.22;47.83
08.04.2010 00:00;43.22;47.94;47.94;43.15;47.94
08.04.2010 01:00;43.15;47.63;47.63;42.80;47.63
08.04.2010 02:00;43.06;47.53;47.53;42.71;47.53
08.04.2010 03:00;43.08;47.50;47.50;42.73;47.50
08.04.2010 04:00;43.12;47.67;47.67;42.80;47.67
08.04.2010 05:00;43.92;47.96;47.96;43.92;47.96
08.04.2010 06:00;46.38;46.70;46.70;46.38;46.70
08.04.2010 07:00;49.38;49.38;49.38;49.38;49.38
08.04.2010 08:00;51.49;51.49;51.49;51.49;51.49
08.04.2010 09:00;51.38;51.38;51.38;51.38;51.38
08.04.2010 10:00;51.26;51.26;51.26;51.26;51.26
08.04.2010 11:00;50.71;50.71;50.71;50.71;50.71
08.04.2010 12:00;49.38;49.38;49.38;49.38;49.38
08.04.2010 13:00;48.63;48.63;48.63;48.63;48.63
08.04.2010 14:00;47.98;47.98;47.98;47.98;47.98
08.04.2010 15:00;47.76;47.76;47.76;47.76;47.76
08.04.2010 16:00;47.75;47.75;47.75;47.75;47.75
08.04.2010 17:00;47.85;47.85;47.85;47.85;47.85
08.04.2010 18:00;47.73;47.73;47.73;47.73;47.73
08.04.2010 19:00;48.04;48.04;48.04;48.04;48.04
08.04.2010 20:00;49.33;49.33;49.33;49.33;49.33
08.04.2010 21:00;47.46;48.23;48.23;47.46;48.23
08.04.2010 22:00;45.46;48.37;48.37;45.46;48.37
08.04.2010 23:00;44.04;48.38;48.38;44.04;48.38
09.04.2010 00:00;44.31;48.24;48.24;44.31;48.24
09.04.2010 01:00;43.85;47.92;47.92;43.85;47.92
09.04.2010 02:00;43.71;47.98;47.98;43.71;47.98
09.04.2010 03:00;43.78;48.02;48.02;43.78;48.02
09.04.2010 04:00;43.84;48.01;48.01;43.84;48.01
09.04.2010 05:00;44.56;48.11;48.11;44.56;48.11
09.04.2010 06:00;46.49;47.54;47.54;46.49;47.54
09.04.2010 07:00;49.81;49.81;49.81;49.81;49.81
09.04.2010 08:00;51.34;51.34;51.34;51.34;51.34
09.04.2010 09:00;51.41;51.41;51.41;51.41;51.41
09.04.2010 10:00;50.97;50.97;50.97;50.97;50.97
09.04.2010 11:00;50.09;50.09;50.09;50.09;50.09
09.04.2010 12:00;48.87;48.87;48.87;48.87;48.87
09.04.2010 13:00;47.38;47.38;47.38;47.38;47.38
09.04.2010 14:00;46.24;46.49;46.49;46.24;46.49
09.04.2010 15:00;45.95;45.95;45.95;45.95;45.95
09.04.2010 16:00;45.65;46.98;46.98;45.65;46.98
09.04.2010 17:00;46.23;47.22;47.22;46.23;47.22
09.04.2010 18:00;46.91;47.34;47.34;46.91;47.34
09.04.2010 19:00;47.33;47.33;47.33;47.33;47.33
09.04.2010 20:00;48.85;48.85;48.85;48.85;48.85
09.04.2010 21:00;46.95;47.69;47.69;46.95;47.69
09.04.2010 22:00;45.98;47.95;47.95;45.98;47.95
09.04.2010 23:00;45.12;48.08;48.08;45.12;48.08
10.04.2010 00:00;44.54;48.32;48.32;44.54;48.32
10.04.2010 01:00;43.76;48.16;48.16;43.76;48.16
10.04.2010 02:00;43.62;48.05;48.05;43.62;48.05
10.04.2010 03:00;43.59;48.10;48.10;43.59;48.10
10.04.2010 04:00;43.63;48.11;48.11;43.63;48.11
10.04.2010 05:00;43.65;48.22;48.22;43.65;48.22
10.04.2010 06:00;43.85;48.41;48.41;43.85;48.41
10.04.2010 07:00;44.71;48.46;48.46;44.71;48.46
10.04.2010 08:00;45.57;48.45;48.45;45.57;48.45
10.04.2010 09:00;46.30;48.51;48.51;46.30;48.51
10.04.2010 10:00;47.61;48.62;48.62;47.61;48.62
10.04.2010 11:00;47.38;48.53;48.53;47.38;48.53
10.04.2010 12:00;47.12;48.43;48.43;47.12;48.43
10.04.2010 13:00;46.91;48.40;48.40;46.91;48.40
10.04.2010 14:00;45.67;48.24;48.24;45.67;48.24
10.04.2010 15:00;45.59;48.08;48.08;45.59;48.08
10.04.2010 16:00;45.88;48.06;48.06;45.88;48.06
10.04.2010 17:00;45.69;47.95;47.95;45.69;47.95
10.04.2010 18:00;46.37;48.49;48.49;46.37;48.49
10.04.2010 19:00;46.23;48.51;48.51;46.23;48.51
10.04.2010 20:00;47.32;48.52;48.52;47.32;48.52
10.04.2010 21:00;45.86;48.48;48.48;45.86;48.48
10.04.2010 22:00;45.79;48.71;48.71;45.79;48.71
10.04.2010 23:00;45.12;48.73;48.73;45.12;48.73
11.04.2010 00:00;44.75;48.75;48.75;44.75;48.75
11.04.2010 01:00;43.81;48.56;48.56;43.81;48.56
11.04.2010 02:00;43.91;48.45;48.45;43.91;48.45
11.04.2010 03:00;44.69;48.44;48.44;44.69;48.44
11.04.2010 04:00;45.04;48.49;48.49;45.04;48.49
11.04.2010 05:00;45.04;48.53;48.53;45.04;48.53
11.04.2010 06:00;45.21;48.61;48.61;45.21;48.61
11.04.2010 07:00;45.23;48.33;48.33;45.23;48.33
11.04.2010 08:00;45.85;48.38;48.38;45.85;48.38
11.04.2010 09:00;47.02;48.68;48.68;47.02;48.68
11.04.2010 10:00;47.86;48.87;48.87;47.86;48.87
11.04.2010 11:00;47.53;48.91;48.91;47.53;48.91
11.04.2010 12:00;47.00;48.73;48.73;47.00;48.73
11.04.2010 13:00;46.21;48.62;48.62;46.21;48.62
11.04.2010 14:00;45.78;48.58;48.58;45.78;48.58
11.04.2010 15:00;45.71;48.46;48.46;45.71;48.46
11.04.2010 16:00;45.69;48.46;48.46;45.69;48.46
11.04.2010 17:00;45.51;48.45;48.45;45.51;48.45
11.04.2010 18:00;45.75;48.51;48.51;45.75;48.51
11.04.2010 19:00;46.11;48.68;48.68;46.11;48.68
11.04.2010 20:00;48.99;48.99;48.99;48.99;48.99
11.04.2010 21:00;47.27;48.87;48.87;47.27;48.87
11.04.2010 22:00;46.34;48.83;48.83;46.34;48.83
11.04.2010 23:00;45.81;48.59;48.59;45.81;48.59
12.04.2010 00:00;45.64;48.30;48.30;45.64;48.30
12.04.2010 01:00;45.23;48.08;48.08;45.23;48.08
12.04.2010 02:00;45.01;48.06;48.06;45.01;48.06
12.04.2010 03:00;45.09;48.03;48.03;45.09;48.03
12.04.2010 04:00;45.78;48.02;48.02;45.78;48.02
12.04.2010 05:00;47.18;48.45;48.45;47.18;48.45
12.04.2010 06:00;48.10;48.10;48.10;48.10;48.10
12.04.2010 07:00;50.21;50.21;50.21;50.21;50.21
12.04.2010 08:00;52.24;52.24;52.24;52.24;52.24
12.04.2010 09:00;53.31;53.31;53.31;53.31;53.31
12.04.2010 10:00;52.87;52.87;52.87;52.87;52.87
12.04.2010 11:00;51.93;51.93;51.93;51.93;51.93
12.04.2010 12:00;51.36;51.36;51.36;51.36;51.36
12.04.2010 13:00;50.59;50.59;50.59;50.59;50.59
12.04.2010 14:00;49.10;49.10;49.10;49.10;49.10
12.04.2010 15:00;48.14;48.14;48.14;48.14;48.14
12.04.2010 16:00;47.75;47.85;47.85;47.75;47.85
12.04.2010 17:00;47.91;47.91;47.91;47.91;47.91
12.04.2010 18:00;48.26;48.26;48.26;48.26;48.26
12.04.2010 19:00;48.49;48.49;48.49;48.49;48.49
12.04.2010 20:00;49.40;49.40;49.40;49.40;49.40
12.04.2010 21:00;48.44;48.44;48.44;48.44;48.44
12.04.2010 22:00;47.92;48.37;48.37;47.92;48.37
12.04.2010 23:00;46.44;48.32;48.32;46.44;48.32
13.04.2010 00:00;45.77;48.44;48.44;45.77;48.44
13.04.2010 01:00;45.57;48.23;48.23;45.57;48.23
13.04.2010 02:00;45.42;48.20;48.20;45.42;48.20
13.04.2010 03:00;45.52;48.20;48.20;45.52;48.20
13.04.2010 04:00;45.78;48.22;48.22;45.78;48.22
13.04.2010 05:00;48.03;48.03;48.03;48.03;48.03
13.04.2010 06:00;49.01;49.01;49.01;49.01;49.01
13.04.2010 07:00;50.77;50.77;50.77;50.77;50.77
13.04.2010 08:00;54.09;54.09;54.09;54.09;54.09
13.04.2010 09:00;53.48;53.48;53.48;53.48;53.48
13.04.2010 10:00;52.56;52.56;52.56;52.56;52.56
13.04.2010 11:00;51.86;51.86;51.86;51.86;51.86
13.04.2010 12:00;51.34;51.34;51.34;51.34;51.34
13.04.2010 13:00;50.00;50.00;50.00;50.00;50.00
13.04.2010 14:00;49.37;49.37;49.37;49.37;49.37
13.04.2010 15:00;48.93;48.93;48.93;48.93;48.93
13.04.2010 16:00;48.84;48.84;48.84;48.84;48.84
13.04.2010 17:00;48.60;48.60;48.60;48.60;48.60
13.04.2010 18:00;48.82;48.82;48.82;48.82;48.82
13.04.2010 19:00;49.33;49.33;49.33;49.33;49.33
13.04.2010 20:00;49.82;49.82;49.82;49.82;49.82
13.04.2010 21:00;49.13;49.13;49.13;49.13;49.13
13.04.2010 22:00;48.65;48.67;48.67;48.65;48.67
13.04.2010 23:00;46.76;48.38;48.38;46.76;48.38
14.04.2010 00:00;45.38;48.12;48.12;45.38;48.12
14.04.2010 01:00;44.91;47.87;47.87;44.91;47.87
14.04.2010 02:00;44.16;47.71;47.71;44.16;47.71
14.04.2010 03:00;44.31;47.77;47.77;44.31;47.77
14.04.2010 04:00;45.03;47.79;47.79;45.03;47.79
14.04.2010 05:00;46.97;47.83;47.83;46.97;47.83
14.04.2010 06:00;48.06;48.06;48.06;48.06;48.06
14.04.2010 07:00;49.63;49.63;49.63;49.63;49.63
14.04.2010 08:00;52.04;52.04;52.04;52.04;52.04
14.04.2010 09:00;52.76;52.76;52.76;52.76;52.76
14.04.2010 10:00;53.58;53.58;53.16;53.58;53.16
14.04.2010 11:00;51.84;51.84;51.84;51.84;51.84
14.04.2010 12:00;50.51;50.51;50.51;50.51;50.51
14.04.2010 13:00;49.95;49.95;49.95;49.95;49.95
14.04.2010 14:00;49.55;49.55;49.55;49.55;49.55
14.04.2010 15:00;48.78;48.78;48.78;48.78;48.78
14.04.2010 16:00;47.97;47.97;47.97;47.97;47.97
14.04.2010 17:00;47.30;47.90;47.90;47.30;47.90
14.04.2010 18:00;47.56;47.56;47.56;47.56;47.56
14.04.2010 19:00;48.61;48.61;48.61;48.61;48.61
14.04.2010 20:00;49.35;49.35;49.35;49.35;49.35
14.04.2010 21:00;49.08;49.08;49.08;49.08;49.08
14.04.2010 22:00;48.37;48.37;48.37;48.37;48.37
14.04.2010 23:00;46.53;47.71;47.71;46.53;47.71
15.04.2010 00:00;43.81;47.25;47.25;43.81;47.25
15.04.2010 01:00;43.74;47.07;47.07;43.74;47.07
15.04.2010 02:00;43.59;46.90;46.90;43.59;46.90
15.04.2010 03:00;43.49;46.85;46.85;43.49;46.85
15.04.2010 04:00;43.59;47.08;47.08;43.59;47.08
15.04.2010 05:00;46.45;46.99;46.99;46.45;46.99
15.04.2010 06:00;48.01;48.01;48.01;48.01;48.01
15.04.2010 07:00;50.34;50.34;50.34;50.34;50.34
15.04.2010 08:00;52.24;52.24;52.24;52.24;52.24
15.04.2010 09:00;51.95;51.95;51.95;51.95;51.95
15.04.2010 10:00;51.49;51.49;51.49;51.49;51.49
15.04.2010 11:00;50.77;50.77;50.77;50.77;50.77
15.04.2010 12:00;50.12;50.12;50.12;50.12;50.12
15.04.2010 13:00;49.50;49.50;49.50;49.50;49.50
15.04.2010 14:00;48.39;48.39;48.39;48.39;48.39
15.04.2010 15:00;47.62;47.62;47.62;47.62;47.62
15.04.2010 16:00;46.94;47.37;47.37;46.94;47.37
15.04.2010 17:00;46.98;47.53;47.53;46.98;47.53
15.04.2010 18:00;47.47;47.47;47.47;47.47;47.47
15.04.2010 19:00;47.94;47.94;47.94;47.94;47.94
15.04.2010 20:00;49.12;49.12;49.12;49.12;49.12
15.04.2010 21:00;48.49;48.49;48.49;48.49;48.49
15.04.2010 22:00;46.60;47.14;47.14;46.60;47.14
15.04.2010 23:00;44.95;46.50;46.50;44.95;46.50
16.04.2010 00:00;44.61;47.39;47.39;44.61;47.39
16.04.2010 01:00;44.39;47.26;47.26;44.39;47.26
16.04.2010 02:00;44.41;47.20;47.20;44.41;47.20
16.04.2010 03:00;44.37;47.19;47.19;44.37;47.19
16.04.2010 04:00;44.33;47.28;47.28;44.33;47.28
16.04.2010 05:00;44.62;47.41;47.41;44.62;47.41
16.04.2010 06:00;45.02;46.88;46.88;45.02;46.88
16.04.2010 07:00;48.30;48.30;48.30;48.30;48.30
16.04.2010 08:00;50.38;50.38;50.38;50.38;50.38
16.04.2010 09:00;50.90;50.90;50.90;50.90;50.90
16.04.2010 10:00;50.77;50.77;50.77;50.77;50.77
16.04.2010 11:00;50.26;50.26;50.26;50.26;50.26
16.04.2010 12:00;47.93;47.93;47.93;47.93;47.93
16.04.2010 13:00;46.26;46.26;46.26;46.26;46.26
16.04.2010 14:00;45.81;45.81;45.81;45.81;45.81
16.04.2010 15:00;45.14;46.15;46.15;45.14;46.15
16.04.2010 16:00;45.02;46.65;46.65;45.02;46.65
16.04.2010 17:00;44.97;46.72;46.72;44.97;46.72
16.04.2010 18:00;45.05;46.94;46.94;45.05;46.94
16.04.2010 19:00;45.07;46.93;46.93;45.07;46.93
16.04.2010 20:00;45.85;47.17;47.17;45.85;47.17
16.04.2010 21:00;45.16;47.31;47.31;45.16;47.31
16.04.2010 22:00;45.08;47.97;47.97;45.08;47.97
16.04.2010 23:00;44.93;47.85;47.85;44.93;47.85
17.04.2010 00:00;44.47;48.34;48.34;44.47;48.34
17.04.2010 01:00;44.30;48.03;48.03;44.30;48.03
17.04.2010 02:00;44.18;47.90;47.90;44.18;47.90
17.04.2010 03:00;44.15;47.86;47.86;44.15;47.86
17.04.2010 04:00;44.11;47.81;47.81;44.11;47.81
17.04.2010 05:00;44.13;47.95;47.95;44.13;47.95
17.04.2010 06:00;44.60;47.84;47.84;44.60;47.84
17.04.2010 07:00;44.98;47.83;47.83;44.98;47.83
17.04.2010 08:00;45.25;47.83;47.83;45.25;47.83
17.04.2010 09:00;45.64;48.01;48.01;45.64;48.01
17.04.2010 10:00;46.10;47.82;47.82;46.10;47.82
17.04.2010 11:00;45.59;47.70;47.70;45.59;47.70
17.04.2010 12:00;45.59;47.85;47.85;45.59;47.85
17.04.2010 13:00;45.69;47.71;47.71;45.69;47.71
17.04.2010 14:00;45.51;47.72;47.72;45.51;47.72
17.04.2010 15:00;45.43;47.59;47.59;45.43;47.59
17.04.2010 16:00;45.39;47.53;47.53;45.39;47.53
17.04.2010 17:00;45.54;47.44;47.44;45.54;47.44
17.04.2010 18:00;45.81;47.66;47.66;45.81;47.66
17.04.2010 19:00;45.99;47.83;47.83;45.99;47.83
17.04.2010 20:00;46.11;47.99;47.99;46.11;47.99
17.04.2010 21:00;45.93;47.90;47.90;45.93;47.90
17.04.2010 22:00;45.36;48.35;48.35;45.36;48.35
17.04.2010 23:00;45.12;48.09;48.09;45.12;48.09
18.04.2010 00:00;45.16;47.88;47.88;45.16;47.88
18.04.2010 01:00;45.11;47.76;47.76;45.11;47.76
18.04.2010 02:00;44.86;47.69;47.69;44.86;47.69
18.04.2010 03:00;44.86;47.67;47.67;44.86;47.67
18.04.2010 04:00;44.77;47.65;47.65;44.77;47.65
18.04.2010 05:00;44.76;47.75;47.75;44.76;47.75
18.04.2010 06:00;45.07;47.75;47.75;45.07;47.75
18.04.2010 07:00;45.21;47.50;47.50;45.21;47.50
18.04.2010 08:00;45.46;47.46;47.46;45.46;47.46
18.04.2010 09:00;45.56;47.63;47.63;45.56;47.63
18.04.2010 10:00;45.74;47.67;47.67;45.74;47.67
18.04.2010 11:00;45.72;47.73;47.73;45.72;47.73
18.04.2010 12:00;45.76;47.43;47.43;45.76;47.43
18.04.2010 13:00;45.78;47.38;47.38;45.78;47.38
18.04.2010 14:00;45.65;47.38;47.38;45.65;47.38
18.04.2010 15:00;45.63;47.39;47.39;45.63;47.39
18.04.2010 16:00;45.64;47.35;47.35;45.64;47.35
18.04.2010 17:00;45.70;47.32;47.32;45.70;47.32
18.04.2010 18:00;45.80;47.18;47.18;45.80;47.18
18.04.2010 19:00;46.07;47.25;47.25;46.07;47.25
18.04.2010 20:00;46.86;47.40;47.40;46.86;47.40
18.04.2010 21:00;48.08;48.08;48.08;48.08;48.08
18.04.2010 22:00;47.15;48.13;48.13;47.15;48.13
18.04.2010 23:00;45.63;47.78;47.78;45.63;47.78
19.04.2010 00:00;44.90;48.45;48.45;44.90;48.45
19.04.2010 01:00;44.80;48.25;48.25;44.80;48.25
19.04.2010 02:00;44.63;48.24;48.24;44.63;48.24
19.04.2010 03:00;44.59;48.30;48.30;44.59;48.30
19.04.2010 04:00;44.66;48.65;48.65;44.66;48.65
19.04.2010 05:00;45.43;49.04;49.04;45.43;49.04
19.04.2010 06:00;48.35;48.35;48.35;48.35;48.35
19.04.2010 07:00;50.61;50.61;50.61;50.61;50.61
19.04.2010 08:00;52.31;52.31;52.31;52.31;52.31
19.04.2010 09:00;51.92;51.92;51.88;51.92;51.88
19.04.2010 10:00;51.40;51.40;51.40;51.40;51.40
19.04.2010 11:00;50.46;50.46;50.46;50.46;50.46
19.04.2010 12:00;50.55;50.55;50.55;50.55;50.55
19.04.2010 13:00;50.21;50.21;50.21;50.21;50.21
19.04.2010 14:00;49.36;49.36;49.36;49.36;49.36
19.04.2010 15:00;47.64;47.64;47.64;47.64;47.64
19.04.2010 16:00;47.09;47.09;47.51;47.09;47.09
19.04.2010 17:00;46.99;46.99;47.45;46.99;46.99
19.04.2010 18:00;47.11;47.11;47.48;47.11;47.11
19.04.2010 19:00;47.74;47.74;47.74;47.74;47.74
19.04.2010 20:00;49.60;49.60;49.60;49.60;49.60
19.04.2010 21:00;48.42;48.42;48.42;48.42;48.42
19.04.2010 22:00;47.62;48.02;48.02;47.62;48.02
19.04.2010 23:00;45.17;47.73;47.73;45.17;47.73
20.04.2010 00:00;44.84;47.75;47.75;44.84;47.75
20.04.2010 01:00;44.58;47.63;47.63;44.58;47.63
20.04.2010 02:00;44.44;47.56;47.56;44.44;47.56
20.04.2010 03:00;44.45;47.59;47.59;44.45;47.59
20.04.2010 04:00;44.49;47.69;47.69;44.49;47.69
20.04.2010 05:00;44.52;47.58;47.58;44.52;47.58
20.04.2010 06:00;46.59;47.12;47.15;46.59;47.12
20.04.2010 07:00;49.43;49.43;49.43;49.43;49.43
20.04.2010 08:00;50.51;50.51;50.51;50.51;50.51
20.04.2010 09:00;50.00;50.00;50.00;50.00;50.00
20.04.2010 10:00;50.18;50.18;50.18;50.18;50.18
20.04.2010 11:00;49.93;49.93;49.93;49.93;49.93
20.04.2010 12:00;49.28;49.28;49.28;49.28;49.28
20.04.2010 13:00;48.30;48.30;48.30;48.30;48.30
20.04.2010 14:00;47.66;47.66;47.66;47.66;47.66
20.04.2010 15:00;47.21;47.21;47.57;47.21;47.21
20.04.2010 16:00;46.63;47.76;47.76;46.63;47.76
20.04.2010 17:00;46.74;47.59;47.59;46.74;47.59
20.04.2010 18:00;47.00;47.30;47.51;47.00;47.30
20.04.2010 19:00;46.94;47.34;47.51;46.94;47.34
20.04.2010 20:00;48.00;48.00;48.00;48.00;48.00
20.04.2010 21:00;46.44;47.78;47.78;46.44;47.78
20.04.2010 22:00;45.83;48.30;48.30;45.83;48.30
20.04.2010 23:00;45.36;48.06;48.06;45.36;48.06
21.04.2010 00:00;44.63;49.07;49.07;44.63;49.07
21.04.2010 01:00;44.47;48.82;48.82;44.47;48.82
21.04.2010 02:00;44.36;48.69;48.69;44.36;48.69
21.04.2010 03:00;44.35;48.70;48.70;44.35;48.70
21.04.2010 04:00;44.35;48.83;48.83;44.35;48.83
21.04.2010 05:00;44.49;48.85;48.85;44.49;48.85
21.04.2010 06:00;46.01;48.09;48.09;46.01;48.09
21.04.2010 07:00;48.92;49.11;49.11;48.92;49.11
21.04.2010 08:00;50.19;50.19;50.19;51.72;50.19
21.04.2010 09:00;48.44;49.62;49.62;54.38;49.62
21.04.2010 10:00;47.72;49.10;49.10;53.53;49.10
21.04.2010 11:00;47.31;48.86;48.86;51.22;48.86
21.04.2010 12:00;47.24;48.43;48.43;50.26;48.43
21.04.2010 13:00;47.25;48.60;48.60;48.56;48.60
21.04.2010 14:00;46.98;48.70;48.70;50.45;48.70
21.04.2010 15:00;46.91;47.80;47.80;49.80;47.80
21.04.2010 16:00;46.85;48.26;48.26;48.91;48.26
21.04.2010 17:00;45.67;48.07;48.07;45.67;48.07
21.04.2010 18:00;45.64;47.94;47.94;45.64;47.94
21.04.2010 19:00;45.67;48.08;48.08;45.67;48.08
21.04.2010 20:00;46.75;47.95;47.95;46.75;47.95
21.04.2010 21:00;46.86;48.65;48.65;46.86;48.65
21.04.2010 22:00;45.86;48.73;48.73;45.86;48.73
21.04.2010 23:00;45.18;48.70;48.70;45.18;48.70
22.04.2010 00:00;44.81;48.76;48.76;44.81;48.76
22.04.2010 01:00;44.64;48.60;48.60;44.64;48.60
22.04.2010 02:00;44.53;48.56;48.56;44.53;48.56
22.04.2010 03:00;44.55;48.59;48.59;44.55;48.59
22.04.2010 04:00;44.56;48.67;48.67;44.56;48.67
22.04.2010 05:00;44.90;48.59;48.59;44.90;48.59
22.04.2010 06:00;46.72;48.65;48.68;46.72;48.65
22.04.2010 07:00;48.89;48.89;48.89;48.89;48.89
22.04.2010 08:00;49.80;49.80;49.80;60.03;49.80
22.04.2010 09:00;49.22;49.22;49.22;69.28;49.22
22.04.2010 10:00;48.91;48.91;48.91;58.97;48.91
22.04.2010 11:00;48.80;48.80;48.80;54.74;48.80
22.04.2010 12:00;48.60;48.60;48.60;53.54;48.60
22.04.2010 13:00;48.43;48.43;48.43;52.39;48.43
22.04.2010 14:00;46.36;48.62;48.62;49.38;48.62
22.04.2010 15:00;46.27;48.64;48.64;53.11;48.64
22.04.2010 16:00;46.08;48.78;48.78;52.41;48.78
22.04.2010 17:00;45.52;48.64;48.64;45.52;48.64
22.04.2010 18:00;45.60;48.56;48.56;45.60;48.56
22.04.2010 19:00;45.58;48.54;48.54;45.58;48.54
22.04.2010 20:00;48.95;48.95;48.95;48.95;48.95
22.04.2010 21:00;46.56;48.54;48.87;46.56;48.54
22.04.2010 22:00;45.89;48.69;48.74;45.89;48.69
22.04.2010 23:00;45.44;48.62;48.62;45.44;48.62
23.04.2010 00:00;45.01;48.93;48.93;45.01;48.93
23.04.2010 01:00;44.80;48.76;48.76;44.80;48.76
23.04.2010 02:00;44.72;48.68;48.68;44.72;48.68
23.04.2010 03:00;44.70;48.74;48.74;44.70;48.74
23.04.2010 04:00;44.74;48.80;48.80;44.74;48.80
23.04.2010 05:00;44.92;48.79;48.79;44.92;48.79
23.04.2010 06:00;47.47;48.80;48.80;47.47;48.80
23.04.2010 07:00;50.39;50.39;50.39;50.39;50.39
23.04.2010 08:00;55.48;55.48;55.48;55.48;55.48
23.04.2010 09:00;52.44;52.44;52.44;52.44;52.44
23.04.2010 10:00;51.26;51.26;51.26;51.26;51.26
23.04.2010 11:00;50.08;50.08;50.08;50.08;50.08
23.04.2010 12:00;49.28;49.28;49.28;49.28;49.28
23.04.2010 13:00;47.02;48.23;48.23;47.02;48.23
23.04.2010 14:00;46.29;48.60;48.60;46.29;48.60
23.04.2010 15:00;46.22;48.53;48.53;46.22;48.53
23.04.2010 16:00;46.17;48.76;48.76;46.17;48.76
23.04.2010 17:00;46.07;48.68;48.68;46.07;48.68
23.04.2010 18:00;46.08;48.84;48.84;46.08;48.84
23.04.2010 19:00;46.13;48.93;48.93;46.13;48.93
23.04.2010 20:00;46.05;48.93;48.93;46.05;48.93
23.04.2010 21:00;46.10;49.06;49.06;46.10;49.06
23.04.2010 22:00;45.82;49.10;49.10;45.82;49.10
23.04.2010 23:00;45.19;49.04;49.04;45.19;49.04
24.04.2010 00:00;45.60;49.18;49.18;45.60;49.18
24.04.2010 01:00;45.47;49.05;49.05;45.47;49.05
24.04.2010 02:00;45.35;48.96;48.96;45.35;48.96
24.04.2010 03:00;45.34;48.81;48.81;45.34;48.81
24.04.2010 04:00;45.32;48.92;48.92;45.32;48.92
24.04.2010 05:00;45.25;49.10;49.10;45.25;49.10
24.04.2010 06:00;45.65;49.39;49.39;45.65;49.39
24.04.2010 07:00;45.85;49.49;49.49;45.85;49.49
24.04.2010 08:00;46.06;49.67;49.67;46.06;49.67
24.04.2010 09:00;46.19;49.61;49.61;46.19;49.61
24.04.2010 10:00;46.35;49.59;49.59;46.35;49.59
24.04.2010 11:00;46.20;49.70;49.70;46.20;49.70
24.04.2010 12:00;46.14;49.48;49.48;46.14;49.48
24.04.2010 13:00;46.06;49.40;49.40;46.06;49.40
24.04.2010 14:00;45.86;49.36;49.36;45.86;49.36
24.04.2010 15:00;45.82;49.22;49.22;45.82;49.22
24.04.2010 16:00;45.91;49.24;49.24;45.91;49.24
24.04.2010 17:00;45.97;49.38;49.38;45.97;49.38
24.04.2010 18:00;46.13;49.42;49.42;46.13;49.42
24.04.2010 19:00;46.09;49.22;49.22;46.09;49.22
24.04.2010 20:00;46.34;48.89;48.89;46.34;48.89
24.04.2010 21:00;46.38;49.34;49.34;46.38;49.34
24.04.2010 22:00;46.22;49.39;49.39;46.22;49.39
24.04.2010 23:00;45.76;49.32;49.32;45.76;49.32
25.04.2010 00:00;45.26;50.49;50.49;45.26;50.49
25.04.2010 01:00;45.06;50.23;50.23;45.06;50.23
25.04.2010 02:00;44.92;50.18;50.18;44.92;50.18
25.04.2010 03:00;44.95;50.07;50.07;44.95;50.07
25.04.2010 04:00;45.02;49.97;49.97;45.02;49.97
25.04.2010 05:00;45.07;50.00;50.00;45.07;50.00
25.04.2010 06:00;45.04;49.84;49.84;45.04;49.84
25.04.2010 07:00;45.22;49.76;49.76;45.22;49.76
25.04.2010 08:00;45.42;49.87;49.87;45.42;49.87
25.04.2010 09:00;45.57;49.90;49.90;45.57;49.90
25.04.2010 10:00;45.74;50.17;50.17;45.74;50.17
25.04.2010 11:00;45.76;49.94;49.94;45.76;49.94
25.04.2010 12:00;45.69;49.79;49.79;45.69;49.79
25.04.2010 13:00;45.68;49.60;49.60;45.68;49.60
25.04.2010 14:00;45.59;49.50;49.50;45.59;49.50
25.04.2010 15:00;45.53;49.49;49.49;45.53;49.49
25.04.2010 16:00;45.60;49.56;49.56;45.60;49.56
25.04.2010 17:00;45.59;49.49;49.49;45.59;49.49
25.04.2010 18:00;45.71;48.97;48.97;45.71;48.97
25.04.2010 19:00;45.86;49.46;49.46;45.86;49.46
25.04.2010 20:00;46.01;49.42;49.42;46.01;49.42
25.04.2010 21:00;46.20;49.68;49.68;46.20;49.68
25.04.2010 22:00;46.09;50.14;50.14;46.09;50.14
25.04.2010 23:00;45.76;49.82;49.82;45.76;49.82
26.04.2010 00:00;45.36;49.73;49.73;45.36;49.73
26.04.2010 01:00;45.07;49.63;49.63;45.07;49.63
26.04.2010 02:00;44.93;49.60;49.60;44.93;49.60
26.04.2010 03:00;44.92;49.62;49.62;44.92;49.62
26.04.2010 04:00;44.92;49.66;49.66;44.92;49.66
26.04.2010 05:00;45.16;49.80;49.80;45.16;49.80
26.04.2010 06:00;46.57;49.70;49.70;46.57;49.70
26.04.2010 07:00;49.93;49.93;49.93;49.93;49.93
26.04.2010 08:00;50.99;50.99;50.99;50.99;50.99
26.04.2010 09:00;50.96;50.96;50.96;50.96;50.96
26.04.2010 10:00;51.17;51.17;51.17;51.17;51.17
26.04.2010 11:00;50.63;50.63;50.63;50.63;50.63
26.04.2010 12:00;49.98;49.98;49.98;49.98;49.98
26.04.2010 13:00;49.82;49.82;49.82;49.82;49.82
26.04.2010 14:00;49.00;49.27;49.27;49.00;49.27
26.04.2010 15:00;46.75;49.27;49.27;46.75;49.27
26.04.2010 16:00;46.71;49.75;49.75;46.71;49.75
26.04.2010 17:00;46.36;49.74;49.74;46.36;49.74
26.04.2010 18:00;46.26;49.70;49.70;46.26;49.70
26.04.2010 19:00;46.17;49.69;49.69;46.17;49.69
26.04.2010 20:00;46.31;49.72;49.72;46.31;49.72
26.04.2010 21:00;46.33;49.86;49.86;46.33;49.86
26.04.2010 22:00;46.18;49.89;49.89;46.18;49.89
26.04.2010 23:00;46.03;49.84;49.84;46.03;49.84
27.04.2010 00:00;45.97;50.28;50.28;45.97;50.28
27.04.2010 01:00;45.63;49.48;49.48;45.63;49.48
27.04.2010 02:00;45.47;49.44;49.44;45.47;49.44
27.04.2010 03:00;45.74;49.46;49.46;45.74;49.46
27.04.2010 04:00;45.85;49.63;49.63;45.85;49.63
27.04.2010 05:00;46.07;49.95;49.95;46.07;49.95
27.04.2010 06:00;46.82;49.43;49.43;46.82;49.43
27.04.2010 07:00;47.58;49.30;49.30;47.58;49.30
27.04.2010 08:00;51.00;51.00;51.00;51.00;51.00
27.04.2010 09:00;51.40;51.40;51.40;51.40;51.40
27.04.2010 10:00;51.28;51.28;51.28;51.28;51.28
27.04.2010 11:00;50.48;50.48;50.48;50.48;50.48
27.04.2010 12:00;49.11;49.11;49.11;49.11;49.11
27.04.2010 13:00;48.03;49.00;49.00;48.03;49.00
27.04.2010 14:00;48.02;48.49;48.49;48.02;48.49
27.04.2010 15:00;47.98;48.19;48.19;47.98;48.19
27.04.2010 16:00;47.82;49.14;49.14;47.82;49.14
27.04.2010 17:00;47.70;49.21;49.21;47.70;49.21
27.04.2010 18:00;47.61;49.22;49.22;47.61;49.22
27.04.2010 19:00;47.67;49.22;49.22;47.67;49.22
27.04.2010 20:00;47.73;49.43;49.43;47.73;49.43
27.04.2010 21:00;47.99;49.95;49.95;47.99;49.95
27.04.2010 22:00;47.73;50.04;50.04;47.73;50.04
27.04.2010 23:00;46.95;49.95;49.95;46.95;49.95
28.04.2010 00:00;46.38;50.10;50.10;46.38;50.10
28.04.2010 01:00;46.14;49.56;49.56;46.14;49.56
28.04.2010 02:00;46.07;49.48;49.48;46.07;49.48
28.04.2010 03:00;46.16;49.48;49.48;46.16;49.48
28.04.2010 04:00;46.13;49.67;49.67;46.13;49.67
28.04.2010 05:00;46.13;49.95;49.95;46.13;49.95
28.04.2010 06:00;47.44;49.72;49.72;47.44;49.72
28.04.2010 07:00;50.94;50.94;50.94;50.94;50.94
28.04.2010 08:00;51.19;51.19;51.19;51.19;51.19
28.04.2010 09:00;51.55;51.55;51.55;51.55;51.55
28.04.2010 10:00;51.53;51.53;51.53;51.53;51.53
28.04.2010 11:00;51.52;51.52;51.52;51.52;51.52
28.04.2010 12:00;50.99;50.99;50.99;50.99;50.99
28.04.2010 13:00;50.04;50.04;50.04;50.04;50.04
28.04.2010 14:00;49.49;49.49;49.49;49.49;49.49
28.04.2010 15:00;48.20;49.32;49.32;48.20;49.32
28.04.2010 16:00;47.99;50.15;50.15;47.99;50.15
28.04.2010 17:00;48.05;50.21;50.21;48.05;50.21
28.04.2010 18:00;47.98;49.99;49.99;47.98;49.99
28.04.2010 19:00;47.94;50.01;50.01;47.94;50.01
28.04.2010 20:00;48.48;50.28;50.28;48.48;50.28
28.04.2010 21:00;48.64;50.43;50.43;48.64;50.43
28.04.2010 22:00;47.80;50.48;50.48;47.80;50.48
28.04.2010 23:00;47.24;50.17;50.17;47.24;50.17
29.04.2010 00:00;46.80;50.36;50.36;46.80;50.36
29.04.2010 01:00;46.56;50.09;50.09;46.56;50.09
29.04.2010 02:00;46.43;49.98;49.98;46.43;49.98
29.04.2010 03:00;46.43;49.97;49.97;46.43;49.97
29.04.2010 04:00;46.44;50.10;50.10;46.44;50.10
29.04.2010 05:00;46.51;50.31;50.31;46.51;50.31
29.04.2010 06:00;47.39;50.16;50.16;47.39;50.16
29.04.2010 07:00;48.29;49.88;49.88;48.29;49.88
29.04.2010 08:00;49.91;49.91;49.91;49.91;49.91
29.04.2010 09:00;50.89;50.89;50.89;50.89;50.89
29.04.2010 10:00;51.26;51.26;51.26;51.26;51.26
29.04.2010 11:00;51.79;51.79;51.79;51.79;51.79
29.04.2010 12:00;51.94;51.94;51.94;51.94;51.94
29.04.2010 13:00;51.31;51.31;51.31;51.31;51.31
29.04.2010 14:00;49.58;50.85;50.85;49.58;50.85
29.04.2010 15:00;48.11;50.20;50.20;48.11;50.20
29.04.2010 16:00;47.79;50.74;50.74;47.79;50.74
29.04.2010 17:00;47.79;50.67;50.67;47.79;50.67
29.04.2010 18:00;47.86;49.65;49.65;47.86;49.65
29.04.2010 19:00;47.79;49.50;49.50;47.79;49.50
29.04.2010 20:00;48.55;49.54;49.54;48.55;49.54
29.04.2010 21:00;47.79;49.79;49.79;47.79;49.79
29.04.2010 22:00;47.61;49.72;49.72;47.61;49.72
29.04.2010 23:00;46.86;49.47;49.47;46.86;49.47
30.04.2010 00:00;46.47;49.25;49.25;46.47;49.25
30.04.2010 01:00;46.34;49.06;49.06;46.34;49.06
30.04.2010 02:00;46.26;48.92;48.92;46.21;48.92
30.04.2010 03:00;46.27;48.97;48.97;46.24;48.97
30.04.2010 04:00;46.28;49.11;49.11;46.28;49.11
30.04.2010 05:00;46.34;49.34;49.34;46.34;49.34
30.04.2010 06:00;46.97;49.68;49.68;46.97;49.68
30.04.2010 07:00;48.01;50.10;50.10;48.01;50.10
30.04.2010 08:00;48.94;49.99;49.99;48.94;49.99
30.04.2010 09:00;49.34;49.53;49.53;49.34;49.53
30.04.2010 10:00;48.81;49.48;49.48;48.81;49.48
30.04.2010 11:00;49.04;49.30;49.30;49.04;49.30
30.04.2010 12:00;49.72;49.72;49.72;49.72;49.72
30.04.2010 13:00;48.60;49.35;49.35;48.60;49.35
30.04.2010 14:00;48.52;49.53;49.53;48.52;49.53
30.04.2010 15:00;48.30;49.40;49.40;48.30;49.40
30.04.2010 16:00;47.74;49.76;49.76;47.74;49.76
30.04.2010 17:00;47.56;49.76;49.76;47.56;49.76
30.04.2010 18:00;47.41;49.74;49.74;47.41;49.74
30.04.2010 19:00;47.36;49.82;49.82;47.36;49.82
30.04.2010 20:00;47.29;49.69;49.69;47.29;49.69
30.04.2010 21:00;47.29;49.67;49.67;47.29;49.67
30.04.2010 22:00;46.85;49.82;49.82;46.85;49.82
30.04.2010 23:00;46.43;49.72;49.72;46.43;49.72
01.05.2010 00:00;46.46;49.27;49.27;45.56;49.27
01.05.2010 01:00;46.40;49.04;49.04;45.20;49.04
01.05.2010 02:00;46.37;48.33;48.33;44.80;48.33
01.05.2010 03:00;46.35;48.32;48.32;44.60;48.32
01.05.2010 04:00;46.30;48.28;48.28;44.87;48.28
01.05.2010 05:00;46.30;48.45;48.45;44.82;48.45
01.05.2010 06:00;46.21;49.01;49.01;45.88;49.01
01.05.2010 07:00;46.34;49.16;49.16;46.34;49.16
01.05.2010 08:00;46.56;49.30;49.30;46.56;49.30
01.05.2010 09:00;46.68;49.65;49.65;46.68;49.65
01.05.2010 10:00;46.75;49.91;49.91;46.75;49.91
01.05.2010 11:00;46.76;49.90;49.90;46.76;49.90
01.05.2010 12:00;46.64;49.83;49.83;46.64;49.83
01.05.2010 13:00;46.62;49.71;49.71;46.62;49.71
01.05.2010 14:00;46.53;49.75;49.75;46.53;49.75
01.05.2010 15:00;46.56;49.75;49.75;46.56;49.75
01.05.2010 16:00;46.61;49.67;49.67;46.61;49.67
01.05.2010 17:00;46.52;49.44;49.44;46.52;49.44
01.05.2010 18:00;46.45;49.46;49.46;46.45;49.46
01.05.2010 19:00;46.54;49.50;49.50;46.54;49.50
01.05.2010 20:00;46.56;49.59;49.59;46.56;49.59
01.05.2010 21:00;46.62;49.90;49.90;46.62;49.90
01.05.2010 22:00;46.93;49.94;49.94;46.93;49.94
01.05.2010 23:00;46.60;49.78;49.78;46.60;49.78
02.05.2010 00:00;46.35;49.13;49.13;46.35;49.13
02.05.2010 01:00;46.21;49.01;49.01;46.21;49.01
02.05.2010 02:00;46.24;49.03;49.03;46.24;49.03
02.05.2010 03:00;46.19;48.77;48.77;46.19;48.77
02.05.2010 04:00;46.20;48.77;48.77;46.20;48.77
02.05.2010 05:00;46.18;49.01;49.01;46.18;49.01
02.05.2010 06:00;46.42;49.00;49.00;46.42;49.00
02.05.2010 07:00;46.56;48.92;48.92;46.56;48.92
02.05.2010 08:00;46.80;49.07;49.07;46.80;49.07
02.05.2010 09:00;46.82;49.11;49.11;46.82;49.11
02.05.2010 10:00;46.92;49.16;49.16;46.92;49.16
02.05.2010 11:00;47.01;49.16;49.16;47.01;49.16
02.05.2010 12:00;46.97;49.12;49.12;46.97;49.12
02.05.2010 13:00;46.93;49.10;49.10;46.93;49.10
02.05.2010 14:00;46.88;48.86;48.86;46.88;48.86
02.05.2010 15:00;46.86;49.04;49.04;46.86;49.04
02.05.2010 16:00;46.83;48.92;48.92;46.83;48.92
02.05.2010 17:00;46.83;48.73;48.73;46.83;48.73
02.05.2010 18:00;46.86;48.83;48.83;46.86;48.83
02.05.2010 19:00;46.91;49.13;49.13;46.91;49.13
02.05.2010 20:00;46.96;49.12;49.12;46.96;49.12
02.05.2010 21:00;48.61;49.28;49.28;48.61;49.28
02.05.2010 22:00;47.62;49.32;49.32;47.62;49.32
02.05.2010 23:00;46.75;49.23;49.23;46.75;49.23
03.05.2010 00:00;46.94;49.29;49.29;46.94;49.29
03.05.2010 01:00;46.60;49.28;49.28;46.60;49.28
03.05.2010 02:00;46.54;49.23;49.23;46.54;49.23
03.05.2010 03:00;46.56;49.27;49.27;46.56;49.27
03.05.2010 04:00;46.66;49.33;49.33;46.66;49.33
03.05.2010 05:00;47.75;49.41;49.41;47.75;49.41
03.05.2010 06:00;51.45;51.45;51.45;51.45;51.45
03.05.2010 07:00;53.56;53.56;53.56;53.56;53.56
03.05.2010 08:00;55.16;55.16;55.16;55.16;55.16
03.05.2010 09:00;54.57;54.57;54.57;54.57;54.57
03.05.2010 10:00;55.13;55.13;55.13;55.13;55.13
03.05.2010 11:00;55.12;55.12;55.12;55.12;55.12
03.05.2010 12:00;55.04;55.04;55.04;55.04;55.04
03.05.2010 13:00;54.57;54.57;54.57;54.57;54.57
03.05.2010 14:00;52.48;52.48;52.48;52.48;52.48
03.05.2010 15:00;51.54;51.54;51.54;51.54;51.54
03.05.2010 16:00;50.70;50.70;50.70;50.70;50.70
03.05.2010 17:00;50.40;50.40;50.40;50.40;50.40
03.05.2010 18:00;49.97;49.97;49.97;49.97;49.97
03.05.2010 19:00;49.76;49.76;49.76;49.76;49.76
03.05.2010 20:00;51.32;51.32;51.32;51.32;51.32
03.05.2010 21:00;51.50;51.50;51.50;51.50;51.50
03.05.2010 22:00;50.87;50.87;50.87;50.87;50.87
03.05.2010 23:00;48.96;49.44;49.44;48.96;49.44
04.05.2010 00:00;47.81;50.21;50.21;47.81;50.21
04.05.2010 01:00;47.62;50.00;50.00;47.62;50.00
04.05.2010 02:00;47.58;49.94;49.94;47.58;49.94
04.05.2010 03:00;47.61;49.93;49.93;47.61;49.93
04.05.2010 04:00;47.65;49.98;49.98;47.65;49.98
04.05.2010 05:00;48.72;50.10;50.10;48.72;50.10
04.05.2010 06:00;50.17;50.17;50.17;50.17;50.17
04.05.2010 07:00;50.88;50.88;50.88;50.88;50.88
04.05.2010 08:00;52.90;52.90;52.90;52.90;52.90
04.05.2010 09:00;53.88;53.88;53.88;53.88;53.88
04.05.2010 10:00;54.19;54.19;54.19;54.19;54.19
04.05.2010 11:00;54.82;54.82;54.82;54.82;54.82
04.05.2010 12:00;53.04;53.04;53.04;53.04;53.04
04.05.2010 13:00;52.99;52.99;52.99;52.99;52.99
04.05.2010 14:00;51.19;51.19;51.19;51.19;51.19
04.05.2010 15:00;50.49;50.23;50.23;50.49;50.23
04.05.2010 16:00;50.02;49.91;49.91;50.02;49.91
04.05.2010 17:00;49.75;49.75;49.75;49.75;49.75
04.05.2010 18:00;50.19;49.81;49.81;50.19;49.81
04.05.2010 19:00;50.01;49.62;49.62;50.01;49.62
04.05.2010 20:00;50.06;49.61;49.61;50.06;49.61
04.05.2010 21:00;50.23;50.20;50.20;50.23;50.20
04.05.2010 22:00;50.38;50.29;50.29;50.38;50.29
04.05.2010 23:00;48.69;50.20;50.20;48.69;50.20
05.05.2010 00:00;49.57;50.71;50.71;49.57;50.71
05.05.2010 01:00;48.95;50.59;50.59;48.95;50.59
05.05.2010 02:00;48.59;50.51;50.51;48.59;50.51
05.05.2010 03:00;48.55;50.52;50.52;48.55;50.52
05.05.2010 04:00;48.57;50.54;50.54;48.57;50.54
05.05.2010 05:00;48.77;50.64;50.64;48.77;50.64
05.05.2010 06:00;50.71;50.71;50.71;50.71;50.71
05.05.2010 07:00;52.36;52.36;52.36;52.36;52.36
05.05.2010 08:00;54.93;54.93;54.93;54.93;54.93
05.05.2010 09:00;55.26;55.26;55.26;55.26;55.26
05.05.2010 10:00;55.47;55.47;55.47;55.47;55.47
05.05.2010 11:00;53.52;53.52;53.52;53.52;53.52
05.05.2010 12:00;52.38;52.38;52.38;52.38;52.38
05.05.2010 13:00;52.06;52.06;52.06;52.06;52.06
05.05.2010 14:00;51.58;51.58;51.58;51.58;51.58
05.05.2010 15:00;51.04;51.04;51.04;51.04;51.04
05.05.2010 16:00;50.22;50.22;50.22;50.22;50.22
05.05.2010 17:00;49.87;49.69;49.69;49.87;49.69
05.05.2010 18:00;50.13;50.13;50.13;50.13;50.13
05.05.2010 19:00;49.99;49.93;49.93;49.99;49.93
05.05.2010 20:00;50.24;49.36;49.36;50.24;49.36
05.05.2010 21:00;50.53;50.53;50.53;50.53;50.53
05.05.2010 22:00;50.33;50.69;50.69;50.33;50.69
05.05.2010 23:00;49.40;50.51;50.51;49.40;50.51
06.05.2010 00:00;49.61;50.54;50.54;49.61;50.54
06.05.2010 01:00;49.21;50.42;50.42;49.21;50.42
06.05.2010 02:00;48.95;50.37;50.37;48.95;50.37
06.05.2010 03:00;48.82;50.38;50.38;48.82;50.38
06.05.2010 04:00;48.87;50.48;50.48;48.87;50.48
06.05.2010 05:00;49.00;50.55;50.55;49.00;50.55
06.05.2010 06:00;50.64;50.64;50.64;50.64;50.64
06.05.2010 07:00;53.08;53.08;53.08;53.08;53.08
06.05.2010 08:00;55.02;55.02;55.02;55.02;55.02
06.05.2010 09:00;55.00;55.00;55.00;55.00;55.00
06.05.2010 10:00;55.13;55.13;55.13;55.13;55.13
06.05.2010 11:00;53.52;53.52;53.52;53.52;53.52
06.05.2010 12:00;52.32;52.32;52.32;52.32;52.32
06.05.2010 13:00;51.71;51.71;51.71;51.71;51.71
06.05.2010 14:00;50.87;50.49;50.49;50.87;50.49
06.05.2010 15:00;50.74;50.09;50.09;50.74;50.09
06.05.2010 16:00;50.51;49.09;49.09;50.51;49.09
06.05.2010 17:00;50.27;48.82;48.82;50.27;48.82
06.05.2010 18:00;50.40;50.13;50.13;50.40;50.13
06.05.2010 19:00;50.43;50.67;50.67;50.43;50.67
06.05.2010 20:00;50.55;50.90;50.90;50.55;50.90
06.05.2010 21:00;50.67;50.89;50.89;50.67;50.89
06.05.2010 22:00;50.65;51.04;51.04;50.65;51.04
06.05.2010 23:00;49.80;50.63;50.63;49.80;50.63
07.05.2010 00:00;49.54;51.28;51.28;49.54;51.28
07.05.2010 01:00;49.10;51.14;51.14;49.10;51.14
07.05.2010 02:00;49.00;51.06;51.06;49.00;51.06
07.05.2010 03:00;49.00;51.08;51.08;49.00;51.08
07.05.2010 04:00;49.08;51.17;51.17;49.08;51.17
07.05.2010 05:00;48.94;51.25;51.25;48.94;51.25
07.05.2010 06:00;49.74;51.32;51.32;49.74;51.32
07.05.2010 07:00;51.86;51.86;51.86;51.86;51.86
07.05.2010 08:00;52.73;52.73;52.73;52.73;52.73
07.05.2010 09:00;52.40;52.40;52.40;52.40;52.40
07.05.2010 10:00;52.18;52.18;52.18;52.18;52.18
07.05.2010 11:00;51.93;51.93;51.93;51.93;51.93
07.05.2010 12:00;51.87;51.76;51.76;51.87;51.76
07.05.2010 13:00;51.46;51.46;51.46;51.46;51.46
07.05.2010 14:00;51.14;51.14;51.14;51.14;51.14
07.05.2010 15:00;50.49;50.48;50.48;50.49;50.48
07.05.2010 16:00;50.40;51.24;51.24;50.40;51.24
07.05.2010 17:00;50.35;51.24;51.24;50.35;51.24
07.05.2010 18:00;50.27;51.56;51.56;50.27;51.56
07.05.2010 19:00;50.68;51.46;51.46;50.68;51.46
07.05.2010 20:00;50.62;51.94;51.94;50.62;51.94
07.05.2010 21:00;50.58;52.09;52.09;50.58;52.09
07.05.2010 22:00;50.61;51.59;51.59;50.61;51.59
07.05.2010 23:00;49.98;51.11;51.11;49.98;51.11
08.05.2010 00:00;50.16;51.28;51.28;50.16;51.28
08.05.2010 01:00;49.84;51.05;51.05;49.84;51.05
08.05.2010 02:00;49.64;51.01;51.01;49.64;51.01
08.05.2010 03:00;49.57;51.01;51.01;49.57;51.01
08.05.2010 04:00;49.49;51.02;51.02;49.49;51.02
08.05.2010 05:00;49.44;51.03;51.03;49.44;51.03
08.05.2010 06:00;49.15;51.17;51.17;49.15;51.17
08.05.2010 07:00;49.48;51.10;51.10;49.48;51.10
08.05.2010 08:00;49.58;51.15;51.15;49.58;51.15
08.05.2010 09:00;50.13;51.46;51.46;50.13;51.46
08.05.2010 10:00;50.34;51.49;51.49;50.34;51.49
08.05.2010 11:00;50.48;51.33;51.33;50.48;51.33
08.05.2010 12:00;50.52;51.25;51.25;50.52;51.25
08.05.2010 13:00;50.50;50.05;50.05;50.50;50.05
08.05.2010 14:00;50.42;49.91;49.91;50.42;49.91
08.05.2010 15:00;50.33;49.86;49.86;50.33;49.86
08.05.2010 16:00;50.40;49.88;49.88;50.40;49.88
08.05.2010 17:00;50.30;50.41;50.41;50.30;50.41
08.05.2010 18:00;50.53;50.43;50.43;50.53;50.43
08.05.2010 19:00;50.66;50.47;50.47;50.66;50.47
08.05.2010 20:00;50.64;50.63;50.63;50.64;50.63
08.05.2010 21:00;50.67;51.04;51.04;50.67;51.04
08.05.2010 22:00;50.85;51.20;51.20;50.85;51.20
08.05.2010 23:00;50.64;51.19;51.19;50.64;51.19
09.05.2010 00:00;49.10;51.01;51.01;49.10;51.01
09.05.2010 01:00;49.38;50.80;50.80;49.38;50.80
09.05.2010 02:00;49.20;50.76;50.76;49.20;50.76
09.05.2010 03:00;49.09;50.83;50.83;49.09;50.83
09.05.2010 04:00;49.02;50.91;50.91;49.02;50.91
09.05.2010 05:00;48.58;50.85;50.85;48.58;50.85
09.05.2010 06:00;48.99;51.04;51.04;48.99;51.04
09.05.2010 07:00;49.25;50.92;50.92;49.25;50.92
09.05.2010 08:00;49.72;50.66;50.66;49.72;50.66
09.05.2010 09:00;50.05;50.98;50.98;50.05;50.98
09.05.2010 10:00;50.16;50.96;50.96;50.16;50.96
09.05.2010 11:00;50.26;50.74;50.74;50.26;50.74
09.05.2010 12:00;50.08;50.95;50.95;50.08;50.95
09.05.2010 13:00;50.04;51.07;51.07;50.04;51.07
09.05.2010 14:00;50.08;51.03;51.03;50.08;51.03
09.05.2010 15:00;50.11;50.87;50.87;50.11;50.87
09.05.2010 16:00;49.96;50.70;50.70;49.96;50.70
09.05.2010 17:00;50.18;50.79;50.79;50.18;50.79
09.05.2010 18:00;50.19;50.90;50.90;50.19;50.90
09.05.2010 19:00;50.34;50.76;50.76;50.34;50.76
09.05.2010 20:00;50.64;51.23;51.23;50.64;51.23
09.05.2010 21:00;50.68;51.62;51.62;50.68;51.62
09.05.2010 22:00;51.38;51.83;51.83;51.38;51.83
09.05.2010 23:00;50.16;51.34;51.34;50.16;51.34
10.05.2010 00:00;50.34;51.16;51.16;50.34;51.16
10.05.2010 01:00;50.14;51.02;51.02;50.14;51.02
10.05.2010 02:00;50.06;51.00;51.00;50.06;51.00
10.05.2010 03:00;50.05;51.05;51.05;50.05;51.05
10.05.2010 04:00;50.07;51.08;51.08;50.07;51.08
10.05.2010 05:00;50.58;51.20;51.20;50.58;51.20
10.05.2010 06:00;52.85;52.85;52.85;52.85;52.85
10.05.2010 07:00;53.03;53.03;53.03;53.03;53.03
10.05.2010 08:00;59.30;59.30;59.30;59.30;59.30
10.05.2010 09:00;60.89;60.89;60.89;60.89;60.89
10.05.2010 10:00;59.50;59.50;59.50;59.50;59.50
10.05.2010 11:00;56.90;56.90;56.90;56.90;56.90
10.05.2010 12:00;55.30;55.30;55.30;55.30;55.30
10.05.2010 13:00;55.54;55.54;55.54;55.54;55.54
10.05.2010 14:00;59.05;59.05;59.05;59.05;59.05
10.05.2010 15:00;55.82;55.82;55.82;55.82;55.82
10.05.2010 16:00;54.07;54.07;54.07;54.07;54.07
10.05.2010 17:00;53.06;53.06;53.06;53.06;53.06
10.05.2010 18:00;52.82;52.82;52.82;52.82;52.82
10.05.2010 19:00;51.89;52.01;52.01;51.89;52.01
10.05.2010 20:00;52.60;52.60;52.60;52.60;52.60
10.05.2010 21:00;53.77;53.77;53.77;53.77;53.77
10.05.2010 22:00;52.40;52.70;52.70;52.40;52.70
10.05.2010 23:00;51.47;51.63;51.63;51.47;51.63
11.05.2010 00:00;49.52;51.32;51.32;49.52;51.32
11.05.2010 01:00;49.11;51.19;51.19;49.11;51.19
11.05.2010 02:00;48.93;51.22;51.22;48.93;51.22
11.05.2010 03:00;48.91;51.23;51.23;48.91;51.23
11.05.2010 04:00;48.77;51.18;51.18;48.77;51.18
11.05.2010 05:00;49.06;51.20;51.20;49.06;51.20
11.05.2010 06:00;51.32;51.32;51.32;51.32;51.32
11.05.2010 07:00;54.53;54.53;54.53;54.53;54.53
11.05.2010 08:00;56.63;56.63;56.63;56.63;56.63
11.05.2010 09:00;56.19;56.19;56.19;56.19;56.19
11.05.2010 10:00;55.32;55.32;55.32;55.32;55.32
11.05.2010 11:00;55.27;55.27;55.27;55.27;55.27
11.05.2010 12:00;54.77;54.77;54.77;54.77;54.77
11.05.2010 13:00;54.12;54.12;54.12;54.12;54.12
11.05.2010 14:00;53.64;53.64;53.64;53.64;53.64
11.05.2010 15:00;53.27;53.27;53.27;53.27;53.27
11.05.2010 16:00;52.76;52.76;52.76;52.76;52.76
11.05.2010 17:00;52.96;52.96;52.96;52.96;52.96
11.05.2010 18:00;52.56;52.58;52.58;52.56;52.58
11.05.2010 19:00;49.34;52.09;52.09;49.34;52.09
11.05.2010 20:00;51.15;52.09;52.09;51.15;52.09
11.05.2010 21:00;50.17;51.86;51.86;50.17;51.86
11.05.2010 22:00;49.67;52.78;52.78;49.67;52.78
11.05.2010 23:00;49.02;51.66;51.66;49.02;51.66
12.05.2010 00:00;47.94;50.42;50.42;47.94;50.42
12.05.2010 01:00;47.70;50.28;50.28;47.70;50.28
12.05.2010 02:00;47.44;50.23;50.23;47.44;50.23
12.05.2010 03:00;47.37;50.23;50.23;47.37;50.23
12.05.2010 04:00;47.36;50.64;50.64;47.36;50.64
12.05.2010 05:00;47.60;50.62;50.62;47.60;50.62
12.05.2010 06:00;48.54;50.29;50.29;48.54;50.29
12.05.2010 07:00;52.50;52.50;52.50;52.50;52.50
12.05.2010 08:00;54.29;54.29;54.29;54.29;54.29
12.05.2010 09:00;54.75;54.75;54.75;54.75;54.75
12.05.2010 10:00;53.63;53.63;53.63;53.63;53.63
12.05.2010 11:00;54.45;54.45;54.45;54.45;54.45
12.05.2010 12:00;54.17;54.17;54.17;54.17;54.17
12.05.2010 13:00;53.47;53.47;53.47;53.47;53.47
12.05.2010 14:00;53.14;53.14;53.14;53.14;53.14
12.05.2010 15:00;50.99;50.99;50.99;50.99;50.99
12.05.2010 16:00;50.71;50.71;50.71;50.71;50.71
12.05.2010 17:00;50.82;50.82;50.82;50.82;50.82
12.05.2010 18:00;50.73;50.74;50.74;50.73;50.74
12.05.2010 19:00;50.48;50.61;50.61;50.48;50.61
12.05.2010 20:00;50.25;50.61;50.61;50.25;50.61
12.05.2010 21:00;50.50;50.68;50.68;50.50;50.68
12.05.2010 22:00;50.03;50.85;50.85;50.03;50.85
12.05.2010 23:00;48.94;50.44;50.44;48.94;50.44
13.05.2010 00:00;48.10;51.20;51.20;48.10;51.20
13.05.2010 01:00;47.87;51.01;51.01;47.87;51.01
13.05.2010 02:00;47.73;50.86;50.86;47.73;50.86
13.05.2010 03:00;47.56;50.80;50.80;47.56;50.80
13.05.2010 04:00;47.46;50.88;50.88;47.46;50.88
13.05.2010 05:00;47.66;50.59;50.59;47.66;50.59
13.05.2010 06:00;47.68;50.90;50.90;47.68;50.90
13.05.2010 07:00;47.81;50.24;50.24;47.81;50.24
13.05.2010 08:00;48.05;50.35;50.35;48.05;50.35
13.05.2010 09:00;48.42;50.56;50.56;48.42;50.56
13.05.2010 10:00;50.00;50.94;50.94;50.00;50.94
13.05.2010 11:00;49.87;51.36;51.36;49.87;51.36
13.05.2010 12:00;48.48;51.27;51.27;48.48;51.27
13.05.2010 13:00;48.48;50.20;50.20;48.48;50.20
13.05.2010 14:00;48.55;50.17;50.17;48.55;50.17
13.05.2010 15:00;50.01;50.09;50.09;50.01;50.09
13.05.2010 16:00;49.16;50.15;50.15;49.16;50.15
13.05.2010 17:00;48.97;50.20;50.20;48.97;50.20
13.05.2010 18:00;48.79;50.53;50.53;48.79;50.53
13.05.2010 19:00;48.46;50.99;50.99;48.46;50.99
13.05.2010 20:00;48.32;51.33;51.33;48.32;51.33
13.05.2010 21:00;48.24;52.21;52.21;48.24;52.21
13.05.2010 22:00;48.25;52.27;52.27;48.25;52.27
13.05.2010 23:00;48.00;51.25;51.25;48.00;51.25
14.05.2010 00:00;47.64;51.20;51.20;47.64;51.20
14.05.2010 01:00;47.45;51.12;51.12;47.45;51.12
14.05.2010 02:00;47.33;51.06;51.06;47.33;51.06
14.05.2010 03:00;47.33;51.09;51.09;47.33;51.09
14.05.2010 04:00;47.36;51.09;51.09;47.36;51.09
14.05.2010 05:00;47.60;51.04;51.04;47.60;51.04
14.05.2010 06:00;48.17;51.24;51.24;48.17;51.24
14.05.2010 07:00;49.05;51.36;51.36;49.05;51.36
14.05.2010 08:00;50.40;51.88;51.88;50.40;51.88
14.05.2010 09:00;51.24;54.06;54.06;51.24;54.06
14.05.2010 10:00;51.13;54.12;54.12;51.13;54.12
14.05.2010 11:00;50.47;54.13;54.13;50.47;54.13
14.05.2010 12:00;50.10;54.12;54.12;50.10;54.12
14.05.2010 13:00;50.00;53.10;53.10;50.00;53.10
14.05.2010 14:00;49.17;51.36;51.36;49.17;51.36
14.05.2010 15:00;49.37;50.37;50.37;49.37;50.37
14.05.2010 16:00;48.72;49.43;49.43;48.72;49.43
14.05.2010 17:00;48.47;50.27;50.27;48.47;50.27
14.05.2010 18:00;49.01;50.22;50.22;49.01;50.22
14.05.2010 19:00;48.27;49.73;49.73;48.27;49.73
14.05.2010 20:00;48.02;51.03;51.03;48.02;51.03
14.05.2010 21:00;48.01;51.04;51.04;48.01;51.04
14.05.2010 22:00;48.12;51.10;51.10;48.12;51.10
14.05.2010 23:00;47.93;51.02;51.02;47.93;51.02
15.05.2010 00:00;46.13;50.40;50.40;44.56;50.40
15.05.2010 01:00;44.75;50.23;50.23;43.88;50.23
15.05.2010 02:00;44.23;50.06;50.06;43.66;50.06
15.05.2010 03:00;44.11;50.10;50.10;43.61;50.10
15.05.2010 04:00;43.84;50.07;50.07;43.50;50.07
15.05.2010 05:00;43.72;49.94;49.94;43.38;49.94
15.05.2010 06:00;43.96;50.06;50.06;43.67;50.06
15.05.2010 07:00;45.26;50.02;50.02;45.26;50.02
15.05.2010 08:00;46.34;49.85;49.85;46.34;49.85
15.05.2010 09:00;46.36;50.87;50.87;46.36;50.87
15.05.2010 10:00;46.55;51.53;51.53;46.55;51.53
15.05.2010 11:00;46.50;50.77;50.77;46.50;50.77
15.05.2010 12:00;46.35;50.39;50.39;46.35;50.39
15.05.2010 13:00;46.50;48.47;48.47;46.50;48.47
15.05.2010 14:00;46.37;48.49;48.49;46.37;48.49
15.05.2010 15:00;46.23;48.28;48.28;46.23;48.28
15.05.2010 16:00;46.26;48.39;48.39;46.26;48.39
15.05.2010 17:00;46.29;48.63;48.63;46.29;48.63
15.05.2010 18:00;46.29;48.60;48.60;46.29;48.60
15.05.2010 19:00;46.15;48.38;48.38;46.15;48.38
15.05.2010 20:00;46.04;48.34;48.34;46.04;48.34
15.05.2010 21:00;45.23;48.82;48.82;45.23;48.82
15.05.2010 22:00;45.05;48.89;48.89;45.05;48.89
15.05.2010 23:00;44.94;49.47;49.47;44.94;49.47
16.05.2010 00:00;40.85;46.47;46.47;40.85;46.47
16.05.2010 01:00;39.36;42.64;42.64;39.36;42.64
16.05.2010 02:00;38.48;42.88;42.88;38.48;42.88
16.05.2010 03:00;38.37;44.72;44.72;38.37;44.72
16.05.2010 04:00;37.91;43.40;43.40;37.91;43.40
16.05.2010 05:00;38.11;44.80;44.80;38.11;44.80
16.05.2010 06:00;39.22;42.80;42.80;39.22;42.80
16.05.2010 07:00;40.08;40.08;40.08;40.08;40.08
16.05.2010 08:00;42.36;46.00;46.00;42.36;46.00
16.05.2010 09:00;43.30;48.62;48.62;43.30;48.62
16.05.2010 10:00;43.49;49.01;49.01;43.49;49.01
16.05.2010 11:00;43.48;49.26;49.26;43.48;49.26
16.05.2010 12:00;43.30;49.26;49.26;43.30;49.26
16.05.2010 13:00;43.21;49.14;49.14;43.21;49.14
16.05.2010 14:00;43.17;49.11;49.11;43.17;49.11
16.05.2010 15:00;43.17;49.05;49.05;43.17;49.05
16.05.2010 16:00;42.83;48.80;48.80;42.83;48.80
16.05.2010 17:00;42.68;47.72;47.72;42.68;47.72
16.05.2010 18:00;42.42;44.20;44.20;42.42;44.20
16.05.2010 19:00;41.49;42.92;42.92;41.49;42.92
16.05.2010 20:00;42.22;43.99;43.99;42.22;43.99
16.05.2010 21:00;42.99;47.69;47.69;42.99;47.69
16.05.2010 22:00;46.42;48.64;48.64;46.42;48.64
16.05.2010 23:00;39.91;46.07;46.07;39.91;46.07
17.05.2010 00:00;23.92;45.86;45.86;23.92;45.86
17.05.2010 01:00;20.30;37.28;37.28;20.30;37.28
17.05.2010 02:00;8.84;29.83;29.83;8.84;29.83
17.05.2010 03:00;8.03;35.98;35.98;8.03;35.98
17.05.2010 04:00;9.84;37.13;37.13;9.84;37.13
17.05.2010 05:00;26.90;33.84;33.84;26.90;33.84
17.05.2010 06:00;47.84;47.84;47.84;47.84;47.84
17.05.2010 07:00;51.39;51.39;51.39;51.39;51.39
17.05.2010 08:00;53.00;53.00;53.00;53.00;53.00
17.05.2010 09:00;53.08;53.08;53.08;53.08;53.08
17.05.2010 10:00;53.03;53.03;53.03;53.03;53.03
17.05.2010 11:00;52.46;52.46;52.46;52.46;52.46
17.05.2010 12:00;51.79;51.79;51.79;51.79;51.79
17.05.2010 13:00;51.44;51.44;51.44;51.44;51.44
17.05.2010 14:00;51.07;51.07;51.07;51.07;51.07
17.05.2010 15:00;50.49;50.49;50.49;50.49;50.49
17.05.2010 16:00;48.59;48.59;48.59;48.59;48.59
17.05.2010 17:00;48.63;48.63;48.63;48.63;48.63
17.05.2010 18:00;48.64;48.64;48.64;48.64;48.64
17.05.2010 19:00;48.63;48.63;48.63;48.63;48.63
17.05.2010 20:00;47.88;47.88;47.88;47.88;47.88
17.05.2010 21:00;48.55;48.55;48.55;48.55;48.55
17.05.2010 22:00;47.91;49.07;49.07;47.91;49.07
17.05.2010 23:00;37.02;48.37;48.37;37.02;48.37
18.05.2010 00:00;38.90;42.84;42.84;38.90;42.84
18.05.2010 01:00;36.18;36.18;36.18;36.18;36.18
18.05.2010 02:00;36.01;36.01;36.01;36.01;36.01
18.05.2010 03:00;33.31;33.31;33.31;33.31;33.31
18.05.2010 04:00;33.62;33.62;33.62;33.62;33.62
18.05.2010 05:00;38.96;38.96;38.96;38.96;38.96
18.05.2010 06:00;48.07;48.07;48.07;48.07;48.07
18.05.2010 07:00;51.58;51.58;51.58;51.58;51.58
18.05.2010 08:00;53.22;53.22;53.22;53.22;53.22
18.05.2010 09:00;53.24;53.24;53.24;53.24;53.24
18.05.2010 10:00;53.04;53.04;53.04;53.04;53.04
18.05.2010 11:00;52.03;52.03;52.03;52.03;52.03
18.05.2010 12:00;51.65;51.65;51.65;51.65;51.65
18.05.2010 13:00;51.25;51.25;51.25;51.25;51.25
18.05.2010 14:00;49.60;49.60;49.60;49.60;49.60
18.05.2010 15:00;48.31;48.31;48.31;48.31;48.31
18.05.2010 16:00;46.72;46.72;46.72;46.72;46.72
18.05.2010 17:00;46.77;46.77;46.77;46.77;46.77
18.05.2010 18:00;46.83;46.83;46.83;46.83;46.83
18.05.2010 19:00;47.32;47.32;47.32;47.32;47.32
18.05.2010 20:00;46.63;46.63;46.63;46.63;46.63
18.05.2010 21:00;47.35;47.35;47.35;47.35;47.35
18.05.2010 22:00;47.71;47.71;47.71;47.71;47.71
18.05.2010 23:00;39.30;39.30;39.30;39.30;39.30
19.05.2010 00:00;10.06;38.80;38.80;10.06;38.80
19.05.2010 01:00;8.28;34.74;34.74;8.28;34.74
19.05.2010 02:00;7.78;28.10;28.10;7.78;28.10
19.05.2010 03:00;7.53;26.20;26.20;7.53;26.20
19.05.2010 04:00;7.55;24.91;24.91;7.55;24.91
19.05.2010 05:00;11.41;27.90;27.90;11.41;27.90
19.05.2010 06:00;41.73;41.73;41.73;41.73;41.73
19.05.2010 07:00;48.98;48.98;48.98;48.98;48.98
19.05.2010 08:00;50.69;50.69;50.69;50.69;50.69
19.05.2010 09:00;50.58;50.58;50.58;50.58;50.58
19.05.2010 10:00;50.56;50.56;50.56;50.56;50.56
19.05.2010 11:00;50.45;50.45;50.45;50.45;50.45
19.05.2010 12:00;50.18;50.18;50.18;50.18;50.18
19.05.2010 13:00;49.99;49.99;49.99;49.99;49.99
19.05.2010 14:00;49.48;49.48;49.48;49.48;49.48
19.05.2010 15:00;48.23;48.23;48.23;48.23;48.23
19.05.2010 16:00;47.87;47.87;47.87;47.87;47.87
19.05.2010 17:00;47.91;47.91;47.91;47.91;47.91
19.05.2010 18:00;48.04;48.04;48.04;48.04;48.04
19.05.2010 19:00;48.02;48.02;48.02;48.02;48.02
19.05.2010 20:00;47.42;47.42;47.42;47.42;47.42
19.05.2010 21:00;46.24;47.79;47.79;46.24;47.79
19.05.2010 22:00;45.30;46.03;46.03;45.30;46.03
19.05.2010 23:00;42.08;42.08;42.08;42.08;42.08
20.05.2010 00:00;33.65;38.98;38.98;33.65;38.98
20.05.2010 01:00;10.08;36.20;36.20;10.08;36.20
20.05.2010 02:00;5.81;34.60;34.60;5.81;34.60
20.05.2010 03:00;7.15;30.70;30.70;7.15;30.70
20.05.2010 04:00;7.14;31.70;31.70;7.14;31.70
20.05.2010 05:00;32.42;36.97;36.97;32.42;36.97
20.05.2010 06:00;45.02;45.02;45.02;45.02;45.02
20.05.2010 07:00;48.58;48.58;48.58;48.58;48.58
20.05.2010 08:00;49.48;49.48;49.48;49.48;49.48
20.05.2010 09:00;49.16;49.16;49.16;49.16;49.16
20.05.2010 10:00;49.08;49.08;49.08;49.08;49.08
20.05.2010 11:00;48.79;48.79;48.79;48.79;48.79
20.05.2010 12:00;48.70;48.70;48.70;48.70;48.70
20.05.2010 13:00;48.42;48.42;48.42;48.42;48.42
20.05.2010 14:00;48.20;48.20;48.20;48.20;48.20
20.05.2010 15:00;48.17;48.17;48.17;48.17;48.17
20.05.2010 16:00;47.84;47.84;47.84;47.84;47.84
20.05.2010 17:00;47.60;47.60;47.60;47.60;47.60
20.05.2010 18:00;46.84;47.12;47.12;46.84;47.12
20.05.2010 19:00;45.91;47.16;47.16;45.91;47.16
20.05.2010 20:00;44.47;46.83;46.83;44.47;46.83
20.05.2010 21:00;44.47;47.08;47.08;44.47;47.08
20.05.2010 22:00;42.92;46.54;46.54;42.92;46.54
20.05.2010 23:00;37.09;42.09;42.09;37.09;42.09
21.05.2010 00:00;14.51;41.21;41.21;14.51;41.21
21.05.2010 01:00;10.79;37.01;37.01;10.79;37.01
21.05.2010 02:00;8.37;33.71;33.71;8.37;33.71
21.05.2010 03:00;7.39;27.10;27.10;7.39;27.10
21.05.2010 04:00;7.01;30.65;30.65;7.01;30.65
21.05.2010 05:00;17.18;33.46;33.46;17.18;33.46
21.05.2010 06:00;45.06;45.06;45.06;45.06;45.06
21.05.2010 07:00;48.34;48.34;48.34;48.34;48.34
21.05.2010 08:00;49.74;49.74;49.74;49.74;49.74
21.05.2010 09:00;49.70;49.70;49.70;49.70;49.70
21.05.2010 10:00;49.54;49.54;49.54;49.54;49.54
21.05.2010 11:00;49.17;49.17;49.17;49.17;49.17
21.05.2010 12:00;48.70;48.70;48.70;48.70;48.70
21.05.2010 13:00;48.23;48.23;48.23;48.23;48.23
21.05.2010 14:00;47.47;47.47;47.47;47.47;47.47
21.05.2010 15:00;47.08;47.08;47.08;47.08;47.08
21.05.2010 16:00;46.03;46.03;46.03;46.03;46.03
21.05.2010 17:00;46.16;46.16;46.16;46.16;46.16
21.05.2010 18:00;45.51;46.10;46.10;45.51;46.10
21.05.2010 19:00;43.60;45.36;45.36;43.60;45.36
21.05.2010 20:00;41.17;46.27;46.27;41.17;46.27
21.05.2010 21:00;41.21;45.26;45.26;41.21;45.26
21.05.2010 22:00;41.77;45.86;45.86;41.77;45.86
21.05.2010 23:00;38.79;38.79;40.88;38.79;40.88
22.05.2010 00:00;28.26;45.28;45.28;28.26;45.28
22.05.2010 01:00;8.06;34.02;34.02;8.06;34.02
22.05.2010 02:00;6.92;25.30;25.30;6.92;25.30
22.05.2010 03:00;6.26;24.51;24.51;6.26;24.51
22.05.2010 04:00;5.79;23.21;23.21;5.79;23.21
22.05.2010 05:00;5.77;23.01;23.01;5.77;23.01
22.05.2010 06:00;4.77;20.75;20.75;4.77;20.75
22.05.2010 07:00;3.49;3.49;21.40;3.49;21.40
22.05.2010 08:00;21.18;21.18;21.18;21.18;21.18
22.05.2010 09:00;35.53;35.53;35.53;35.53;35.53
22.05.2010 10:00;41.28;41.28;41.28;41.28;41.28
22.05.2010 11:00;40.33;40.33;42.45;40.33;48.07
22.05.2010 12:00;38.61;38.61;38.96;38.61;38.96
22.05.2010 13:00;33.62;33.62;33.62;33.62;33.62
22.05.2010 14:00;29.16;29.16;29.16;29.16;29.16
22.05.2010 15:00;33.61;33.61;33.61;33.61;33.61
22.05.2010 16:00;33.24;33.24;33.24;33.24;33.24
22.05.2010 17:00;35.09;35.09;35.09;35.09;35.09
22.05.2010 18:00;35.51;35.51;35.51;35.51;35.51
22.05.2010 19:00;33.94;33.94;33.94;33.94;33.94
22.05.2010 20:00;31.90;31.90;35.82;31.90;35.82
22.05.2010 21:00;33.25;33.25;35.49;33.25;35.49
22.05.2010 22:00;37.27;37.27;37.27;37.27;37.27
22.05.2010 23:00;35.06;35.06;35.06;35.06;35.06
23.05.2010 00:00;24.71;42.19;42.19;24.71;42.19
23.05.2010 01:00;6.71;39.14;39.14;6.71;39.14
23.05.2010 02:00;2.95;18.61;18.61;2.95;18.61
23.05.2010 03:00;2.97;17.61;17.61;2.97;17.61
23.05.2010 04:00;2.87;17.35;17.35;2.87;17.35
23.05.2010 05:00;2.81;11.74;11.74;2.81;11.74
23.05.2010 06:00;2.95;6.10;6.10;2.95;6.10
23.05.2010 07:00;3.60;10.30;10.30;3.60;10.30
23.05.2010 08:00;20.03;20.03;20.03;20.03;20.03
23.05.2010 09:00;29.49;29.49;29.49;29.49;29.49
23.05.2010 10:00;33.85;33.85;33.85;33.85;33.85
23.05.2010 11:00;35.21;35.21;35.21;35.21;35.21
23.05.2010 12:00;35.71;35.71;35.71;35.71;35.71
23.05.2010 13:00;32.44;25.91;25.91;32.44;25.91
23.05.2010 14:00;33.02;20.51;20.51;33.02;20.51
23.05.2010 15:00;33.08;18.06;18.06;33.08;18.06
23.05.2010 16:00;33.07;17.64;17.64;33.07;17.64
23.05.2010 17:00;33.02;20.24;20.24;33.02;20.24
23.05.2010 18:00;24.76;24.76;24.76;24.76;24.76
23.05.2010 19:00;24.78;24.78;24.78;24.78;24.78
23.05.2010 20:00;28.91;28.91;28.91;28.91;28.91
23.05.2010 21:00;36.61;36.61;36.61;36.61;36.61
23.05.2010 22:00;43.22;43.22;43.22;43.22;43.22
23.05.2010 23:00;34.31;34.31;34.31;34.31;34.31
24.05.2010 00:00;23.96;23.96;23.96;23.96;23.96
24.05.2010 01:00;13.02;13.02;13.02;13.02;13.02
24.05.2010 02:00;6.69;6.69;6.69;6.69;6.69
24.05.2010 03:00;6.30;6.30;6.30;6.30;6.30
24.05.2010 04:00;7.69;7.69;7.69;7.69;7.69
24.05.2010 05:00;8.33;8.33;8.33;8.33;8.33
24.05.2010 06:00;24.69;24.69;24.69;24.69;24.69
24.05.2010 07:00;39.36;39.36;39.36;39.36;39.36
24.05.2010 08:00;39.98;39.98;39.98;39.98;39.98
24.05.2010 09:00;42.19;42.19;42.19;42.19;42.19
24.05.2010 10:00;43.47;43.47;43.47;43.47;43.47
24.05.2010 11:00;45.72;45.72;45.72;45.72;45.72
24.05.2010 12:00;45.30;45.30;45.30;45.30;45.30
24.05.2010 13:00;37.59;37.59;37.59;37.59;37.59
24.05.2010 14:00;37.06;37.06;37.06;37.06;37.06
24.05.2010 15:00;36.82;36.82;36.82;36.82;36.82
24.05.2010 16:00;35.53;35.53;35.53;35.53;35.53
24.05.2010 17:00;36.76;36.76;36.76;36.76;36.76
24.05.2010 18:00;38.48;38.48;38.48;38.48;38.48
24.05.2010 19:00;40.49;40.49;40.49;40.49;40.49
24.05.2010 20:00;42.28;42.28;42.28;42.28;42.28
24.05.2010 21:00;45.05;45.05;45.05;45.05;45.05
24.05.2010 22:00;46.42;46.42;46.42;46.42;46.42
24.05.2010 23:00;33.33;33.33;33.33;33.33;33.33
25.05.2010 00:00;37.30;37.30;37.30;37.30;37.30
25.05.2010 01:00;25.04;25.04;25.04;25.04;25.04
25.05.2010 02:00;18.00;18.00;18.00;18.00;18.00
25.05.2010 03:00;7.81;7.81;7.81;7.81;7.81
25.05.2010 04:00;9.81;9.81;9.81;9.81;9.81
25.05.2010 05:00;24.90;24.90;24.90;24.90;24.90
25.05.2010 06:00;40.82;40.82;40.82;40.82;40.82
25.05.2010 07:00;48.19;48.19;48.19;48.19;48.19
25.05.2010 08:00;50.03;50.03;50.03;50.03;50.03
25.05.2010 09:00;50.03;50.03;50.03;50.03;50.03
25.05.2010 10:00;49.95;49.95;49.95;49.95;49.95
25.05.2010 11:00;49.61;49.61;49.61;49.61;49.61
25.05.2010 12:00;49.13;49.13;49.13;49.13;49.13
25.05.2010 13:00;48.91;48.91;48.91;48.91;48.91
25.05.2010 14:00;48.46;48.46;48.46;48.46;48.46
25.05.2010 15:00;48.38;48.38;48.38;48.38;48.38
25.05.2010 16:00;46.54;46.54;46.54;46.54;46.54
25.05.2010 17:00;46.09;46.45;46.45;46.09;46.45
25.05.2010 18:00;47.09;47.75;47.75;47.09;47.75
25.05.2010 19:00;45.61;48.66;48.66;45.61;48.66
25.05.2010 20:00;42.61;47.29;47.29;42.61;47.29
25.05.2010 21:00;41.18;49.11;49.11;41.18;49.11
25.05.2010 22:00;40.87;49.38;49.38;40.87;49.38
25.05.2010 23:00;35.60;46.84;46.84;35.60;46.84
26.05.2010 00:00;37.37;44.91;44.91;37.37;44.91
26.05.2010 01:00;36.93;36.93;36.93;36.93;36.93
26.05.2010 02:00;33.25;33.25;33.25;33.25;33.25
26.05.2010 03:00;28.10;28.10;28.10;28.10;28.10
26.05.2010 04:00;29.70;29.70;29.70;29.70;29.70
26.05.2010 05:00;37.00;37.00;37.00;37.00;37.00
26.05.2010 06:00;46.76;46.76;46.76;46.76;46.76
26.05.2010 07:00;51.11;51.11;51.11;51.11;51.11
26.05.2010 08:00;52.75;52.75;52.75;52.75;52.75
26.05.2010 09:00;53.07;53.07;53.07;53.07;53.07
26.05.2010 10:00;53.41;53.41;53.41;53.41;53.41
26.05.2010 11:00;52.94;52.94;52.94;52.94;52.94
26.05.2010 12:00;52.74;52.74;52.74;52.74;52.74
26.05.2010 13:00;52.41;52.41;52.41;52.41;52.41
26.05.2010 14:00;51.54;51.54;51.54;51.54;51.54
26.05.2010 15:00;51.53;51.53;51.53;51.53;51.53
26.05.2010 16:00;50.18;50.18;50.18;50.18;50.18
26.05.2010 17:00;49.56;49.56;49.56;49.56;49.56
26.05.2010 18:00;48.87;50.07;50.07;48.87;50.07
26.05.2010 19:00;49.79;49.79;49.79;49.79;49.79
26.05.2010 20:00;47.39;47.39;47.39;47.39;47.39
26.05.2010 21:00;48.32;48.32;48.32;48.32;48.32
26.05.2010 22:00;48.50;48.50;48.50;48.50;48.50
26.05.2010 23:00;43.22;43.22;43.22;43.22;43.22
27.05.2010 00:00;37.13;42.59;42.59;37.13;42.59
27.05.2010 01:00;31.91;31.92;41.09;31.91;31.92
27.05.2010 02:00;26.56;26.56;39.16;26.56;26.56
27.05.2010 03:00;25.52;25.59;39.16;25.52;25.59
27.05.2010 04:00;27.90;27.90;39.28;27.90;27.90
27.05.2010 05:00;35.06;35.09;39.78;35.06;35.09
27.05.2010 06:00;43.44;45.53;45.53;43.44;45.53
27.05.2010 07:00;49.40;49.40;49.40;49.40;49.40
27.05.2010 08:00;52.60;52.60;52.60;52.60;52.60
27.05.2010 09:00;52.96;52.96;52.96;52.96;52.96
27.05.2010 10:00;53.06;53.06;53.06;53.06;53.06
27.05.2010 11:00;52.65;52.65;52.65;52.65;52.65
27.05.2010 12:00;52.29;52.29;52.29;52.29;52.29
27.05.2010 13:00;52.11;52.11;52.11;52.11;52.11
27.05.2010 14:00;51.94;51.94;51.94;51.94;51.94
27.05.2010 15:00;51.32;51.32;51.32;51.32;51.32
27.05.2010 16:00;50.79;50.79;50.79;50.79;50.79
27.05.2010 17:00;50.06;50.06;50.06;50.06;50.06
27.05.2010 18:00;49.87;49.88;49.88;49.87;49.88
27.05.2010 19:00;48.92;49.14;49.14;48.92;49.14
27.05.2010 20:00;46.03;47.83;47.83;46.03;47.83
27.05.2010 21:00;47.02;47.83;47.83;47.02;47.83
27.05.2010 22:00;46.92;46.95;46.95;46.92;46.95
27.05.2010 23:00;40.34;40.40;40.40;40.34;40.40
28.05.2010 00:00;39.08;39.94;39.94;39.08;39.94
28.05.2010 01:00;34.90;40.12;40.12;34.90;40.12
28.05.2010 02:00;25.69;36.55;36.55;25.69;36.55
28.05.2010 03:00;20.60;37.14;37.14;20.60;37.14
28.05.2010 04:00;22.99;35.23;35.23;22.99;35.23
28.05.2010 05:00;33.28;41.06;41.06;33.28;41.06
28.05.2010 06:00;43.14;46.57;46.57;43.14;46.57
28.05.2010 07:00;50.67;50.67;50.67;50.67;50.67
28.05.2010 08:00;52.25;52.25;52.25;52.25;52.25
28.05.2010 09:00;52.64;52.64;52.64;52.64;52.64
28.05.2010 10:00;52.78;52.78;52.78;52.78;52.78
28.05.2010 11:00;52.32;52.32;52.32;52.32;52.32
28.05.2010 12:00;51.90;51.90;51.90;51.90;51.90
28.05.2010 13:00;50.92;50.92;50.92;50.92;50.92
28.05.2010 14:00;49.20;49.20;49.20;49.20;49.20
28.05.2010 15:00;46.29;46.29;46.29;46.29;46.29
28.05.2010 16:00;43.80;46.09;46.09;43.80;46.09
28.05.2010 17:00;44.40;45.94;45.94;44.40;45.94
28.05.2010 18:00;44.94;45.54;45.54;44.94;45.54
28.05.2010 19:00;43.39;44.16;44.16;43.39;44.16
28.05.2010 20:00;43.31;45.21;45.21;43.31;45.21
28.05.2010 21:00;42.70;46.32;46.32;42.70;46.32
28.05.2010 22:00;43.40;47.48;47.48;43.40;47.48
28.05.2010 23:00;40.46;44.39;44.39;40.46;44.39
29.05.2010 00:00;37.80;41.82;41.82;37.80;41.82
29.05.2010 01:00;32.30;32.30;32.30;32.30;32.30
29.05.2010 02:00;29.41;29.41;29.41;29.41;29.41
29.05.2010 03:00;21.01;21.01;21.01;21.01;21.01
29.05.2010 04:00;19.41;19.41;19.41;19.41;19.41
29.05.2010 05:00;18.52;18.59;18.59;18.52;18.59
29.05.2010 06:00;25.52;25.52;25.52;25.52;25.52
29.05.2010 07:00;39.51;39.51;39.51;39.51;39.51
29.05.2010 08:00;41.60;41.60;41.60;41.60;41.60
29.05.2010 09:00;39.29;39.29;39.29;39.29;39.29
29.05.2010 10:00;43.02;43.03;43.03;43.02;43.03
29.05.2010 11:00;42.97;42.98;42.98;42.97;42.98
29.05.2010 12:00;41.54;41.55;41.55;41.54;41.55
29.05.2010 13:00;39.65;39.65;39.65;39.65;39.65
29.05.2010 14:00;37.70;37.70;37.70;37.70;37.70
29.05.2010 15:00;37.62;37.62;37.62;37.62;37.62
29.05.2010 16:00;37.22;37.21;37.21;37.22;37.21
29.05.2010 17:00;39.07;39.09;39.09;39.07;39.09
29.05.2010 18:00;39.19;39.19;39.19;39.19;39.19
29.05.2010 19:00;38.44;38.49;38.49;38.44;38.49
29.05.2010 20:00;37.71;36.59;36.59;37.71;36.59
29.05.2010 21:00;37.03;38.71;38.71;37.03;38.71
29.05.2010 22:00;36.98;41.96;41.96;36.98;41.96
29.05.2010 23:00;28.39;36.98;36.98;28.39;36.98
30.05.2010 00:00;17.48;28.80;28.80;17.48;28.80
30.05.2010 01:00;5.83;17.20;17.20;5.83;17.20
30.05.2010 02:00;5.83;5.30;5.30;5.83;5.30
30.05.2010 03:00;5.83;1.94;1.94;5.83;1.94
30.05.2010 04:00;5.82;3.22;3.22;5.82;3.22
30.05.2010 05:00;5.81;3.04;3.04;5.81;3.04
30.05.2010 06:00;5.84;4.43;4.43;5.84;4.43
30.05.2010 07:00;11.91;6.80;6.80;11.91;6.80
30.05.2010 08:00;34.30;9.59;9.59;34.30;9.59
30.05.2010 09:00;34.54;15.80;15.80;34.54;15.80
30.05.2010 10:00;36.56;24.99;24.99;36.56;24.99
30.05.2010 11:00;36.64;29.98;29.98;36.64;29.98
30.05.2010 12:00;36.63;32.19;32.19;36.63;32.19
30.05.2010 13:00;36.53;25.99;25.99;36.53;25.99
30.05.2010 14:00;36.64;21.49;21.49;36.64;21.49
30.05.2010 15:00;36.59;15.07;15.07;36.59;15.07
30.05.2010 16:00;36.57;11.19;11.19;36.57;11.19
30.05.2010 17:00;36.58;15.59;15.59;36.58;15.59
30.05.2010 18:00;36.58;26.09;26.09;36.58;26.09
30.05.2010 19:00;36.73;30.08;30.08;36.73;30.08
30.05.2010 20:00;36.48;29.76;29.76;36.48;29.76
30.05.2010 21:00;36.85;33.00;33.00;36.85;33.00
30.05.2010 22:00;36.64;36.02;36.02;36.64;36.02
30.05.2010 23:00;25.18;25.18;25.18;25.18;25.18
31.05.2010 00:00;32.48;14.95;14.95;32.48;14.95
31.05.2010 01:00;8.99;2.38;2.38;8.99;2.38
31.05.2010 02:00;12.32;4.17;4.17;12.32;4.17
31.05.2010 03:00;9.28;5.69;5.69;9.28;5.69
31.05.2010 04:00;9.94;6.49;6.49;9.94;6.49
31.05.2010 05:00;32.04;21.08;21.08;32.04;21.08
31.05.2010 06:00;40.05;40.05;40.05;40.05;40.05
31.05.2010 07:00;50.43;50.43;50.43;50.43;50.43
31.05.2010 08:00;51.29;51.29;51.29;51.29;51.29
31.05.2010 09:00;51.73;51.73;51.73;51.73;51.73
31.05.2010 10:00;51.69;51.69;51.69;51.69;51.69
31.05.2010 11:00;51.41;51.41;51.41;51.41;51.41
31.05.2010 12:00;51.35;51.42;51.42;51.35;51.42
31.05.2010 13:00;51.25;51.30;51.30;51.25;51.30
31.05.2010 14:00;50.64;51.07;51.07;50.64;51.07
31.05.2010 15:00;48.08;49.74;49.74;48.08;49.74
31.05.2010 16:00;46.82;46.82;46.82;46.82;46.82
31.05.2010 17:00;46.23;46.23;46.23;46.23;46.23
31.05.2010 18:00;46.07;46.62;46.62;46.07;46.62
31.05.2010 19:00;45.09;44.64;44.64;45.09;44.64
31.05.2010 20:00;46.01;42.57;42.57;46.01;42.57
31.05.2010 21:00;45.76;42.41;42.41;45.76;42.41
31.05.2010 22:00;46.02;45.73;45.73;46.02;45.73
31.05.2010 23:00;44.97;39.54;39.54;44.97;39.54
01.06.2010 00:00;43.14;39.80;39.80;43.14;39.80
01.06.2010 01:00;41.49;36.38;36.38;41.49;36.38
01.06.2010 02:00;41.21;36.21;36.21;41.21;36.21
01.06.2010 03:00;40.60;34.99;34.99;40.60;34.99
01.06.2010 04:00;40.38;37.34;37.34;40.38;37.34
01.06.2010 05:00;38.96;37.17;37.17;38.96;37.17
01.06.2010 06:00;43.08;43.42;43.42;43.08;43.42
01.06.2010 07:00;48.42;48.43;48.43;48.42;48.43
01.06.2010 08:00;50.21;50.21;50.21;50.21;50.21
01.06.2010 09:00;51.47;51.47;51.47;51.47;51.47
01.06.2010 10:00;51.97;51.97;51.97;51.97;51.97
01.06.2010 11:00;51.79;51.79;51.79;51.79;51.79
01.06.2010 12:00;51.73;51.73;51.73;51.73;51.73
01.06.2010 13:00;51.56;51.56;51.56;51.56;51.56
01.06.2010 14:00;50.86;50.86;50.86;50.86;50.86
01.06.2010 15:00;49.31;49.35;49.35;49.31;49.35
01.06.2010 16:00;47.15;48.72;48.72;47.15;48.72
01.06.2010 17:00;47.52;48.25;48.25;47.52;48.25
01.06.2010 18:00;46.43;47.50;47.50;46.43;47.50
01.06.2010 19:00;45.21;45.27;45.27;45.21;45.27
01.06.2010 20:00;44.87;45.20;45.20;44.87;45.20
01.06.2010 21:00;51.11;44.28;44.28;46.92;44.28
01.06.2010 22:00;51.04;44.73;44.73;48.12;44.73
01.06.2010 23:00;51.00;46.00;46.00;44.31;46.00
02.06.2010 00:00;46.81;39.27;39.27;46.27;39.27
02.06.2010 01:00;46.64;36.08;36.08;44.19;36.08
02.06.2010 02:00;46.59;33.62;33.62;42.58;33.62
02.06.2010 03:00;46.54;34.71;34.71;41.12;34.71
02.06.2010 04:00;46.57;32.94;32.94;38.99;32.94
02.06.2010 05:00;46.58;36.20;36.20;44.11;36.20
02.06.2010 06:00;51.04;45.00;45.00;46.22;45.00
02.06.2010 07:00;50.26;50.26;50.26;50.26;50.26
02.06.2010 08:00;51.57;51.57;51.57;51.57;51.57
02.06.2010 09:00;51.90;51.90;51.90;51.90;51.90
02.06.2010 10:00;51.93;51.93;51.93;51.93;51.93
02.06.2010 11:00;52.13;52.13;52.13;52.13;52.13
02.06.2010 12:00;51.80;51.80;51.80;51.80;51.80
02.06.2010 13:00;51.35;51.35;51.35;51.35;51.35
02.06.2010 14:00;50.02;50.02;50.02;50.02;50.02
02.06.2010 15:00;48.46;48.25;48.25;46.97;48.25
02.06.2010 16:00;47.78;44.58;44.58;46.13;44.58
02.06.2010 17:00;47.20;42.57;42.57;46.00;42.57
02.06.2010 18:00;46.78;43.76;43.76;44.64;43.76
02.06.2010 19:00;48.39;44.33;44.33;44.48;44.33
02.06.2010 20:00;51.15;44.34;44.34;44.34;44.34
02.06.2010 21:00;51.15;43.26;43.26;43.70;43.26
02.06.2010 22:00;51.13;43.71;43.71;43.71;43.71
02.06.2010 23:00;48.62;38.98;38.98;41.71;38.98
03.06.2010 00:00;45.90;33.25;33.25;40.70;33.25
03.06.2010 01:00;45.69;20.39;20.39;38.24;20.39
03.06.2010 02:00;45.60;13.39;13.39;35.07;13.39
03.06.2010 03:00;45.59;15.60;15.60;35.09;15.60
03.06.2010 04:00;45.60;13.05;13.05;35.08;13.05
03.06.2010 05:00;45.74;12.57;12.57;36.29;12.57
03.06.2010 06:00;48.08;35.66;35.66;44.01;35.66
03.06.2010 07:00;50.43;42.11;42.11;44.96;42.11
03.06.2010 08:00;52.02;45.98;45.98;48.23;45.98
03.06.2010 09:00;52.09;47.60;47.60;47.60;47.60
03.06.2010 10:00;52.10;48.34;48.34;48.34;48.34
03.06.2010 11:00;52.06;49.72;49.72;49.72;49.72
03.06.2010 12:00;52.04;49.49;49.49;49.49;49.49
03.06.2010 13:00;52.05;48.59;48.59;48.08;48.59
03.06.2010 14:00;52.05;45.54;45.54;48.53;45.54
03.06.2010 15:00;52.05;41.82;41.82;48.88;41.82
03.06.2010 16:00;50.98;40.19;40.19;47.19;40.19
03.06.2010 17:00;50.88;41.06;41.06;46.49;41.06
03.06.2010 18:00;50.58;42.99;42.99;46.40;42.99
03.06.2010 19:00;50.52;43.71;43.71;45.91;43.71
03.06.2010 20:00;50.54;43.08;43.08;46.19;43.08
03.06.2010 21:00;50.42;40.70;40.70;46.20;40.70
03.06.2010 22:00;49.90;45.65;45.65;45.65;45.65
03.06.2010 23:00;48.91;37.52;37.52;44.90;37.52
04.06.2010 00:00;46.86;42.14;42.14;44.91;42.14
04.06.2010 01:00;46.12;36.89;36.89;44.03;36.89
04.06.2010 02:00;45.87;32.44;32.44;43.02;32.44
04.06.2010 03:00;45.84;33.04;33.04;40.82;33.04
04.06.2010 04:00;45.92;31.43;31.43;40.79;31.43
04.06.2010 05:00;46.04;35.95;35.95;40.85;35.95
04.06.2010 06:00;50.02;40.06;40.06;44.53;40.06
04.06.2010 07:00;51.57;48.57;48.57;48.57;48.57
04.06.2010 08:00;52.07;51.48;51.48;51.48;51.48
04.06.2010 09:00;52.37;52.37;52.37;52.37;52.37
04.06.2010 10:00;52.69;52.69;52.69;52.69;52.69
04.06.2010 11:00;52.42;52.42;52.42;52.42;52.42
04.06.2010 12:00;52.71;52.71;52.71;52.71;52.71
04.06.2010 13:00;52.12;52.12;52.12;52.12;52.12
04.06.2010 14:00;52.03;50.93;50.93;52.03;50.93
04.06.2010 15:00;49.28;49.58;49.58;49.28;49.58
04.06.2010 16:00;47.18;48.11;48.11;47.18;48.11
04.06.2010 17:00;45.95;49.09;49.09;45.95;49.09
04.06.2010 18:00;45.36;49.26;49.26;45.36;49.26
04.06.2010 19:00;45.91;47.95;47.95;45.91;47.95
04.06.2010 20:00;45.03;48.07;48.07;45.03;48.07
04.06.2010 21:00;44.47;47.94;47.94;44.47;47.94
04.06.2010 22:00;44.36;50.18;50.18;44.36;50.18
04.06.2010 23:00;43.29;46.85;46.85;43.29;46.85
05.06.2010 00:00;46.85;44.36;44.36;45.58;44.36
05.06.2010 01:00;46.55;37.98;37.98;44.26;37.98
05.06.2010 02:00;46.51;37.74;37.74;44.08;37.74
05.06.2010 03:00;46.46;36.63;36.63;43.70;36.63
05.06.2010 04:00;46.37;32.95;32.95;41.20;32.95
05.06.2010 05:00;46.32;33.00;33.00;41.00;33.00
05.06.2010 06:00;46.40;36.93;36.93;44.30;36.93
05.06.2010 07:00;46.49;37.42;37.42;44.82;37.42
05.06.2010 08:00;46.37;41.15;41.15;45.40;41.15
05.06.2010 09:00;46.43;44.42;44.42;46.43;44.42
05.06.2010 10:00;49.28;48.92;48.92;49.28;48.92
05.06.2010 11:00;49.47;49.06;49.06;49.47;49.06
05.06.2010 12:00;48.96;48.62;48.62;48.96;48.62
05.06.2010 13:00;46.98;44.78;44.78;46.98;44.78
05.06.2010 14:00;46.59;40.22;40.22;45.92;40.22
05.06.2010 15:00;46.56;39.27;39.27;45.76;39.27
05.06.2010 16:00;46.55;40.21;40.21;45.70;40.21
05.06.2010 17:00;46.50;40.77;40.77;45.72;40.77
05.06.2010 18:00;46.60;45.10;45.10;45.81;45.10
05.06.2010 19:00;46.81;46.81;46.81;46.81;46.81
05.06.2010 20:00;46.54;41.24;41.24;45.61;41.24
05.06.2010 21:00;46.79;40.00;40.00;44.75;40.00
05.06.2010 22:00;47.61;47.61;47.61;47.61;47.61
05.06.2010 23:00;46.76;44.42;44.42;44.81;44.42
06.06.2010 00:00;51.76;39.70;39.70;45.64;39.70
06.06.2010 01:00;51.55;36.73;36.73;44.81;36.73
06.06.2010 02:00;51.35;37.88;37.88;44.61;37.88
06.06.2010 03:00;51.24;38.08;38.08;44.53;38.08
06.06.2010 04:00;51.23;26.76;26.76;44.41;26.76
06.06.2010 05:00;51.26;11.00;11.00;44.41;11.00
06.06.2010 06:00;51.46;26.73;26.73;44.48;26.73
06.06.2010 07:00;51.71;31.95;31.95;44.73;31.95
06.06.2010 08:00;52.01;35.00;35.00;45.00;35.00
06.06.2010 09:00;50.33;38.27;38.27;46.10;38.27
06.06.2010 10:00;47.73;40.27;40.27;47.54;40.27
06.06.2010 11:00;50.16;43.13;43.13;47.62;43.13
06.06.2010 12:00;50.43;43.19;43.19;47.59;43.19
06.06.2010 13:00;50.18;37.30;37.30;47.37;37.30
06.06.2010 14:00;50.63;36.04;36.04;47.20;36.04
06.06.2010 15:00;51.00;35.45;35.45;47.08;35.45
06.06.2010 16:00;47.95;36.46;36.46;47.02;36.46
06.06.2010 17:00;50.93;37.62;37.62;46.72;37.62
06.06.2010 18:00;50.79;40.93;40.93;47.58;40.93
06.06.2010 19:00;50.87;44.58;44.58;47.66;44.58
06.06.2010 20:00;50.92;41.16;41.16;47.68;41.16
06.06.2010 21:00;51.32;40.67;40.67;49.58;40.67
06.06.2010 22:00;51.42;47.99;47.99;49.45;47.99
06.06.2010 23:00;51.22;40.27;40.27;49.73;40.27
07.06.2010 00:00;52.12;42.49;42.49;50.80;42.49
07.06.2010 01:00;52.06;37.62;37.62;49.03;37.62
07.06.2010 02:00;52.01;37.15;37.15;48.43;37.15
07.06.2010 03:00;51.96;37.73;37.73;45.41;37.73
07.06.2010 04:00;51.89;37.76;37.76;45.31;37.76
07.06.2010 05:00;51.99;37.31;37.31;45.50;37.31
07.06.2010 06:00;51.36;42.04;42.04;47.77;42.04
07.06.2010 07:00;51.54;49.18;49.18;48.34;49.18
07.06.2010 08:00;52.05;52.05;52.05;52.05;52.05
07.06.2010 09:00;52.53;52.53;52.53;52.53;52.53
07.06.2010 10:00;52.54;52.54;52.54;52.54;52.54
07.06.2010 11:00;52.99;52.99;52.99;52.99;52.99
07.06.2010 12:00;52.15;52.15;52.15;52.15;52.15
07.06.2010 13:00;51.53;51.53;51.53;51.53;51.53
07.06.2010 14:00;51.36;51.36;51.36;51.36;51.36
07.06.2010 15:00;48.74;49.18;49.18;48.74;49.18
07.06.2010 16:00;48.74;49.07;49.07;46.77;49.07
07.06.2010 17:00;48.36;48.60;48.60;46.48;48.60
07.06.2010 18:00;48.12;48.53;48.53;47.30;48.53
07.06.2010 19:00;48.65;48.65;48.65;48.65;48.65
07.06.2010 20:00;47.82;47.84;47.84;47.82;47.84
07.06.2010 21:00;47.72;47.79;47.79;47.72;47.79
07.06.2010 22:00;49.13;49.24;49.24;49.13;49.24
07.06.2010 23:00;48.89;49.74;49.74;47.75;49.74
08.06.2010 00:00;48.75;50.03;50.03;48.75;50.03
08.06.2010 01:00;47.84;46.10;46.10;47.84;46.10
08.06.2010 02:00;47.15;40.22;40.22;47.15;40.22
08.06.2010 03:00;46.73;40.38;40.38;46.73;40.38
08.06.2010 04:00;46.67;40.28;40.28;46.67;40.28
08.06.2010 05:00;47.25;44.95;44.95;47.25;44.95
08.06.2010 06:00;50.03;50.03;50.03;50.03;50.03
08.06.2010 07:00;52.89;52.89;52.89;52.89;52.89
08.06.2010 08:00;55.08;55.08;55.08;55.08;55.08
08.06.2010 09:00;55.07;55.07;55.07;55.07;55.07
08.06.2010 10:00;55.18;55.18;55.18;55.18;55.18
08.06.2010 11:00;55.17;55.17;55.17;55.17;55.17
08.06.2010 12:00;54.86;54.86;54.86;54.86;54.86
08.06.2010 13:00;55.25;55.25;55.25;55.25;55.25
08.06.2010 14:00;54.90;54.90;54.90;54.90;54.90
08.06.2010 15:00;53.77;53.77;53.77;53.77;53.77
08.06.2010 16:00;53.36;53.44;53.44;53.36;53.44
08.06.2010 17:00;53.02;53.43;53.43;53.02;53.43
08.06.2010 18:00;52.42;53.40;53.40;52.42;53.40
08.06.2010 19:00;51.35;51.27;51.27;49.98;51.27
08.06.2010 20:00;51.83;49.92;49.92;49.92;49.92
08.06.2010 21:00;51.76;48.22;48.22;48.22;48.22
08.06.2010 22:00;52.10;48.46;48.46;49.29;48.46
08.06.2010 23:00;52.23;45.17;45.17;48.19;45.17
09.06.2010 00:00;50.08;41.61;41.61;50.08;41.61
09.06.2010 01:00;49.02;40.43;40.43;49.02;40.43
09.06.2010 02:00;48.48;39.61;39.61;48.48;39.61
09.06.2010 03:00;47.99;38.45;38.45;47.99;38.45
09.06.2010 04:00;47.06;36.28;36.28;47.06;36.28
09.06.2010 05:00;47.22;39.27;39.27;47.22;39.27
09.06.2010 06:00;47.75;49.75;49.75;47.75;49.75
09.06.2010 07:00;52.81;52.81;52.81;52.81;52.81
09.06.2010 08:00;55.59;55.59;55.59;55.59;55.59
09.06.2010 09:00;56.01;56.01;56.01;56.01;56.01
09.06.2010 10:00;56.02;56.02;56.02;56.02;56.02
09.06.2010 11:00;55.82;55.82;55.82;55.82;55.82
09.06.2010 12:00;55.60;55.60;55.60;55.60;55.60
09.06.2010 13:00;55.32;55.32;55.32;55.32;55.32
09.06.2010 14:00;55.15;55.15;55.15;55.15;55.15
09.06.2010 15:00;54.93;54.93;54.93;54.93;54.93
09.06.2010 16:00;53.77;53.77;53.77;53.77;53.77
09.06.2010 17:00;53.16;53.16;53.16;53.16;53.16
09.06.2010 18:00;52.13;52.13;52.13;52.13;52.13
09.06.2010 19:00;49.51;49.54;49.54;49.51;49.54
09.06.2010 20:00;49.64;49.03;49.03;49.03;49.03
09.06.2010 21:00;49.53;46.89;46.89;46.89;46.89
09.06.2010 22:00;49.38;46.45;46.45;49.38;46.45
09.06.2010 23:00;48.38;41.16;41.16;48.38;41.16
10.06.2010 00:00;52.34;42.11;42.11;49.35;42.11
10.06.2010 01:00;52.09;38.15;38.15;47.94;38.15
10.06.2010 02:00;47.58;36.69;36.69;46.93;36.69
10.06.2010 03:00;47.16;32.39;32.39;46.79;32.39
10.06.2010 04:00;47.15;31.62;31.62;46.68;31.62
10.06.2010 05:00;47.80;38.93;38.93;47.27;38.93
10.06.2010 06:00;48.23;48.22;48.22;48.23;48.22
10.06.2010 07:00;53.60;53.60;53.60;53.60;53.60
10.06.2010 08:00;56.11;56.11;56.11;56.11;56.11
10.06.2010 09:00;56.21;56.21;56.21;56.21;56.21
10.06.2010 10:00;56.11;56.11;56.11;56.11;56.11
10.06.2010 11:00;56.05;56.05;56.05;56.05;56.05
10.06.2010 12:00;55.67;55.67;55.67;55.67;55.67
10.06.2010 13:00;55.06;55.06;55.06;55.06;55.06
10.06.2010 14:00;54.89;54.89;54.89;54.89;54.89
10.06.2010 15:00;54.64;54.64;54.64;54.64;54.64
10.06.2010 16:00;53.06;53.06;53.06;53.06;53.06
10.06.2010 17:00;52.36;52.36;52.36;52.36;52.36
10.06.2010 18:00;52.55;52.55;52.55;52.55;52.55
10.06.2010 19:00;50.17;50.17;50.17;50.17;50.17
10.06.2010 20:00;50.49;50.49;50.49;50.49;50.49
10.06.2010 21:00;49.09;49.09;49.09;49.09;49.09
10.06.2010 22:00;50.68;50.68;50.68;50.68;50.68
10.06.2010 23:00;43.95;43.95;43.95;43.95;43.95
11.06.2010 00:00;38.92;54.22;54.22;38.92;54.22
11.06.2010 01:00;35.82;53.08;53.08;35.82;53.08
11.06.2010 02:00;31.61;51.37;51.37;31.61;51.37
11.06.2010 03:00;25.49;51.20;51.20;25.49;51.20
11.06.2010 04:00;25.39;51.03;51.03;25.39;51.03
11.06.2010 05:00;36.92;49.86;49.86;36.92;49.86
11.06.2010 06:00;49.81;49.97;49.97;49.81;49.97
11.06.2010 07:00;54.43;54.43;54.43;54.43;54.43
11.06.2010 08:00;55.39;55.39;55.39;55.39;55.39
11.06.2010 09:00;55.44;55.44;55.44;55.44;55.44
11.06.2010 10:00;55.48;55.48;55.48;55.48;55.48
11.06.2010 11:00;55.34;55.34;55.34;55.34;55.34
11.06.2010 12:00;55.11;55.11;55.11;55.11;55.11
11.06.2010 13:00;54.03;54.03;54.03;54.03;54.03
11.06.2010 14:00;51.85;51.85;51.85;51.85;51.85
11.06.2010 15:00;47.94;50.96;50.96;47.94;50.96
11.06.2010 16:00;47.10;47.10;47.10;47.10;47.10
11.06.2010 17:00;47.06;47.06;47.06;47.06;47.06
11.06.2010 18:00;47.04;47.04;47.04;47.04;47.04
11.06.2010 19:00;45.17;45.17;45.17;45.17;45.17
11.06.2010 20:00;44.96;44.96;44.96;44.96;44.96
11.06.2010 21:00;42.45;42.45;42.45;42.45;42.45
11.06.2010 22:00;43.71;43.71;43.71;43.71;43.71
11.06.2010 23:00;41.06;41.06;41.06;41.06;41.06
12.06.2010 00:00;30.00;49.41;49.41;30.00;49.41
12.06.2010 01:00;22.50;48.02;48.02;22.50;48.02
12.06.2010 02:00;17.21;47.35;47.35;17.21;47.35
12.06.2010 03:00;8.82;47.07;47.07;8.82;47.07
12.06.2010 04:00;7.43;44.58;44.58;7.43;44.58
12.06.2010 05:00;7.42;43.14;43.14;7.42;43.14
12.06.2010 06:00;17.61;40.54;40.54;17.61;40.54
12.06.2010 07:00;33.60;33.60;33.60;33.60;33.60
12.06.2010 08:00;41.01;41.01;41.01;41.01;41.01
12.06.2010 09:00;45.63;45.63;45.63;45.63;45.63
12.06.2010 10:00;46.32;46.32;46.32;46.32;46.32
12.06.2010 11:00;46.26;46.26;46.26;46.26;46.26
12.06.2010 12:00;44.77;44.77;44.77;44.77;44.77
12.06.2010 13:00;41.48;41.48;41.48;41.48;41.48
12.06.2010 14:00;40.24;40.24;40.24;40.24;40.24
12.06.2010 15:00;36.18;36.18;36.18;36.18;36.18
12.06.2010 16:00;35.72;35.72;35.72;35.72;35.72
12.06.2010 17:00;38.97;38.97;38.97;38.97;38.97
12.06.2010 18:00;38.91;38.91;38.91;38.91;38.91
12.06.2010 19:00;34.58;34.58;34.58;34.58;34.58
12.06.2010 20:00;34.22;34.22;34.22;34.22;34.22
12.06.2010 21:00;34.71;34.71;34.71;34.71;34.71
12.06.2010 22:00;38.92;38.92;38.92;38.92;38.92
12.06.2010 23:00;33.41;37.62;37.62;33.41;37.62
13.06.2010 00:00;33.54;33.54;33.54;33.54;33.54
13.06.2010 01:00;10.78;10.78;10.78;10.78;10.78
13.06.2010 02:00;3.96;3.96;3.96;3.96;3.96
13.06.2010 03:00;2.35;2.35;2.35;2.35;2.35
13.06.2010 04:00;1.82;1.82;1.82;1.82;1.82
13.06.2010 05:00;1.96;1.96;1.96;1.96;1.96
13.06.2010 06:00;2.64;2.64;2.64;2.64;2.64
13.06.2010 07:00;7.28;7.28;7.28;7.28;7.28
13.06.2010 08:00;21.81;21.81;21.81;21.81;21.81
13.06.2010 09:00;34.04;34.04;34.04;34.04;34.04
13.06.2010 10:00;36.82;36.82;36.82;36.82;36.82
13.06.2010 11:00;39.00;39.00;39.00;39.00;39.00
13.06.2010 12:00;38.47;38.47;38.47;38.47;38.47
13.06.2010 13:00;38.55;38.55;38.55;38.55;38.55
13.06.2010 14:00;39.57;39.57;39.57;39.57;39.57
13.06.2010 15:00;38.87;38.87;38.87;38.87;38.87
13.06.2010 16:00;39.86;39.86;39.86;39.86;39.86
13.06.2010 17:00;39.00;39.00;39.00;39.00;39.00
13.06.2010 18:00;42.97;42.97;42.97;42.97;42.97
13.06.2010 19:00;45.01;45.01;45.01;45.01;45.01
13.06.2010 20:00;42.93;42.93;42.93;42.93;42.93
13.06.2010 21:00;45.38;45.38;45.38;45.38;45.38
13.06.2010 22:00;48.08;48.08;48.08;48.08;48.08
13.06.2010 23:00;39.70;39.70;39.70;39.70;39.70
14.06.2010 00:00;36.73;41.21;41.21;36.73;41.21
14.06.2010 01:00;31.94;40.23;40.23;31.94;40.23
14.06.2010 02:00;31.60;33.15;33.15;31.60;33.15
14.06.2010 03:00;29.99;37.56;37.56;29.99;37.56
14.06.2010 04:00;35.12;35.12;35.12;35.12;35.12
14.06.2010 05:00;38.99;38.99;38.99;38.99;38.99
14.06.2010 06:00;48.92;48.92;48.92;48.92;48.92
14.06.2010 07:00;52.39;52.39;52.39;52.39;52.39
14.06.2010 08:00;55.32;55.32;55.32;55.32;55.32
14.06.2010 09:00;55.54;55.54;55.54;55.54;55.54
14.06.2010 10:00;55.64;55.64;55.64;55.64;55.64
14.06.2010 11:00;55.55;55.55;55.55;55.55;55.55
14.06.2010 12:00;55.21;55.21;55.21;55.21;55.21
14.06.2010 13:00;54.93;54.93;54.93;54.93;54.93
14.06.2010 14:00;54.89;54.89;54.89;54.89;54.89
14.06.2010 15:00;52.82;52.82;52.82;52.82;52.82
14.06.2010 16:00;49.75;50.83;50.83;49.75;50.83
14.06.2010 17:00;48.93;50.94;50.94;48.93;50.94
14.06.2010 18:00;49.82;50.97;50.97;49.82;50.97
14.06.2010 19:00;48.65;49.14;49.14;48.65;49.14
14.06.2010 20:00;44.49;48.46;48.46;44.49;48.46
14.06.2010 21:00;44.50;49.55;49.55;44.50;49.55
14.06.2010 22:00;45.13;49.87;49.87;45.13;49.87
14.06.2010 23:00;40.27;46.43;46.43;40.27;46.43
15.06.2010 00:00;41.88;43.25;43.25;41.88;43.25
15.06.2010 01:00;36.62;41.05;41.05;36.62;41.05
15.06.2010 02:00;31.79;40.43;40.43;31.79;40.43
15.06.2010 03:00;24.77;40.31;40.31;24.77;40.31
15.06.2010 04:00;27.17;40.00;40.00;27.17;40.00
15.06.2010 05:00;35.91;40.96;40.96;35.91;40.96
15.06.2010 06:00;44.27;44.27;44.27;44.27;44.27
15.06.2010 07:00;50.62;50.62;50.62;50.62;50.62
15.06.2010 08:00;52.73;52.73;52.73;52.73;52.73
15.06.2010 09:00;53.81;53.81;53.81;53.81;53.81
15.06.2010 10:00;55.12;55.12;55.12;55.12;55.12
15.06.2010 11:00;55.87;55.87;55.87;55.87;55.87
15.06.2010 12:00;55.69;55.69;55.69;55.69;55.69
15.06.2010 13:00;54.15;54.15;54.15;54.15;54.15
15.06.2010 14:00;53.09;53.09;53.09;53.09;53.09
15.06.2010 15:00;51.31;51.31;51.31;51.31;51.31
15.06.2010 16:00;50.17;50.17;50.17;50.17;50.17
15.06.2010 17:00;49.59;49.59;49.59;49.59;49.59
15.06.2010 18:00;49.47;49.47;49.47;49.47;49.47
15.06.2010 19:00;47.94;47.94;47.94;47.94;47.94
15.06.2010 20:00;46.17;46.17;46.17;46.17;46.17
15.06.2010 21:00;45.52;45.52;45.52;45.52;45.52
15.06.2010 22:00;48.12;48.12;48.12;48.12;48.12
15.06.2010 23:00;41.00;41.00;41.00;41.00;41.00
16.06.2010 00:00;42.06;45.08;45.08;42.06;45.08
16.06.2010 01:00;41.61;42.62;42.62;41.61;42.62
16.06.2010 02:00;41.55;42.60;42.60;41.55;42.60
16.06.2010 03:00;42.27;42.50;42.50;42.27;42.50
16.06.2010 04:00;39.91;42.50;42.50;39.91;42.50
16.06.2010 05:00;42.59;42.59;42.59;42.59;42.59
16.06.2010 06:00;50.04;50.04;50.04;50.04;50.04
16.06.2010 07:00;54.65;54.65;54.65;54.65;54.65
16.06.2010 08:00;56.02;56.02;56.02;56.02;56.02
16.06.2010 09:00;56.29;56.29;56.29;56.29;56.29
16.06.2010 10:00;56.49;56.49;56.49;56.49;56.49
16.06.2010 11:00;57.03;57.03;57.03;57.03;57.03
16.06.2010 12:00;56.47;56.47;56.47;56.47;56.47
16.06.2010 13:00;55.46;55.46;55.46;55.46;55.46
16.06.2010 14:00;53.50;53.50;53.50;53.50;53.50
16.06.2010 15:00;50.61;50.61;50.61;50.61;50.61
16.06.2010 16:00;50.27;50.27;50.27;50.27;50.27
16.06.2010 17:00;49.42;49.42;49.42;49.42;49.42
16.06.2010 18:00;49.49;49.49;49.49;49.49;49.49
16.06.2010 19:00;47.88;47.88;47.88;47.88;47.88
16.06.2010 20:00;47.31;47.31;47.31;47.31;47.31
16.06.2010 21:00;47.58;47.58;47.58;47.58;47.58
16.06.2010 22:00;48.27;48.27;48.27;48.27;48.27
16.06.2010 23:00;41.55;41.55;41.55;41.55;41.55
17.06.2010 00:00;42.63;44.00;44.00;42.63;44.00
17.06.2010 01:00;42.15;42.55;42.55;42.15;42.55
17.06.2010 02:00;41.63;42.04;42.04;41.63;42.04
17.06.2010 03:00;40.05;41.99;41.99;40.05;41.99
17.06.2010 04:00;41.12;42.07;42.07;41.12;42.07
17.06.2010 05:00;43.84;43.84;43.84;43.84;43.84
17.06.2010 06:00;48.47;48.47;48.47;48.47;48.47
17.06.2010 07:00;54.40;54.40;54.40;54.40;54.40
17.06.2010 08:00;56.00;56.00;56.00;56.00;56.00
17.06.2010 09:00;58.22;58.22;58.22;58.22;58.22
17.06.2010 10:00;58.70;58.70;58.70;58.70;58.70
17.06.2010 11:00;58.67;58.67;58.67;58.67;58.67
17.06.2010 12:00;58.51;58.51;58.51;58.51;58.51
17.06.2010 13:00;57.23;57.23;57.23;57.23;57.23
17.06.2010 14:00;55.12;55.12;55.12;55.12;55.12
17.06.2010 15:00;53.06;53.06;53.06;53.06;53.06
17.06.2010 16:00;51.98;51.98;51.98;51.98;51.98
17.06.2010 17:00;51.49;51.49;51.49;51.49;51.49
17.06.2010 18:00;51.62;51.62;51.62;51.62;51.62
17.06.2010 19:00;51.70;51.70;51.70;51.70;51.70
17.06.2010 20:00;49.97;49.97;49.97;49.97;49.97
17.06.2010 21:00;48.81;48.81;48.81;48.81;48.81
17.06.2010 22:00;51.07;51.07;51.07;51.07;51.07
17.06.2010 23:00;46.98;46.98;46.98;46.98;46.98
18.06.2010 00:00;40.96;47.74;47.74;40.96;47.74
18.06.2010 01:00;40.09;40.16;40.16;37.50;40.16
18.06.2010 02:00;40.01;39.53;39.53;33.89;39.53
18.06.2010 03:00;34.81;39.88;39.88;28.58;39.88
18.06.2010 04:00;34.78;39.51;39.51;25.40;39.51
18.06.2010 05:00;40.05;40.44;40.44;38.02;40.44
18.06.2010 06:00;46.62;46.62;46.62;46.62;46.62
18.06.2010 07:00;50.61;50.61;50.61;50.61;50.61
18.06.2010 08:00;53.30;53.30;53.30;53.30;53.30
18.06.2010 09:00;55.01;55.01;55.01;55.01;55.01
18.06.2010 10:00;55.00;55.00;55.00;55.00;55.00
18.06.2010 11:00;54.69;54.69;54.69;54.69;54.69
18.06.2010 12:00;53.99;53.99;53.99;53.99;53.99
18.06.2010 13:00;52.92;52.92;52.92;52.92;52.92
18.06.2010 14:00;48.99;48.99;48.99;48.99;48.99
18.06.2010 15:00;45.12;45.12;45.12;45.12;45.12
18.06.2010 16:00;43.66;43.66;43.66;43.66;43.66
18.06.2010 17:00;44.21;44.21;44.21;44.21;44.21
18.06.2010 18:00;46.08;46.08;46.08;46.08;46.08
18.06.2010 19:00;45.75;45.75;45.75;45.75;45.75
18.06.2010 20:00;45.77;45.77;45.77;45.77;45.77
18.06.2010 21:00;43.28;43.28;43.28;43.28;43.28
18.06.2010 22:00;46.29;46.29;46.29;46.29;46.29
18.06.2010 23:00;40.29;40.29;40.29;40.29;40.29
19.06.2010 00:00;41.67;42.89;42.89;41.67;42.89
19.06.2010 01:00;37.97;42.18;42.18;37.97;42.18
19.06.2010 02:00;36.09;42.23;42.23;36.09;42.23
19.06.2010 03:00;30.00;42.11;42.11;30.00;42.11
19.06.2010 04:00;25.39;42.12;42.12;25.39;42.12
19.06.2010 05:00;28.26;42.03;42.03;28.26;42.03
19.06.2010 06:00;29.39;39.71;39.71;29.39;39.71
19.06.2010 07:00;34.89;42.05;42.05;34.89;42.05
19.06.2010 08:00;42.30;42.30;42.30;42.30;42.30
19.06.2010 09:00;46.79;46.79;46.79;46.79;46.79
19.06.2010 10:00;47.98;47.98;47.98;47.98;47.98
19.06.2010 11:00;50.21;50.21;50.21;50.21;50.21
19.06.2010 12:00;50.01;50.01;50.01;50.01;50.01
19.06.2010 13:00;46.71;46.71;46.71;46.71;46.71
19.06.2010 14:00;43.05;43.05;43.05;43.05;43.05
19.06.2010 15:00;42.25;42.25;42.25;42.25;42.25
19.06.2010 16:00;41.60;41.60;41.60;41.60;41.60
19.06.2010 17:00;42.93;42.93;42.93;42.93;42.93
19.06.2010 18:00;45.41;45.41;45.41;45.41;45.41
19.06.2010 19:00;45.07;46.58;46.58;45.07;46.58
19.06.2010 20:00;42.14;45.93;45.93;42.14;45.93
19.06.2010 21:00;40.82;43.26;43.26;40.82;43.26
19.06.2010 22:00;46.75;47.90;47.90;46.75;47.90
19.06.2010 23:00;42.22;42.88;42.88;42.22;42.88
20.06.2010 00:00;33.27;46.81;46.81;33.27;46.81
20.06.2010 01:00;22.60;46.27;46.27;22.60;46.27
20.06.2010 02:00;17.10;46.12;46.12;17.10;46.12
20.06.2010 03:00;6.95;45.97;45.97;6.95;45.97
20.06.2010 04:00;4.04;42.82;42.82;4.04;42.82
20.06.2010 05:00;2.34;41.92;41.92;2.34;41.92
20.06.2010 06:00;6.84;39.94;39.94;6.84;39.94
20.06.2010 07:00;28.19;39.18;39.18;28.19;39.18
20.06.2010 08:00;25.02;39.14;39.14;25.02;39.14
20.06.2010 09:00;30.25;44.80;44.80;30.25;44.80
20.06.2010 10:00;40.97;46.38;46.38;40.97;46.38
20.06.2010 11:00;45.82;46.86;46.86;45.82;46.86
20.06.2010 12:00;44.45;46.93;46.93;44.45;46.93
20.06.2010 13:00;38.51;46.15;46.15;38.51;46.15
20.06.2010 14:00;39.14;46.00;46.00;39.14;46.00
20.06.2010 15:00;38.94;46.04;46.04;38.94;46.04
20.06.2010 16:00;40.01;45.46;45.46;40.01;45.46
20.06.2010 17:00;40.78;46.34;46.34;40.78;46.34
20.06.2010 18:00;42.60;47.26;47.26;42.60;47.26
20.06.2010 19:00;44.50;47.61;47.61;44.50;47.61
20.06.2010 20:00;42.57;48.12;48.12;42.57;48.12
20.06.2010 21:00;41.49;48.86;48.86;41.49;48.86
20.06.2010 22:00;47.43;48.12;48.12;47.43;48.12
20.06.2010 23:00;41.93;46.65;46.65;41.93;46.65
21.06.2010 00:00;44.05;44.05;44.05;44.05;44.05
21.06.2010 01:00;37.43;41.30;41.30;37.43;41.30
21.06.2010 02:00;34.84;39.65;39.65;34.84;39.65
21.06.2010 03:00;26.56;39.38;39.38;26.56;39.38
21.06.2010 04:00;25.64;39.72;39.72;25.64;39.72
21.06.2010 05:00;36.95;38.74;38.74;36.95;38.74
21.06.2010 06:00;45.55;47.81;47.81;45.55;47.81
21.06.2010 07:00;52.81;53.33;53.33;52.81;53.33
21.06.2010 08:00;53.95;54.53;54.53;53.95;54.53
21.06.2010 09:00;55.38;55.38;55.38;55.38;55.38
21.06.2010 10:00;54.95;55.10;55.10;54.95;55.10
21.06.2010 11:00;55.41;55.41;55.41;55.41;55.41
21.06.2010 12:00;55.34;55.34;55.34;55.34;55.34
21.06.2010 13:00;54.33;55.21;55.21;54.33;55.21
21.06.2010 14:00;54.45;54.53;54.53;54.45;54.53
21.06.2010 15:00;51.17;52.16;52.16;51.17;52.16
21.06.2010 16:00;51.43;51.43;51.43;51.43;51.43
21.06.2010 17:00;49.69;49.69;49.69;49.69;49.69
21.06.2010 18:00;47.25;47.50;47.50;47.25;47.50
21.06.2010 19:00;44.19;47.31;47.31;44.19;47.31
21.06.2010 20:00;42.93;47.35;47.35;42.93;47.35
21.06.2010 21:00;41.73;47.05;47.05;41.73;47.05
21.06.2010 22:00;46.40;47.21;47.21;46.40;47.21
21.06.2010 23:00;41.25;44.07;44.07;41.25;44.07
22.06.2010 00:00;40.02;47.59;47.59;40.02;47.59
22.06.2010 01:00;35.19;47.14;47.14;35.19;47.14
22.06.2010 02:00;28.89;47.30;47.30;28.89;47.30
22.06.2010 03:00;28.00;46.27;46.27;28.00;46.27
22.06.2010 04:00;31.18;43.20;43.20;31.18;43.20
22.06.2010 05:00;38.16;41.51;41.51;38.16;41.51
22.06.2010 06:00;46.68;48.50;48.50;46.68;48.50
22.06.2010 07:00;51.61;52.41;52.41;51.61;52.41
22.06.2010 08:00;53.30;53.99;54.21;53.30;54.21
22.06.2010 09:00;51.62;53.81;54.08;51.62;54.84
22.06.2010 10:00;51.98;53.73;54.36;51.98;54.81
22.06.2010 11:00;52.54;53.37;54.35;52.54;54.83
22.06.2010 12:00;52.20;53.18;54.64;52.20;54.81
22.06.2010 13:00;50.91;53.02;54.63;50.91;55.01
22.06.2010 14:00;49.40;52.87;54.31;49.40;54.31
22.06.2010 15:00;48.29;50.87;50.87;48.29;50.87
22.06.2010 16:00;48.02;49.52;49.52;48.02;49.52
22.06.2010 17:00;47.84;48.69;48.69;47.84;48.69
22.06.2010 18:00;48.80;48.85;48.85;48.80;48.85
22.06.2010 19:00;48.36;48.36;48.36;48.36;48.36
22.06.2010 20:00;47.12;48.08;48.08;47.12;48.08
22.06.2010 21:00;46.31;48.57;48.57;46.31;48.57
22.06.2010 22:00;45.86;48.37;48.37;45.86;48.37
22.06.2010 23:00;44.50;47.16;47.16;44.50;47.16
23.06.2010 00:00;40.34;45.79;45.79;40.34;45.79
23.06.2010 01:00;38.80;45.08;45.08;38.80;45.08
23.06.2010 02:00;34.90;36.93;42.73;34.90;36.93
23.06.2010 03:00;29.39;36.07;41.97;29.39;36.07
23.06.2010 04:00;32.51;35.83;40.94;32.51;35.83
23.06.2010 05:00;32.59;43.04;43.04;32.59;43.04
23.06.2010 06:00;43.33;47.82;47.82;43.33;47.82
23.06.2010 07:00;46.20;49.74;51.97;46.20;51.97
23.06.2010 08:00;48.98;49.94;54.11;48.98;54.11
23.06.2010 09:00;49.93;49.93;54.48;49.93;54.48
23.06.2010 10:00;50.64;50.64;54.51;50.64;54.51
23.06.2010 11:00;51.82;51.82;54.46;51.82;54.46
23.06.2010 12:00;50.83;50.83;54.44;50.83;54.44
23.06.2010 13:00;50.44;50.44;54.51;50.44;54.51
23.06.2010 14:00;49.75;49.75;54.48;49.75;54.48
23.06.2010 15:00;48.29;49.61;53.05;48.29;53.05
23.06.2010 16:00;47.19;49.66;51.61;47.19;51.61
23.06.2010 17:00;46.27;49.85;49.98;46.27;49.98
23.06.2010 18:00;45.77;49.76;50.89;45.77;50.89
23.06.2010 19:00;45.24;49.64;49.64;45.24;49.64
23.06.2010 20:00;44.19;49.41;49.41;44.19;49.41
23.06.2010 21:00;43.11;49.56;49.56;43.11;49.56
23.06.2010 22:00;45.48;49.24;49.24;45.48;49.24
23.06.2010 23:00;43.05;47.37;47.37;43.05;47.37
24.06.2010 00:00;42.53;45.97;45.97;42.53;45.97
24.06.2010 01:00;40.93;43.53;43.53;40.93;43.53
24.06.2010 02:00;37.18;41.52;41.52;37.18;41.52
24.06.2010 03:00;34.72;40.95;40.95;34.72;40.95
24.06.2010 04:00;34.60;40.93;40.93;34.60;40.93
24.06.2010 05:00;41.00;46.52;46.52;41.00;46.52
24.06.2010 06:00;44.27;50.28;52.11;44.27;52.11
24.06.2010 07:00;42.96;50.82;53.64;42.96;53.64
24.06.2010 08:00;47.88;50.85;54.21;47.88;54.21
24.06.2010 09:00;48.77;50.89;54.16;48.77;54.16
24.06.2010 10:00;48.71;50.87;54.26;48.71;54.26
24.06.2010 11:00;46.83;50.85;54.24;46.83;54.24
24.06.2010 12:00;44.91;50.83;54.16;44.91;54.16
24.06.2010 13:00;43.06;50.80;54.22;43.06;54.22
24.06.2010 14:00;42.34;50.75;54.39;42.34;54.39
24.06.2010 15:00;41.63;50.70;53.64;41.63;53.64
24.06.2010 16:00;41.25;50.93;53.46;41.25;53.46
24.06.2010 17:00;40.96;51.17;53.98;40.96;53.98
24.06.2010 18:00;41.01;50.93;54.18;41.01;54.18
24.06.2010 19:00;40.35;50.96;54.40;40.35;54.40
24.06.2010 20:00;39.58;51.17;53.26;39.58;53.26
24.06.2010 21:00;39.36;50.24;50.24;39.36;50.24
24.06.2010 22:00;42.95;50.24;50.24;42.95;50.24
24.06.2010 23:00;42.87;47.40;47.40;42.87;47.40
25.06.2010 00:00;40.23;47.24;47.24;40.23;47.24
25.06.2010 01:00;38.84;42.83;42.83;38.84;42.83
25.06.2010 02:00;34.90;41.70;41.70;34.90;41.70
25.06.2010 03:00;28.50;41.01;41.01;28.50;41.01
25.06.2010 04:00;26.06;40.48;40.48;26.06;40.48
25.06.2010 05:00;32.80;41.46;41.46;32.80;41.46
25.06.2010 06:00;36.15;48.33;48.33;36.15;48.33
25.06.2010 07:00;38.79;51.88;51.88;38.79;51.88
25.06.2010 08:00;41.67;52.13;53.56;41.67;53.56
25.06.2010 09:00;42.55;52.00;53.71;42.55;53.71
25.06.2010 10:00;43.17;52.02;53.74;43.17;53.74
25.06.2010 11:00;43.65;51.90;53.64;43.65;53.64
25.06.2010 12:00;42.74;51.83;53.50;42.74;53.50
25.06.2010 13:00;41.61;51.77;53.10;41.61;53.10
25.06.2010 14:00;40.99;51.28;51.28;40.99;51.28
25.06.2010 15:00;41.29;50.21;50.21;41.29;50.21
25.06.2010 16:00;40.10;48.64;48.64;40.10;48.64
25.06.2010 17:00;40.02;49.89;49.89;40.02;49.89
25.06.2010 18:00;38.70;47.99;47.99;38.70;47.99
25.06.2010 19:00;34.35;47.96;47.96;34.35;47.96
25.06.2010 20:00;33.25;46.91;46.91;33.25;46.91
25.06.2010 21:00;31.55;46.87;46.87;31.55;46.87
25.06.2010 22:00;38.90;48.33;48.33;38.90;48.33
25.06.2010 23:00;39.86;44.63;44.63;39.86;44.63
26.06.2010 00:00;42.29;46.93;46.93;42.29;46.93
26.06.2010 01:00;38.24;41.58;41.58;38.24;41.58
26.06.2010 02:00;33.12;42.07;42.07;33.12;42.07
26.06.2010 03:00;16.23;41.57;41.57;16.23;41.57
26.06.2010 04:00;5.86;40.72;40.72;5.86;40.72
26.06.2010 05:00;5.82;40.41;40.41;5.82;40.41
26.06.2010 06:00;29.18;40.51;40.51;29.18;40.51
26.06.2010 07:00;36.47;38.66;40.40;36.47;38.66
26.06.2010 08:00;38.91;42.19;42.19;38.91;42.19
26.06.2010 09:00;39.40;42.68;42.68;39.40;42.68
26.06.2010 10:00;40.57;46.38;46.38;40.57;46.38
26.06.2010 11:00;41.63;48.61;48.61;41.63;48.61
26.06.2010 12:00;41.62;47.00;47.00;41.62;47.00
26.06.2010 13:00;41.61;42.07;42.07;41.61;42.07
26.06.2010 14:00;41.96;43.94;43.94;41.96;43.94
26.06.2010 15:00;42.11;42.52;42.52;42.11;42.52
26.06.2010 16:00;41.73;41.75;41.75;41.73;41.75
26.06.2010 17:00;42.89;43.77;43.77;42.89;43.77
26.06.2010 18:00;43.00;47.29;47.29;43.00;47.29
26.06.2010 19:00;43.11;47.61;47.61;43.11;47.61
26.06.2010 20:00;42.52;43.43;43.43;42.52;43.43
26.06.2010 21:00;41.67;43.27;43.27;41.67;43.27
26.06.2010 22:00;43.69;47.36;47.36;43.69;47.36
26.06.2010 23:00;40.39;44.38;44.38;40.39;44.38
27.06.2010 00:00;40.80;46.09;46.09;40.80;46.09
27.06.2010 01:00;34.76;40.27;40.27;34.76;40.27
27.06.2010 02:00;29.71;29.71;37.48;29.71;29.71
27.06.2010 03:00;29.33;25.77;36.65;29.33;25.77
27.06.2010 04:00;18.57;18.57;31.41;18.57;18.57
27.06.2010 05:00;12.53;11.26;23.66;12.53;11.26
27.06.2010 06:00;25.03;25.03;29.23;25.03;25.03
27.06.2010 07:00;32.65;29.77;29.77;32.65;29.77
27.06.2010 08:00;33.64;33.64;33.64;33.64;33.64
27.06.2010 09:00;38.48;38.48;38.48;38.48;38.48
27.06.2010 10:00;41.40;41.85;41.85;41.40;41.85
27.06.2010 11:00;41.69;47.93;47.93;41.69;47.93
27.06.2010 12:00;43.02;47.57;47.57;43.02;47.57
27.06.2010 13:00;40.88;46.64;46.64;40.88;46.64
27.06.2010 14:00;40.26;41.64;41.64;40.26;41.64
27.06.2010 15:00;41.31;42.07;42.07;41.31;42.07
27.06.2010 16:00;42.20;46.32;46.32;42.20;46.32
27.06.2010 17:00;43.04;46.78;46.78;43.04;46.78
27.06.2010 18:00;48.34;48.96;48.96;48.34;48.96
27.06.2010 19:00;48.52;49.27;49.27;48.52;49.27
27.06.2010 20:00;48.92;49.68;49.68;48.92;49.68
27.06.2010 21:00;49.04;49.04;49.04;49.04;49.04
27.06.2010 22:00;49.84;51.35;51.35;49.84;51.35
27.06.2010 23:00;45.01;48.57;48.57;45.01;48.57
28.06.2010 00:00;41.23;41.23;41.23;41.23;41.23
28.06.2010 01:00;40.26;40.27;40.27;40.26;40.27
28.06.2010 02:00;38.09;38.09;38.09;38.09;38.09
28.06.2010 03:00;34.27;34.29;34.29;34.27;34.29
28.06.2010 04:00;34.37;34.39;34.39;34.37;34.39
28.06.2010 05:00;38.50;38.50;38.50;38.50;38.50
28.06.2010 06:00;45.07;48.71;48.71;45.07;48.71
28.06.2010 07:00;49.14;51.78;52.28;49.14;52.28
28.06.2010 08:00;50.59;52.01;52.93;50.59;52.93
28.06.2010 09:00;51.60;51.95;52.89;51.60;52.89
28.06.2010 10:00;52.28;52.28;52.85;52.28;52.85
28.06.2010 11:00;52.37;52.37;52.68;52.37;52.68
28.06.2010 12:00;52.29;52.29;52.86;52.29;52.86
28.06.2010 13:00;51.95;51.95;52.87;51.95;52.87
28.06.2010 14:00;51.61;51.91;53.00;51.61;53.00
28.06.2010 15:00;50.68;51.80;52.77;50.68;52.77
28.06.2010 16:00;49.63;51.82;52.94;49.63;52.94
28.06.2010 17:00;49.43;52.07;53.20;49.43;53.20
28.06.2010 18:00;48.33;52.18;53.01;48.33;53.01
28.06.2010 19:00;46.37;51.83;51.83;46.37;51.83
28.06.2010 20:00;47.32;50.03;50.03;47.32;50.03
28.06.2010 21:00;45.36;46.15;46.15;45.36;46.15
28.06.2010 22:00;46.04;50.56;50.56;46.04;50.56
28.06.2010 23:00;44.96;46.83;46.83;44.96;46.83
29.06.2010 00:00;42.68;44.06;44.06;42.68;44.06
29.06.2010 01:00;42.04;41.05;41.05;42.04;41.05
29.06.2010 02:00;39.80;40.77;40.77;39.80;40.77
29.06.2010 03:00;39.61;40.71;40.71;39.61;40.71
29.06.2010 04:00;39.57;40.10;40.10;39.57;40.10
29.06.2010 05:00;39.83;40.79;40.79;39.83;40.79
29.06.2010 06:00;43.32;47.17;47.17;43.32;47.17
29.06.2010 07:00;50.73;50.73;50.73;50.73;50.73
29.06.2010 08:00;52.13;52.13;52.13;52.13;52.13
29.06.2010 09:00;52.69;52.69;52.69;52.69;52.69
29.06.2010 10:00;52.83;52.83;52.83;52.83;52.83
29.06.2010 11:00;52.55;52.55;52.55;52.55;52.55
29.06.2010 12:00;52.52;52.52;52.52;52.52;52.52
29.06.2010 13:00;52.47;52.47;52.47;52.47;52.47
29.06.2010 14:00;52.40;52.40;52.40;52.40;52.40
29.06.2010 15:00;52.30;52.30;52.30;52.30;52.30
29.06.2010 16:00;50.96;50.96;50.96;50.96;50.96
29.06.2010 17:00;50.93;50.93;50.93;50.93;50.93
29.06.2010 18:00;50.30;50.30;50.30;50.30;50.30
29.06.2010 19:00;47.77;48.28;48.28;47.77;48.28
29.06.2010 20:00;47.05;47.38;47.38;47.05;47.38
29.06.2010 21:00;45.22;46.43;46.43;45.22;46.43
29.06.2010 22:00;46.23;46.26;46.26;46.23;46.26
29.06.2010 23:00;43.64;42.12;42.12;43.64;42.12
30.06.2010 00:00;42.76;50.03;50.03;42.76;50.03
30.06.2010 01:00;41.06;45.26;45.26;41.06;45.26
30.06.2010 02:00;39.00;40.19;40.19;39.00;40.19
30.06.2010 03:00;38.46;36.19;36.19;38.46;36.19
30.06.2010 04:00;38.23;36.68;36.68;38.23;36.68
30.06.2010 05:00;40.10;40.10;40.10;40.10;40.10
30.06.2010 06:00;45.98;48.69;48.69;45.98;48.69
30.06.2010 07:00;51.67;51.67;51.67;51.67;51.67
30.06.2010 08:00;53.01;53.01;53.01;53.01;53.01
30.06.2010 09:00;54.45;53.58;53.58;54.45;53.58
30.06.2010 10:00;55.54;53.68;53.68;55.54;53.68
30.06.2010 11:00;55.75;53.62;53.62;55.75;53.62
30.06.2010 12:00;55.41;53.70;53.70;55.41;53.70
30.06.2010 13:00;55.46;53.74;53.74;55.46;53.74
30.06.2010 14:00;54.60;53.67;53.67;54.60;53.67
30.06.2010 15:00;53.55;53.55;53.55;53.55;53.55
30.06.2010 16:00;52.79;52.79;52.79;52.79;52.79
30.06.2010 17:00;52.74;52.74;52.74;52.74;52.74
30.06.2010 18:00;52.52;52.52;52.52;52.52;52.52
30.06.2010 19:00;50.66;50.66;50.66;50.66;50.66
30.06.2010 20:00;49.68;49.68;49.68;49.68;49.68
30.06.2010 21:00;49.68;49.68;49.68;49.68;49.68
30.06.2010 22:00;50.98;50.98;50.98;50.98;50.98
30.06.2010 23:00;47.73;47.73;47.73;47.73;47.73
01.07.2010 00:00;44.52;46.68;46.68;44.52;46.68
01.07.2010 01:00;41.51;41.51;41.51;41.51;41.51
01.07.2010 02:00;40.94;40.94;40.94;40.94;40.94
01.07.2010 03:00;40.38;40.47;40.47;40.38;40.47
01.07.2010 04:00;40.62;40.68;40.68;40.62;40.68
01.07.2010 05:00;41.36;41.36;41.36;41.36;41.36
01.07.2010 06:00;48.96;49.57;49.57;48.96;49.57
01.07.2010 07:00;51.93;51.93;51.93;51.93;51.93
01.07.2010 08:00;54.61;53.30;53.30;54.61;53.30
01.07.2010 09:00;56.06;53.16;53.16;56.06;53.16
01.07.2010 10:00;56.83;53.25;53.25;56.83;53.25
01.07.2010 11:00;57.04;53.27;53.27;57.04;53.27
01.07.2010 12:00;56.76;53.29;53.29;56.76;53.29
01.07.2010 13:00;56.51;53.22;53.22;56.51;53.22
01.07.2010 14:00;54.40;53.42;53.42;54.40;53.42
01.07.2010 15:00;53.11;53.11;53.11;53.11;53.11
01.07.2010 16:00;52.93;52.93;52.93;52.93;52.93
01.07.2010 17:00;52.99;52.99;52.99;52.99;52.99
01.07.2010 18:00;52.98;52.98;52.98;52.98;52.98
01.07.2010 19:00;52.71;52.71;52.71;52.71;52.71
01.07.2010 20:00;51.18;51.18;51.18;51.18;51.18
01.07.2010 21:00;50.62;50.62;50.62;50.62;50.62
01.07.2010 22:00;51.69;51.69;51.69;51.69;51.69
01.07.2010 23:00;49.25;49.72;49.72;49.25;49.72
02.07.2010 00:00;44.92;49.51;49.51;44.92;49.51
02.07.2010 01:00;41.70;42.09;42.09;41.70;42.09
02.07.2010 02:00;41.07;41.77;41.77;41.07;41.77
02.07.2010 03:00;40.19;40.19;40.19;40.19;40.19
02.07.2010 04:00;40.01;35.88;35.88;35.70;35.88
02.07.2010 05:00;43.33;43.33;43.33;43.33;43.33
02.07.2010 06:00;49.26;50.42;50.42;49.26;50.42
02.07.2010 07:00;52.90;52.90;52.90;52.90;52.90
02.07.2010 08:00;53.80;53.80;53.80;53.80;53.80
02.07.2010 09:00;55.76;54.36;54.36;55.76;54.36
02.07.2010 10:00;56.06;54.56;54.56;56.06;54.56
02.07.2010 11:00;55.59;54.22;54.22;55.59;54.22
02.07.2010 12:00;55.13;53.92;53.92;55.13;53.92
02.07.2010 13:00;54.32;53.86;53.86;54.32;53.86
02.07.2010 14:00;53.17;53.17;53.17;53.17;53.17
02.07.2010 15:00;52.25;52.25;52.25;52.25;52.25
02.07.2010 16:00;51.66;51.66;51.66;51.66;51.66
02.07.2010 17:00;51.90;51.90;51.90;51.90;51.90
02.07.2010 18:00;51.77;51.77;51.77;51.77;51.77
02.07.2010 19:00;50.55;50.55;50.55;50.55;50.55
02.07.2010 20:00;49.91;49.91;49.91;49.91;49.91
02.07.2010 21:00;48.71;48.71;48.71;48.71;48.71
02.07.2010 22:00;50.31;50.31;50.31;50.31;50.31
02.07.2010 23:00;46.19;46.19;46.19;46.19;46.19
03.07.2010 00:00;42.30;51.52;51.52;42.30;51.52
03.07.2010 01:00;40.30;50.69;50.69;40.30;50.69
03.07.2010 02:00;40.08;50.29;50.29;40.08;50.29
03.07.2010 03:00;40.04;47.18;47.18;39.91;47.18
03.07.2010 04:00;40.01;44.03;44.03;39.58;44.03
03.07.2010 05:00;40.01;45.87;45.87;38.84;45.87
03.07.2010 06:00;31.31;45.44;45.44;31.31;45.44
03.07.2010 07:00;38.30;46.42;46.42;38.30;46.42
03.07.2010 08:00;45.78;47.81;47.81;45.78;47.81
03.07.2010 09:00;50.11;50.92;50.92;50.11;50.92
03.07.2010 10:00;51.48;51.88;51.88;51.48;51.88
03.07.2010 11:00;51.25;52.59;52.59;51.25;52.59
03.07.2010 12:00;50.79;52.24;52.24;50.79;52.24
03.07.2010 13:00;48.60;51.50;51.50;48.60;51.50
03.07.2010 14:00;45.12;50.05;50.05;45.12;50.05
03.07.2010 15:00;44.08;48.37;48.37;44.08;48.37
03.07.2010 16:00;42.95;47.97;47.97;42.95;47.97
03.07.2010 17:00;44.79;47.81;47.81;44.79;47.81
03.07.2010 18:00;45.27;48.62;48.62;45.27;48.62
03.07.2010 19:00;45.01;48.60;48.60;45.01;48.60
03.07.2010 20:00;42.11;47.95;47.95;42.11;47.95
03.07.2010 21:00;41.09;47.87;47.87;41.09;47.87
03.07.2010 22:00;45.07;47.91;47.91;45.07;47.91
03.07.2010 23:00;41.53;47.82;47.82;41.53;47.82
04.07.2010 00:00;44.80;48.05;48.05;44.80;48.05
04.07.2010 01:00;44.89;44.89;44.89;44.89;44.89
04.07.2010 02:00;42.38;42.74;42.74;42.38;42.74
04.07.2010 03:00;41.76;43.41;43.41;41.76;43.41
04.07.2010 04:00;41.05;40.95;40.95;41.05;40.95
04.07.2010 05:00;40.97;40.97;40.97;40.97;40.97
04.07.2010 06:00;41.37;41.03;41.03;41.37;41.03
04.07.2010 07:00;42.93;42.93;42.93;42.93;42.93
04.07.2010 08:00;43.33;43.33;43.33;43.33;43.33
04.07.2010 09:00;47.69;47.69;47.69;47.69;47.69
04.07.2010 10:00;48.38;48.38;48.38;48.38;48.38
04.07.2010 11:00;48.97;48.97;48.97;48.97;48.97
04.07.2010 12:00;49.15;49.15;49.15;49.15;49.15
04.07.2010 13:00;48.74;48.74;48.74;48.74;48.74
04.07.2010 14:00;47.80;47.80;47.80;47.80;47.80
04.07.2010 15:00;47.42;47.42;47.42;47.42;47.42
04.07.2010 16:00;47.19;47.19;47.19;47.19;47.19
04.07.2010 17:00;46.30;46.30;46.30;46.30;46.30
04.07.2010 18:00;47.04;47.04;47.04;47.04;47.04
04.07.2010 19:00;47.03;47.03;47.03;47.03;47.03
04.07.2010 20:00;45.30;45.30;45.30;45.30;45.30
04.07.2010 21:00;50.00;50.00;50.00;50.00;50.00
04.07.2010 22:00;52.01;52.01;52.01;52.01;52.01
04.07.2010 23:00;48.31;48.31;48.31;48.31;48.31
05.07.2010 00:00;44.91;44.91;44.91;44.91;44.91
05.07.2010 01:00;42.75;42.75;42.75;42.75;42.75
05.07.2010 02:00;41.05;39.93;39.93;39.93;39.93
05.07.2010 03:00;41.01;37.45;37.45;37.45;37.45
05.07.2010 04:00;41.02;35.82;35.82;35.82;35.82
05.07.2010 05:00;44.19;44.19;44.19;44.19;44.19
05.07.2010 06:00;50.07;50.07;50.07;50.07;50.07
05.07.2010 07:00;51.55;51.55;51.55;51.55;51.55
05.07.2010 08:00;57.17;52.02;52.02;57.17;52.02
05.07.2010 09:00;55.00;52.02;52.02;55.00;52.02
05.07.2010 10:00;54.13;52.02;52.02;54.13;52.02
05.07.2010 11:00;53.55;52.01;52.01;53.55;52.01
05.07.2010 12:00;53.55;51.99;51.99;53.55;51.99
05.07.2010 13:00;53.39;51.99;51.99;53.39;51.99
05.07.2010 14:00;53.34;51.98;51.98;53.34;51.98
05.07.2010 15:00;52.86;51.95;51.95;52.86;51.95
05.07.2010 16:00;52.45;52.00;52.00;52.45;52.00
05.07.2010 17:00;51.69;51.69;51.69;51.69;51.69
05.07.2010 18:00;51.68;51.68;51.68;51.68;51.68
05.07.2010 19:00;51.10;51.10;51.10;51.10;51.10
05.07.2010 20:00;49.16;50.02;50.02;49.16;50.02
05.07.2010 21:00;48.12;49.98;49.98;48.12;49.98
05.07.2010 22:00;50.35;50.35;50.35;50.35;50.35
05.07.2010 23:00;47.11;47.91;47.91;47.11;47.91
06.07.2010 00:00;42.64;49.11;49.11;42.64;49.11
06.07.2010 01:00;41.45;47.86;47.86;41.45;47.86
06.07.2010 02:00;40.61;47.70;47.70;40.61;47.70
06.07.2010 03:00;40.39;47.03;47.03;40.39;47.03
06.07.2010 04:00;40.19;44.15;44.15;40.19;44.15
06.07.2010 05:00;42.18;44.22;44.22;42.18;44.22
06.07.2010 06:00;46.52;49.60;49.60;46.52;49.60
06.07.2010 07:00;49.69;49.69;49.69;49.69;49.69
06.07.2010 08:00;53.75;51.94;51.94;53.75;51.94
06.07.2010 09:00;54.39;52.14;52.14;54.39;52.14
06.07.2010 10:00;55.11;52.15;52.15;56.51;52.15
06.07.2010 11:00;53.65;52.13;52.13;58.04;52.13
06.07.2010 12:00;53.91;52.15;52.15;56.34;52.15
06.07.2010 13:00;53.90;52.15;52.15;55.53;52.15
06.07.2010 14:00;53.90;52.15;52.15;54.52;52.15
06.07.2010 15:00;52.56;51.93;51.93;52.56;51.93
06.07.2010 16:00;50.42;51.06;51.06;50.42;51.06
06.07.2010 17:00;49.70;49.70;49.70;49.70;49.70
06.07.2010 18:00;50.66;50.67;50.67;50.66;50.67
06.07.2010 19:00;49.80;49.80;49.80;49.80;49.80
06.07.2010 20:00;48.61;48.62;48.62;48.61;48.62
06.07.2010 21:00;47.83;47.83;47.83;47.83;47.83
06.07.2010 22:00;49.42;49.42;49.42;49.42;49.42
06.07.2010 23:00;45.00;46.99;46.99;45.00;46.99
07.07.2010 00:00;42.12;47.65;47.65;42.12;47.65
07.07.2010 01:00;42.12;45.92;45.92;42.12;45.92
07.07.2010 02:00;41.25;42.98;42.98;41.25;42.98
07.07.2010 03:00;40.51;42.23;42.23;40.51;42.23
07.07.2010 04:00;40.20;40.20;40.20;40.20;40.20
07.07.2010 05:00;41.89;45.43;45.43;41.89;45.43
07.07.2010 06:00;45.78;49.59;49.59;45.78;49.59
07.07.2010 07:00;50.49;50.49;50.49;50.49;50.49
07.07.2010 08:00;55.06;51.70;51.70;55.51;51.70
07.07.2010 09:00;55.37;52.03;52.03;56.96;52.03
07.07.2010 10:00;55.45;52.06;52.06;60.27;52.06
07.07.2010 11:00;55.37;52.03;52.03;62.76;52.03
07.07.2010 12:00;55.25;52.07;52.07;62.05;52.07
07.07.2010 13:00;55.26;52.00;52.00;58.99;52.00
07.07.2010 14:00;55.22;52.03;52.03;58.85;52.03
07.07.2010 15:00;55.11;51.98;51.98;56.93;51.98
07.07.2010 16:00;53.94;52.03;52.03;54.75;52.03
07.07.2010 17:00;55.38;52.24;52.24;55.50;52.24
07.07.2010 18:00;55.22;52.33;52.33;55.22;52.33
07.07.2010 19:00;52.65;52.01;52.01;52.65;52.01
07.07.2010 20:00;49.68;50.00;50.00;49.68;50.00
07.07.2010 21:00;47.99;48.31;48.31;47.99;48.31
07.07.2010 22:00;50.09;50.09;50.09;50.09;50.09
07.07.2010 23:00;45.97;45.97;45.97;45.97;45.97
08.07.2010 00:00;44.68;47.90;47.90;44.68;47.90
08.07.2010 01:00;43.02;44.58;44.58;43.02;44.58
08.07.2010 02:00;40.86;43.01;43.01;40.86;43.01
08.07.2010 03:00;39.12;39.12;39.12;39.12;39.12
08.07.2010 04:00;38.29;35.97;35.97;38.29;35.97
08.07.2010 05:00;39.73;39.73;39.73;39.73;39.73
08.07.2010 06:00;45.90;49.91;49.91;45.90;49.91
08.07.2010 07:00;50.77;50.77;50.77;50.77;50.77
08.07.2010 08:00;53.35;51.54;51.54;53.98;51.54
08.07.2010 09:00;53.49;51.71;51.71;56.23;51.71
08.07.2010 10:00;53.58;51.76;51.76;59.70;51.76
08.07.2010 11:00;53.54;51.75;51.75;60.25;51.75
08.07.2010 12:00;53.51;51.77;51.77;60.26;51.77
08.07.2010 13:00;53.47;51.75;51.75;60.21;51.75
08.07.2010 14:00;53.42;51.75;51.75;60.32;51.75
08.07.2010 15:00;53.19;51.73;51.73;56.82;51.73
08.07.2010 16:00;52.76;52.11;52.11;52.76;52.11
08.07.2010 17:00;52.41;52.41;52.41;52.41;52.41
08.07.2010 18:00;51.98;51.98;51.98;51.98;51.98
08.07.2010 19:00;52.01;52.01;52.01;52.01;52.01
08.07.2010 20:00;51.35;51.35;51.35;51.35;51.35
08.07.2010 21:00;50.66;50.66;50.66;50.66;50.66
08.07.2010 22:00;51.13;51.13;51.13;51.13;51.13
08.07.2010 23:00;49.09;49.09;49.09;49.09;49.09
09.07.2010 00:00;46.15;47.99;47.99;46.15;47.99
09.07.2010 01:00;44.11;44.11;44.11;44.11;44.11
09.07.2010 02:00;42.77;42.77;42.77;42.77;42.77
09.07.2010 03:00;41.95;41.95;41.95;41.95;41.95
09.07.2010 04:00;41.95;41.95;41.95;41.95;41.95
09.07.2010 05:00;44.87;44.87;44.87;44.87;44.87
09.07.2010 06:00;49.55;49.55;49.55;49.55;49.55
09.07.2010 07:00;50.94;50.94;50.94;50.94;50.94
09.07.2010 08:00;52.18;51.68;51.68;53.10;51.68
09.07.2010 09:00;52.53;51.76;51.76;55.52;51.76
09.07.2010 10:00;52.59;51.85;51.85;56.77;51.85
09.07.2010 11:00;52.53;51.84;51.84;56.87;51.84
09.07.2010 12:00;52.48;52.77;52.77;57.37;52.77
09.07.2010 13:00;52.46;52.87;52.87;54.81;52.87
09.07.2010 14:00;52.15;52.64;52.64;52.64;52.64
09.07.2010 15:00;51.94;52.07;52.07;52.07;52.07
09.07.2010 16:00;51.44;51.66;51.66;51.66;51.66
09.07.2010 17:00;51.33;51.66;51.66;51.66;51.66
09.07.2010 18:00;51.42;51.42;51.42;51.42;51.42
09.07.2010 19:00;51.09;51.09;51.09;51.09;51.09
09.07.2010 20:00;50.50;50.50;50.50;50.50;50.50
09.07.2010 21:00;49.83;49.83;49.83;49.83;49.83
09.07.2010 22:00;50.67;50.67;50.67;50.67;50.67
09.07.2010 23:00;48.77;49.30;49.30;48.77;49.30
10.07.2010 00:00;46.60;47.54;47.54;46.60;47.54
10.07.2010 01:00;43.82;43.82;43.82;43.82;43.82
10.07.2010 02:00;43.02;43.02;43.02;43.02;43.02
10.07.2010 03:00;39.99;39.99;39.99;39.99;39.99
10.07.2010 04:00;38.48;38.48;38.48;38.48;38.48
10.07.2010 05:00;38.07;38.07;38.07;38.07;38.07
10.07.2010 06:00;38.43;38.43;38.43;38.43;38.43
10.07.2010 07:00;41.97;41.97;41.97;41.97;41.97
10.07.2010 08:00;47.07;47.07;47.07;47.07;47.07
10.07.2010 09:00;50.68;51.06;51.06;50.68;51.06
10.07.2010 10:00;51.11;51.48;51.48;51.11;51.48
10.07.2010 11:00;51.26;51.64;51.64;51.26;51.64
10.07.2010 12:00;51.62;51.62;51.62;51.62;51.62
10.07.2010 13:00;51.20;51.20;51.20;51.20;51.20
10.07.2010 14:00;49.59;49.83;49.83;49.59;49.83
10.07.2010 15:00;48.00;48.00;48.00;48.00;48.00
10.07.2010 16:00;47.00;47.00;47.00;47.00;47.00
10.07.2010 17:00;47.66;47.68;47.68;47.66;47.68
10.07.2010 18:00;49.17;49.18;49.18;49.17;49.18
10.07.2010 19:00;48.01;48.05;48.05;48.01;48.05
10.07.2010 20:00;45.99;45.99;45.99;45.99;45.99
10.07.2010 21:00;45.95;45.95;45.95;45.95;45.95
10.07.2010 22:00;50.18;50.18;50.18;50.18;50.18
10.07.2010 23:00;45.67;45.68;45.68;45.67;45.68
11.07.2010 00:00;45.75;45.75;45.75;45.75;45.75
11.07.2010 01:00;43.36;43.97;43.97;43.36;43.97
11.07.2010 02:00;41.45;41.45;41.45;41.45;41.45
11.07.2010 03:00;39.45;39.45;39.45;39.45;39.45
11.07.2010 04:00;38.52;38.52;38.52;38.52;38.52
11.07.2010 05:00;38.45;33.77;33.77;38.45;33.77
11.07.2010 06:00;38.59;36.42;36.42;38.59;36.42
11.07.2010 07:00;39.96;39.96;39.96;39.96;39.96
11.07.2010 08:00;40.78;40.78;40.78;40.78;40.78
11.07.2010 09:00;41.14;41.14;41.14;41.14;41.14
11.07.2010 10:00;43.59;43.59;43.59;43.59;43.59
11.07.2010 11:00;47.27;47.27;47.27;47.27;47.27
11.07.2010 12:00;47.40;47.40;47.40;47.40;47.40
11.07.2010 13:00;45.09;45.09;45.09;45.09;45.09
11.07.2010 14:00;43.63;43.63;43.63;43.63;43.63
11.07.2010 15:00;43.83;43.83;43.83;43.83;43.83
11.07.2010 16:00;43.80;43.80;43.80;43.80;43.80
11.07.2010 17:00;44.86;44.86;44.86;44.86;44.86
11.07.2010 18:00;47.15;47.15;47.15;47.15;47.15
11.07.2010 19:00;49.12;49.12;49.12;49.12;49.12
11.07.2010 20:00;47.09;47.09;47.09;47.09;47.09
11.07.2010 21:00;47.92;47.92;47.92;47.92;47.92
11.07.2010 22:00;51.09;51.09;51.09;51.09;51.09
11.07.2010 23:00;49.38;49.38;49.38;49.38;49.38
12.07.2010 00:00;43.65;43.65;43.65;43.65;43.65
12.07.2010 01:00;42.43;42.43;42.43;42.43;42.43
12.07.2010 02:00;39.01;39.01;39.01;39.01;39.01
12.07.2010 03:00;38.88;38.88;38.88;38.88;38.88
12.07.2010 04:00;39.10;39.10;39.10;39.10;39.10
12.07.2010 05:00;43.61;43.61;43.61;43.61;43.61
12.07.2010 06:00;47.99;48.46;48.46;47.99;48.46
12.07.2010 07:00;50.70;50.70;50.70;50.70;50.70
12.07.2010 08:00;51.46;51.77;51.77;51.46;51.77
12.07.2010 09:00;51.89;51.89;51.89;51.89;51.89
12.07.2010 10:00;52.19;52.18;52.18;52.19;52.18
12.07.2010 11:00;51.38;52.15;52.15;51.38;52.15
12.07.2010 12:00;51.37;51.99;51.99;51.37;51.99
12.07.2010 13:00;51.41;51.97;51.97;51.41;51.97
12.07.2010 14:00;51.44;51.87;51.87;51.44;51.87
12.07.2010 15:00;51.54;51.72;51.72;51.54;51.72
12.07.2010 16:00;51.53;51.55;51.55;51.53;51.55
12.07.2010 17:00;51.46;51.48;51.48;51.46;51.48
12.07.2010 18:00;51.42;51.42;51.42;51.42;51.42
12.07.2010 19:00;50.84;50.84;50.84;50.84;50.84
12.07.2010 20:00;49.34;49.86;49.86;49.34;49.86
12.07.2010 21:00;48.14;48.16;48.16;48.14;48.16
12.07.2010 22:00;49.52;49.52;49.52;49.52;49.52
12.07.2010 23:00;44.44;44.44;44.44;44.44;44.44
13.07.2010 00:00;44.75;44.75;44.75;44.75;44.75
13.07.2010 01:00;42.74;42.74;42.74;42.74;42.74
13.07.2010 02:00;40.76;40.76;40.76;40.76;40.76
13.07.2010 03:00;38.90;38.90;38.90;38.90;38.90
13.07.2010 04:00;38.76;38.76;38.76;38.76;38.76
13.07.2010 05:00;40.94;40.94;40.94;40.94;40.94
13.07.2010 06:00;45.20;45.20;45.20;45.20;45.20
13.07.2010 07:00;49.01;49.01;49.01;49.01;49.01
13.07.2010 08:00;50.64;50.64;50.64;50.64;50.64
13.07.2010 09:00;51.49;51.49;51.49;51.49;51.49
13.07.2010 10:00;51.48;51.48;51.48;51.48;51.48
13.07.2010 11:00;51.68;51.68;51.68;52.48;51.68
13.07.2010 12:00;51.67;51.68;51.68;51.68;51.68
13.07.2010 13:00;51.60;51.60;51.60;51.60;51.60
13.07.2010 14:00;51.53;51.53;51.53;51.53;51.53
13.07.2010 15:00;51.14;51.14;51.14;51.14;51.14
13.07.2010 16:00;51.07;51.07;51.07;51.07;51.07
13.07.2010 17:00;51.32;51.32;51.32;51.32;51.32
13.07.2010 18:00;51.16;51.16;51.16;51.16;51.16
13.07.2010 19:00;51.17;51.17;51.17;51.17;51.17
13.07.2010 20:00;50.89;50.89;50.89;50.89;50.89
13.07.2010 21:00;49.55;49.55;49.55;49.55;49.55
13.07.2010 22:00;50.02;50.02;50.02;50.02;50.02
13.07.2010 23:00;44.49;44.49;44.49;44.49;44.49
14.07.2010 00:00;45.67;45.67;45.67;45.67;45.67
14.07.2010 01:00;44.14;44.14;44.14;44.14;44.14
14.07.2010 02:00;41.79;41.79;41.79;41.79;41.79
14.07.2010 03:00;40.69;40.69;40.69;40.69;40.69
14.07.2010 04:00;39.98;39.98;39.98;39.98;39.98
14.07.2010 05:00;43.60;43.60;43.60;43.60;43.60
14.07.2010 06:00;48.50;48.50;48.50;48.50;48.50
14.07.2010 07:00;51.27;51.27;51.27;51.27;51.27
14.07.2010 08:00;51.68;51.68;51.68;51.68;51.68
14.07.2010 09:00;51.89;51.89;51.89;51.89;51.89
14.07.2010 10:00;51.99;52.10;52.10;51.99;52.10
14.07.2010 11:00;52.04;52.13;52.13;52.04;52.13
14.07.2010 12:00;51.95;52.09;52.09;51.95;52.09
14.07.2010 13:00;51.97;52.05;52.05;51.97;52.05
14.07.2010 14:00;51.96;52.05;52.05;51.96;52.05
14.07.2010 15:00;51.75;51.81;51.81;51.75;51.81
14.07.2010 16:00;51.58;51.91;51.91;51.58;51.91
14.07.2010 17:00;51.57;51.59;51.59;51.57;51.59
14.07.2010 18:00;51.16;51.16;51.16;51.16;51.16
14.07.2010 19:00;50.17;50.17;50.17;50.17;50.17
14.07.2010 20:00;49.35;49.35;49.35;49.35;49.35
14.07.2010 21:00;47.11;47.11;47.11;47.11;47.11
14.07.2010 22:00;47.96;47.96;47.96;47.96;47.96
14.07.2010 23:00;42.23;42.23;42.23;42.23;42.23
15.07.2010 00:00;44.70;44.70;44.70;44.70;44.70
15.07.2010 01:00;42.73;42.73;42.73;42.73;42.73
15.07.2010 02:00;40.79;40.79;40.79;40.79;40.79
15.07.2010 03:00;37.08;37.08;37.08;37.08;37.08
15.07.2010 04:00;34.99;34.99;34.99;34.99;34.99
15.07.2010 05:00;41.66;41.66;41.66;41.66;41.66
15.07.2010 06:00;44.45;44.45;44.45;44.45;44.45
15.07.2010 07:00;48.89;48.89;48.89;48.89;48.89
15.07.2010 08:00;51.76;51.07;51.07;51.76;51.07
15.07.2010 09:00;51.93;51.35;51.35;51.93;51.35
15.07.2010 10:00;51.98;51.31;51.31;51.98;51.31
15.07.2010 11:00;51.99;51.32;51.32;51.99;51.32
15.07.2010 12:00;51.93;51.31;51.31;51.93;51.31
15.07.2010 13:00;51.92;51.29;51.29;51.92;51.29
15.07.2010 14:00;51.88;51.31;51.31;51.88;51.31
15.07.2010 15:00;51.82;50.90;50.90;51.82;50.90
15.07.2010 16:00;51.76;50.95;50.95;51.76;50.95
15.07.2010 17:00;51.59;51.02;51.02;51.59;51.02
15.07.2010 18:00;51.49;51.33;51.33;51.49;51.33
15.07.2010 19:00;51.38;51.30;51.30;51.38;51.30
15.07.2010 20:00;51.07;51.07;51.07;51.07;51.07
15.07.2010 21:00;50.95;50.95;50.95;50.95;50.95
15.07.2010 22:00;51.42;51.40;51.40;51.42;51.40
15.07.2010 23:00;49.43;49.43;49.43;49.43;49.43
16.07.2010 00:00;47.91;48.07;48.07;47.91;48.07
16.07.2010 01:00;44.85;44.85;44.85;44.85;44.85
16.07.2010 02:00;40.92;40.92;40.92;40.92;40.92
16.07.2010 03:00;39.83;39.83;39.83;39.83;39.83
16.07.2010 04:00;39.75;39.75;39.75;39.75;39.75
16.07.2010 05:00;43.75;43.75;43.75;43.75;43.75
16.07.2010 06:00;47.07;47.07;47.07;47.07;47.07
16.07.2010 07:00;49.47;49.47;49.47;49.47;49.47
16.07.2010 08:00;51.21;50.49;50.49;51.21;50.49
16.07.2010 09:00;51.49;50.60;50.60;51.49;50.60
16.07.2010 10:00;51.37;50.69;50.69;51.37;50.69
16.07.2010 11:00;51.38;50.60;50.60;51.38;50.60
16.07.2010 12:00;51.18;50.51;50.51;51.18;50.51
16.07.2010 13:00;51.08;50.41;50.41;51.08;50.41
16.07.2010 14:00;50.59;50.29;50.29;50.59;50.29
16.07.2010 15:00;49.97;49.97;49.97;49.97;49.97
16.07.2010 16:00;49.88;49.88;49.88;49.88;49.88
16.07.2010 17:00;50.28;50.28;50.28;50.28;50.28
16.07.2010 18:00;50.32;50.32;50.32;50.32;50.32
16.07.2010 19:00;50.03;50.03;50.03;50.03;50.03
16.07.2010 20:00;49.07;49.07;49.07;49.07;49.07
16.07.2010 21:00;48.95;48.95;48.95;48.95;48.95
16.07.2010 22:00;50.07;50.07;50.07;50.07;50.07
16.07.2010 23:00;48.39;48.39;48.39;48.39;48.39
17.07.2010 00:00;47.95;47.95;47.95;47.95;47.95
17.07.2010 01:00;45.44;45.44;45.44;45.44;45.44
17.07.2010 02:00;42.46;42.46;42.46;42.46;42.46
17.07.2010 03:00;40.69;40.69;40.69;40.69;40.69
17.07.2010 04:00;40.47;40.47;40.47;40.47;40.47
17.07.2010 05:00;40.89;40.89;40.89;40.89;40.89
17.07.2010 06:00;41.73;41.73;41.73;41.73;41.73
17.07.2010 07:00;42.82;42.82;42.82;42.82;42.82
17.07.2010 08:00;46.50;46.50;46.50;46.50;46.50
17.07.2010 09:00;48.89;48.78;48.78;48.89;48.78
17.07.2010 10:00;48.58;48.58;48.58;48.58;48.58
17.07.2010 11:00;49.84;49.01;49.01;49.84;49.01
17.07.2010 12:00;48.70;48.70;48.70;48.70;48.70
17.07.2010 13:00;46.19;46.19;46.19;46.19;46.19
17.07.2010 14:00;45.42;45.42;45.42;45.42;45.42
17.07.2010 15:00;44.72;44.72;44.72;44.72;44.72
17.07.2010 16:00;43.40;43.40;43.40;43.40;43.40
17.07.2010 17:00;44.69;44.69;44.69;44.69;44.69
17.07.2010 18:00;45.48;45.48;45.48;45.48;45.48
17.07.2010 19:00;45.44;45.44;45.44;45.44;45.44
17.07.2010 20:00;44.25;44.25;44.25;44.25;44.25
17.07.2010 21:00;44.74;44.74;44.74;44.74;44.74
17.07.2010 22:00;47.64;47.64;47.64;47.64;47.64
17.07.2010 23:00;44.86;44.86;44.86;44.86;44.86
18.07.2010 00:00;43.98;43.98;43.98;43.98;43.98
18.07.2010 01:00;43.31;43.31;43.31;43.31;43.31
18.07.2010 02:00;41.26;41.26;41.26;41.26;41.26
18.07.2010 03:00;38.97;38.97;38.97;38.97;38.97
18.07.2010 04:00;35.75;35.75;35.75;35.75;35.75
18.07.2010 05:00;35.12;35.12;35.12;35.12;35.12
18.07.2010 06:00;37.08;37.08;37.08;37.08;37.08
18.07.2010 07:00;38.41;38.41;38.41;38.41;38.41
18.07.2010 08:00;42.23;42.23;42.23;42.23;42.23
18.07.2010 09:00;44.83;44.83;44.83;44.83;44.83
18.07.2010 10:00;43.95;43.95;43.95;43.95;43.95
18.07.2010 11:00;44.96;44.96;44.96;44.96;44.96
18.07.2010 12:00;45.52;45.52;45.52;45.52;45.52
18.07.2010 13:00;43.95;43.95;43.95;43.95;43.95
18.07.2010 14:00;43.88;43.88;43.88;43.88;43.88
18.07.2010 15:00;43.37;43.37;43.37;43.37;43.37
18.07.2010 16:00;42.44;42.44;42.44;42.44;42.44
18.07.2010 17:00;43.23;43.23;43.23;43.23;43.23
18.07.2010 18:00;45.64;45.64;45.64;45.64;45.64
18.07.2010 19:00;47.15;47.15;47.15;47.15;47.15
18.07.2010 20:00;47.23;47.23;47.23;47.23;47.23
18.07.2010 21:00;48.16;48.16;48.16;48.16;48.16
18.07.2010 22:00;51.82;48.64;48.64;51.82;48.64
18.07.2010 23:00;47.60;47.60;47.60;47.60;47.60
19.07.2010 00:00;44.48;44.48;44.48;44.48;44.48
19.07.2010 01:00;41.99;41.99;41.99;41.99;41.99
19.07.2010 02:00;39.44;39.44;39.44;39.44;39.44
19.07.2010 03:00;38.37;38.37;38.37;38.37;38.37
19.07.2010 04:00;37.94;37.94;37.94;37.94;37.94
19.07.2010 05:00;41.52;41.52;41.52;41.52;41.52
19.07.2010 06:00;46.73;46.73;46.73;46.73;46.73
19.07.2010 07:00;48.24;48.24;48.24;48.24;48.24
19.07.2010 08:00;52.20;48.58;48.58;52.20;48.58
19.07.2010 09:00;53.51;48.83;48.83;53.51;48.83
19.07.2010 10:00;53.85;48.86;48.86;53.85;48.86
19.07.2010 11:00;53.60;48.84;48.84;53.60;48.84
19.07.2010 12:00;53.35;48.84;48.84;53.35;48.84
19.07.2010 13:00;53.30;48.83;48.83;53.30;48.83
19.07.2010 14:00;53.14;48.82;48.82;53.14;48.82
19.07.2010 15:00;52.74;48.76;48.76;52.74;48.76
19.07.2010 16:00;51.73;48.84;48.84;51.73;48.84
19.07.2010 17:00;51.48;48.87;48.87;51.48;48.87
19.07.2010 18:00;51.17;48.84;48.84;51.17;48.84
19.07.2010 19:00;50.10;48.56;48.56;50.10;48.56
19.07.2010 20:00;47.63;47.63;47.63;47.63;47.63
19.07.2010 21:00;48.09;48.09;48.09;48.09;48.09
19.07.2010 22:00;48.37;48.37;48.37;48.37;48.37
19.07.2010 23:00;43.78;43.78;43.78;43.78;43.78
20.07.2010 00:00;43.03;43.03;43.03;43.03;43.03
20.07.2010 01:00;41.74;41.74;41.74;41.74;41.74
20.07.2010 02:00;36.92;36.92;36.92;36.92;36.92
20.07.2010 03:00;35.94;35.94;35.94;35.94;35.94
20.07.2010 04:00;37.80;37.80;37.80;37.80;37.80
20.07.2010 05:00;38.90;38.90;38.90;38.90;38.90
20.07.2010 06:00;43.91;43.91;43.91;43.91;43.91
20.07.2010 07:00;46.98;46.98;46.98;46.98;46.98
20.07.2010 08:00;49.24;47.86;47.86;49.24;47.86
20.07.2010 09:00;53.91;47.90;47.90;53.91;47.90
20.07.2010 10:00;55.00;47.95;47.95;55.00;47.95
20.07.2010 11:00;55.27;47.97;47.97;55.27;47.97
20.07.2010 12:00;54.74;47.96;47.96;54.74;47.96
20.07.2010 13:00;54.78;47.94;47.94;54.78;47.94
20.07.2010 14:00;53.80;47.93;47.93;53.80;47.93
20.07.2010 15:00;52.89;47.95;47.95;52.89;47.95
20.07.2010 16:00;49.30;48.00;48.00;49.30;48.00
20.07.2010 17:00;50.46;47.99;47.99;50.46;47.99
20.07.2010 18:00;50.19;47.98;47.98;50.19;47.98
20.07.2010 19:00;49.44;47.97;47.97;49.44;47.97
20.07.2010 20:00;49.03;47.56;47.56;49.03;47.56
20.07.2010 21:00;47.48;47.48;47.48;47.48;47.48
20.07.2010 22:00;48.81;47.64;47.64;48.81;47.64
20.07.2010 23:00;44.14;44.14;44.14;44.14;44.14
21.07.2010 00:00;42.56;42.56;42.56;42.56;42.56
21.07.2010 01:00;41.19;41.19;41.19;41.19;41.19
21.07.2010 02:00;39.14;39.14;39.14;39.14;39.14
21.07.2010 03:00;37.87;37.87;37.87;37.87;37.87
21.07.2010 04:00;37.78;37.78;37.78;37.78;37.78
21.07.2010 05:00;38.23;38.23;38.23;38.23;38.23
21.07.2010 06:00;44.04;44.04;44.04;44.04;44.04
21.07.2010 07:00;46.79;46.79;46.79;46.79;46.79
21.07.2010 08:00;48.51;47.68;47.68;48.51;47.68
21.07.2010 09:00;49.82;47.69;47.69;49.82;47.69
21.07.2010 10:00;50.29;47.74;47.74;50.29;47.74
21.07.2010 11:00;50.20;47.82;47.82;50.20;47.82
21.07.2010 12:00;49.41;47.81;47.81;49.41;47.81
21.07.2010 13:00;49.28;47.76;47.76;49.28;47.76
21.07.2010 14:00;49.10;47.73;47.73;49.10;47.73
21.07.2010 15:00;48.00;47.64;47.64;48.00;47.64
21.07.2010 16:00;47.65;47.65;47.65;47.65;47.65
21.07.2010 17:00;48.49;47.76;47.76;48.49;47.76
21.07.2010 18:00;48.08;47.81;47.81;48.08;47.81
21.07.2010 19:00;47.50;47.41;47.41;47.50;47.41
21.07.2010 20:00;46.79;46.79;46.79;46.79;46.79
21.07.2010 21:00;46.61;46.61;46.61;46.61;46.61
21.07.2010 22:00;48.05;47.61;47.61;48.05;47.61
21.07.2010 23:00;44.50;44.50;44.50;44.50;44.50
22.07.2010 00:00;42.14;42.14;42.14;42.14;42.14
22.07.2010 01:00;38.96;38.96;38.96;38.96;38.96
22.07.2010 02:00;34.88;34.88;34.88;34.88;34.88
22.07.2010 03:00;32.58;32.58;32.58;32.58;32.58
22.07.2010 04:00;32.58;32.58;32.58;32.58;32.58
22.07.2010 05:00;38.35;38.35;38.35;38.35;38.35
22.07.2010 06:00;43.34;43.34;43.34;43.34;43.34
22.07.2010 07:00;45.73;45.73;45.73;45.73;45.73
22.07.2010 08:00;46.84;46.84;46.84;46.84;46.84
22.07.2010 09:00;47.60;47.48;47.48;47.60;47.48
22.07.2010 10:00;47.96;47.79;47.79;47.96;47.79
22.07.2010 11:00;47.90;47.88;47.88;47.90;47.88
22.07.2010 12:00;47.78;47.73;47.73;47.78;47.73
22.07.2010 13:00;47.69;47.68;47.68;47.69;47.68
22.07.2010 14:00;47.40;47.40;47.40;47.40;47.40
22.07.2010 15:00;47.17;47.17;47.17;47.17;47.17
22.07.2010 16:00;46.79;46.79;46.79;46.79;46.79
22.07.2010 17:00;46.78;46.78;46.78;46.78;46.78
22.07.2010 18:00;46.54;46.54;46.54;46.54;46.54
22.07.2010 19:00;46.30;46.30;46.30;46.30;46.30
22.07.2010 20:00;45.99;45.99;45.99;45.99;45.99
22.07.2010 21:00;46.06;46.06;46.06;46.06;46.06
22.07.2010 22:00;46.58;46.58;46.58;46.58;46.58
22.07.2010 23:00;43.69;43.69;43.69;43.69;43.69
23.07.2010 00:00;43.39;43.39;43.39;43.39;43.39
23.07.2010 01:00;38.45;38.45;38.45;38.45;38.45
23.07.2010 02:00;35.19;35.19;35.19;35.19;35.19
23.07.2010 03:00;33.10;33.10;33.10;33.10;33.10
23.07.2010 04:00;34.68;34.68;34.68;34.68;34.68
23.07.2010 05:00;38.48;38.48;38.48;38.48;38.48
23.07.2010 06:00;44.39;44.39;44.39;44.39;44.39
23.07.2010 07:00;45.42;45.42;45.42;45.42;45.42
23.07.2010 08:00;46.71;46.71;46.71;46.71;46.71
23.07.2010 09:00;47.45;47.45;47.45;47.45;47.45
23.07.2010 10:00;48.05;48.05;48.05;48.05;48.05
23.07.2010 11:00;48.09;48.09;48.09;48.09;48.09
23.07.2010 12:00;47.95;47.95;47.95;47.95;47.95
23.07.2010 13:00;47.63;47.63;47.63;47.63;47.63
23.07.2010 14:00;47.31;47.31;47.31;47.31;47.31
23.07.2010 15:00;46.77;46.77;46.77;46.77;46.77
23.07.2010 16:00;46.52;46.52;46.52;46.52;46.52
23.07.2010 17:00;46.44;46.44;46.44;46.44;46.44
23.07.2010 18:00;46.17;46.17;46.17;46.17;46.17
23.07.2010 19:00;45.71;45.71;45.71;45.71;45.71
23.07.2010 20:00;44.62;44.62;44.62;44.62;44.62
23.07.2010 21:00;44.72;44.72;44.72;44.72;44.72
23.07.2010 22:00;46.15;46.15;46.15;46.15;46.15
23.07.2010 23:00;44.69;44.69;44.69;44.69;44.69
24.07.2010 00:00;45.48;45.48;45.48;45.48;45.48
24.07.2010 01:00;42.44;42.44;42.44;42.44;42.44
24.07.2010 02:00;39.55;39.55;39.55;39.55;39.55
24.07.2010 03:00;37.69;37.69;37.69;37.69;37.69
24.07.2010 04:00;34.13;34.13;34.13;34.13;34.13
24.07.2010 05:00;33.50;33.50;33.50;33.50;33.50
24.07.2010 06:00;34.09;34.09;34.09;34.09;34.09
24.07.2010 07:00;41.82;41.82;41.82;41.82;41.82
24.07.2010 08:00;43.05;43.05;43.05;43.05;43.05
24.07.2010 09:00;43.80;43.80;43.80;43.80;43.80
24.07.2010 10:00;45.26;45.45;45.45;45.26;45.45
24.07.2010 11:00;45.32;45.88;45.88;45.32;45.88
24.07.2010 12:00;45.15;45.32;45.32;45.15;45.32
24.07.2010 13:00;39.71;39.71;39.71;39.71;39.71
24.07.2010 14:00;38.29;38.29;38.29;38.29;38.29
24.07.2010 15:00;36.34;36.34;36.34;36.34;36.34
24.07.2010 16:00;35.85;35.85;35.85;35.85;35.85
24.07.2010 17:00;38.00;38.00;38.00;38.00;38.00
24.07.2010 18:00;40.97;40.97;40.97;40.97;40.97
24.07.2010 19:00;42.01;42.01;42.01;42.01;42.01
24.07.2010 20:00;40.94;40.94;40.94;40.94;40.94
24.07.2010 21:00;39.74;39.74;39.74;39.74;39.74
24.07.2010 22:00;43.59;43.59;43.59;43.59;43.59
24.07.2010 23:00;39.54;39.54;39.54;39.54;39.54
25.07.2010 00:00;42.74;42.74;42.74;42.74;42.74
25.07.2010 01:00;39.77;39.77;39.77;39.77;39.77
25.07.2010 02:00;38.24;38.24;38.24;38.24;38.24
25.07.2010 03:00;36.18;36.18;36.18;36.18;36.18
25.07.2010 04:00;33.74;33.74;33.74;33.74;33.74
25.07.2010 05:00;29.77;29.77;29.77;29.77;29.77
25.07.2010 06:00;25.81;25.81;25.81;25.81;25.81
25.07.2010 07:00;32.84;32.84;32.84;32.84;32.84
25.07.2010 08:00;32.97;32.97;32.97;32.97;32.97
25.07.2010 09:00;33.56;33.56;33.56;33.56;33.56
25.07.2010 10:00;37.55;37.55;37.55;37.55;37.55
25.07.2010 11:00;38.81;38.81;38.81;38.81;38.81
25.07.2010 12:00;39.48;39.48;39.48;39.48;39.48
25.07.2010 13:00;38.97;38.97;38.97;38.97;38.97
25.07.2010 14:00;38.98;38.98;38.98;38.98;38.98
25.07.2010 15:00;39.23;39.23;39.23;39.23;39.23
25.07.2010 16:00;40.12;40.12;40.12;40.12;40.12
25.07.2010 17:00;41.54;41.54;41.54;41.54;41.54
25.07.2010 18:00;39.25;39.25;39.25;39.25;39.25
25.07.2010 19:00;40.98;40.98;40.98;40.98;40.98
25.07.2010 20:00;40.83;40.83;40.83;40.83;40.83
25.07.2010 21:00;42.76;42.76;42.76;42.76;42.76
25.07.2010 22:00;45.80;45.80;45.80;45.80;45.80
25.07.2010 23:00;41.08;41.08;41.08;41.08;41.08
26.07.2010 00:00;42.14;42.14;42.14;42.14;42.14
26.07.2010 01:00;39.72;39.72;39.72;39.72;39.72
26.07.2010 02:00;36.26;36.26;36.26;36.26;36.26
26.07.2010 03:00;35.41;35.41;35.41;35.41;35.41
26.07.2010 04:00;35.04;35.04;35.04;35.04;35.04
26.07.2010 05:00;40.51;40.51;40.51;40.51;40.51
26.07.2010 06:00;45.10;45.10;45.10;45.10;45.10
26.07.2010 07:00;46.42;46.42;46.42;46.42;46.42
26.07.2010 08:00;47.72;47.72;47.72;47.72;47.72
26.07.2010 09:00;47.73;47.73;47.73;47.73;47.73
26.07.2010 10:00;48.21;48.21;48.21;48.21;48.21
26.07.2010 11:00;48.16;48.16;48.16;48.16;48.16
26.07.2010 12:00;48.61;47.52;47.52;48.61;47.52
26.07.2010 13:00;48.33;47.70;47.70;48.33;47.70
26.07.2010 14:00;47.93;47.89;47.89;47.93;47.89
26.07.2010 15:00;47.74;47.74;47.74;47.74;47.74
26.07.2010 16:00;47.64;47.64;47.64;47.64;47.64
26.07.2010 17:00;47.34;47.34;47.34;47.34;47.34
26.07.2010 18:00;47.17;47.17;47.17;47.17;47.17
26.07.2010 19:00;46.76;46.76;46.76;46.76;46.76
26.07.2010 20:00;45.75;45.75;45.75;45.75;45.75
26.07.2010 21:00;45.88;45.88;45.88;45.88;45.88
26.07.2010 22:00;46.95;46.95;46.95;46.95;46.95
26.07.2010 23:00;43.73;43.73;43.73;43.73;43.73
27.07.2010 00:00;40.98;43.39;43.39;40.98;43.39
27.07.2010 01:00;37.80;38.66;38.66;37.80;38.66
27.07.2010 02:00;36.76;36.76;36.76;36.76;36.76
27.07.2010 03:00;33.00;33.00;33.00;33.00;33.00
27.07.2010 04:00;33.26;33.26;33.26;33.26;33.26
27.07.2010 05:00;37.48;37.48;37.48;37.48;37.48
27.07.2010 06:00;41.58;41.58;41.58;41.58;41.58
27.07.2010 07:00;45.38;45.38;45.38;45.38;45.38
27.07.2010 08:00;46.31;46.31;46.31;46.31;46.31
27.07.2010 09:00;47.24;47.24;47.24;47.24;47.24
27.07.2010 10:00;47.44;47.44;47.44;47.44;47.44
27.07.2010 11:00;47.32;47.32;47.32;47.32;47.32
27.07.2010 12:00;47.30;47.30;47.30;47.30;47.30
27.07.2010 13:00;47.30;47.30;47.30;47.30;47.30
27.07.2010 14:00;47.23;47.23;47.23;47.23;47.23
27.07.2010 15:00;47.27;47.27;47.27;47.27;47.27
27.07.2010 16:00;47.06;47.06;47.06;47.06;47.06
27.07.2010 17:00;47.01;47.01;47.01;47.01;47.01
27.07.2010 18:00;46.96;46.96;46.96;46.96;46.96
27.07.2010 19:00;46.23;46.23;46.23;46.23;46.23
27.07.2010 20:00;44.91;44.91;44.91;44.91;44.91
27.07.2010 21:00;44.83;44.83;44.83;44.83;44.83
27.07.2010 22:00;45.42;45.42;45.42;45.42;45.42
27.07.2010 23:00;41.99;41.99;41.99;41.99;41.99
28.07.2010 00:00;39.35;39.35;39.35;39.35;39.35
28.07.2010 01:00;32.38;32.38;32.38;32.38;32.38
28.07.2010 02:00;28.70;28.70;28.70;28.70;28.70
28.07.2010 03:00;26.58;26.58;26.58;26.58;26.58
28.07.2010 04:00;27.78;27.78;27.78;27.78;27.78
28.07.2010 05:00;33.54;33.54;33.54;33.54;33.54
28.07.2010 06:00;42.17;42.17;42.17;42.17;42.17
28.07.2010 07:00;44.16;44.16;44.16;44.16;44.16
28.07.2010 08:00;45.33;45.33;45.33;45.33;45.33
28.07.2010 09:00;45.91;45.91;45.91;45.91;45.91
28.07.2010 10:00;46.21;46.21;46.21;46.21;46.21
28.07.2010 11:00;46.31;46.31;46.31;46.31;46.31
28.07.2010 12:00;46.35;46.35;46.35;46.35;46.35
28.07.2010 13:00;46.23;46.23;46.23;46.23;46.23
28.07.2010 14:00;45.93;45.93;45.93;45.93;45.93
28.07.2010 15:00;45.60;45.60;45.60;45.60;45.60
28.07.2010 16:00;45.61;45.61;45.61;45.61;45.61
28.07.2010 17:00;45.48;45.48;45.48;45.48;45.48
28.07.2010 18:00;45.31;45.45;45.45;45.31;45.45
28.07.2010 19:00;45.01;45.01;45.01;45.01;45.01
28.07.2010 20:00;43.57;43.57;43.57;43.57;43.57
28.07.2010 21:00;42.91;42.95;42.95;42.91;42.95
28.07.2010 22:00;44.14;44.14;44.14;44.14;44.14
28.07.2010 23:00;39.31;39.76;39.76;39.31;39.76
29.07.2010 00:00;38.19;38.19;38.19;38.19;38.19
29.07.2010 01:00;36.29;36.29;36.29;36.29;36.29
29.07.2010 02:00;31.96;31.96;31.96;31.96;31.96
29.07.2010 03:00;26.69;26.69;26.69;26.69;26.69
29.07.2010 04:00;27.99;27.99;27.99;27.99;27.99
29.07.2010 05:00;36.98;36.98;36.98;36.98;36.98
29.07.2010 06:00;40.68;42.54;42.54;40.68;42.54
29.07.2010 07:00;40.91;43.86;43.86;40.91;43.86
29.07.2010 08:00;41.87;45.44;45.44;41.87;45.44
29.07.2010 09:00;43.03;46.03;46.03;43.03;46.03
29.07.2010 10:00;43.59;46.35;46.35;43.59;46.35
29.07.2010 11:00;44.10;46.30;46.30;44.10;46.30
29.07.2010 12:00;43.79;45.94;45.94;43.79;45.94
29.07.2010 13:00;43.32;45.84;45.84;43.32;45.84
29.07.2010 14:00;42.80;45.53;45.53;42.80;45.53
29.07.2010 15:00;43.23;45.17;45.17;43.23;45.17
29.07.2010 16:00;41.54;45.09;45.09;41.54;45.09
29.07.2010 17:00;41.42;45.09;45.09;41.42;45.09
29.07.2010 18:00;41.26;45.08;45.08;41.26;45.08
29.07.2010 19:00;41.27;44.80;44.80;41.27;44.80
29.07.2010 20:00;40.91;43.20;43.20;40.91;43.20
29.07.2010 21:00;41.31;42.90;42.90;41.31;42.90
29.07.2010 22:00;43.23;44.24;44.24;43.23;44.24
29.07.2010 23:00;40.04;40.83;40.83;40.04;40.83
30.07.2010 00:00;37.47;37.47;37.47;37.47;37.47
30.07.2010 01:00;29.79;29.79;29.79;29.79;29.79
30.07.2010 02:00;22.60;22.60;22.60;22.60;22.60
30.07.2010 03:00;17.90;17.90;17.90;17.90;17.90
30.07.2010 04:00;18.09;18.09;18.09;18.09;18.09
30.07.2010 05:00;22.41;22.41;22.41;22.41;22.41
30.07.2010 06:00;37.58;37.58;37.58;37.58;37.58
30.07.2010 07:00;40.38;42.72;42.72;40.38;42.72
30.07.2010 08:00;43.27;44.29;44.29;43.27;44.29
30.07.2010 09:00;44.83;44.83;44.83;44.83;44.83
30.07.2010 10:00;45.49;45.49;45.49;45.49;45.49
30.07.2010 11:00;45.25;45.25;45.25;45.25;45.25
30.07.2010 12:00;45.06;45.15;45.15;45.06;45.15
30.07.2010 13:00;45.15;45.15;45.15;45.15;45.15
30.07.2010 14:00;44.47;44.67;44.67;44.47;44.67
30.07.2010 15:00;43.39;43.65;43.65;43.39;43.65
30.07.2010 16:00;43.05;44.06;44.06;43.05;44.06
30.07.2010 17:00;42.03;44.27;44.27;42.03;44.27
30.07.2010 18:00;41.45;44.76;44.76;41.45;44.76
30.07.2010 19:00;41.35;44.08;44.08;41.35;44.08
30.07.2010 20:00;40.41;43.04;43.04;40.41;43.04
30.07.2010 21:00;41.33;43.33;43.33;41.33;43.33
30.07.2010 22:00;43.01;44.37;44.37;43.01;44.37
30.07.2010 23:00;40.91;40.91;40.91;40.91;40.91
31.07.2010 00:00;38.97;38.98;38.98;38.97;38.98
31.07.2010 01:00;36.73;36.73;36.73;36.73;36.73
31.07.2010 02:00;31.09;35.19;35.19;31.09;35.19
31.07.2010 03:00;28.10;32.80;32.80;28.10;32.80
31.07.2010 04:00;27.90;27.90;27.90;27.90;27.90
31.07.2010 05:00;26.29;26.29;26.29;26.29;26.29
31.07.2010 06:00;29.09;29.09;29.09;29.09;29.09
31.07.2010 07:00;29.99;29.99;29.99;29.99;29.99
31.07.2010 08:00;34.31;34.31;34.31;34.31;34.31
31.07.2010 09:00;39.40;39.40;39.40;39.40;39.40
31.07.2010 10:00;40.50;41.73;41.73;40.50;41.73
31.07.2010 11:00;42.12;44.13;44.13;42.12;44.13
31.07.2010 12:00;41.71;41.71;41.71;41.71;41.71
31.07.2010 13:00;38.92;38.92;38.92;38.92;38.92
31.07.2010 14:00;38.02;38.02;38.02;38.02;38.02
31.07.2010 15:00;37.46;37.46;37.46;37.46;37.46
31.07.2010 16:00;36.28;36.28;36.28;36.28;36.28
31.07.2010 17:00;38.98;38.98;38.98;38.98;38.98
31.07.2010 18:00;41.20;41.20;41.20;41.20;41.20
31.07.2010 19:00;42.18;42.18;42.18;42.18;42.18
31.07.2010 20:00;41.62;41.91;41.91;41.62;41.91
31.07.2010 21:00;42.95;42.95;42.95;42.95;42.95
31.07.2010 22:00;44.58;44.58;44.58;44.58;44.58
31.07.2010 23:00;38.95;38.95;38.95;38.95;38.95
01.08.2010 00:00;33.60;33.60;33.60;33.60;33.60
01.08.2010 01:00;31.77;31.77;31.77;31.77;31.77
01.08.2010 02:00;26.60;26.60;26.60;26.60;26.60
01.08.2010 03:00;19.32;19.32;19.32;19.32;19.32
01.08.2010 04:00;16.09;16.09;16.09;16.09;16.09
01.08.2010 05:00;7.29;7.29;7.29;7.29;7.29
01.08.2010 06:00;6.87;6.87;6.87;6.87;6.87
01.08.2010 07:00;17.10;19.67;19.67;17.10;19.67
01.08.2010 08:00;24.53;24.53;24.53;24.53;24.53
01.08.2010 09:00;25.29;32.02;32.02;25.29;32.02
01.08.2010 10:00;30.34;32.44;32.44;30.34;32.44
01.08.2010 11:00;35.10;36.17;36.17;35.10;36.17
01.08.2010 12:00;33.74;38.78;38.78;33.74;38.78
01.08.2010 13:00;30.20;36.13;36.13;30.20;36.13
01.08.2010 14:00;28.69;38.54;38.54;28.69;38.54
01.08.2010 15:00;27.63;33.98;33.98;27.63;33.98
01.08.2010 16:00;30.02;35.03;35.03;30.02;35.03
01.08.2010 17:00;33.15;38.10;38.10;33.15;38.10
01.08.2010 18:00;38.58;38.58;38.58;38.58;38.58
01.08.2010 19:00;39.22;39.22;39.22;39.22;39.22
01.08.2010 20:00;38.09;38.09;38.09;38.09;38.09
01.08.2010 21:00;39.99;39.99;39.99;39.99;39.99
01.08.2010 22:00;42.68;42.68;42.68;42.68;42.68
01.08.2010 23:00;39.03;39.03;39.03;39.03;39.03
02.08.2010 00:00;35.08;40.77;40.77;35.08;40.77
02.08.2010 01:00;28.89;37.49;37.49;28.89;37.49
02.08.2010 02:00;25.29;36.31;36.31;25.29;36.31
02.08.2010 03:00;14.50;32.37;32.37;14.50;32.37
02.08.2010 04:00;20.10;32.59;32.59;20.10;32.59
02.08.2010 05:00;35.05;36.60;36.60;35.05;36.60
02.08.2010 06:00;41.50;44.51;44.51;41.50;44.51
02.08.2010 07:00;44.28;44.28;44.28;44.28;44.28
02.08.2010 08:00;46.18;46.18;46.18;46.18;46.18
02.08.2010 09:00;46.64;46.64;46.64;46.64;46.64
02.08.2010 10:00;46.94;46.94;46.94;46.94;46.94
02.08.2010 11:00;47.14;47.14;47.14;47.14;47.14
02.08.2010 12:00;47.09;47.09;47.09;47.09;47.09
02.08.2010 13:00;46.61;46.61;46.61;46.61;46.61
02.08.2010 14:00;46.47;46.47;46.47;46.47;46.47
02.08.2010 15:00;45.38;45.38;45.38;45.38;45.38
02.08.2010 16:00;45.32;45.32;45.32;45.32;45.32
02.08.2010 17:00;44.97;45.77;45.77;44.97;45.77
02.08.2010 18:00;44.32;46.17;46.17;44.32;46.17
02.08.2010 19:00;43.21;45.70;45.70;43.21;45.70
02.08.2010 20:00;42.51;45.18;45.18;42.51;45.18
02.08.2010 21:00;44.00;44.97;44.97;44.00;44.97
02.08.2010 22:00;44.59;44.59;44.59;44.59;44.59
02.08.2010 23:00;38.22;38.22;38.22;38.22;38.22
03.08.2010 00:00;36.38;36.71;36.71;36.38;36.71
03.08.2010 01:00;32.26;32.26;32.26;32.26;32.26
03.08.2010 02:00;26.67;26.67;26.67;26.67;26.67
03.08.2010 03:00;22.09;22.09;22.09;22.09;22.09
03.08.2010 04:00;25.25;25.29;25.29;25.25;25.29
03.08.2010 05:00;35.00;35.00;35.00;35.00;35.00
03.08.2010 06:00;41.94;43.29;43.29;41.94;43.29
03.08.2010 07:00;42.92;44.66;44.66;42.92;44.66
03.08.2010 08:00;44.02;44.02;44.02;44.02;44.02
03.08.2010 09:00;44.16;45.26;45.26;44.16;45.26
03.08.2010 10:00;44.87;45.65;45.65;44.87;45.65
03.08.2010 11:00;46.21;46.40;46.40;46.21;46.40
03.08.2010 12:00;46.15;46.15;46.15;46.15;46.15
03.08.2010 13:00;45.55;46.11;46.11;45.55;46.11
03.08.2010 14:00;44.57;45.30;45.30;44.57;45.30
03.08.2010 15:00;44.35;45.29;45.29;44.35;45.29
03.08.2010 16:00;43.42;44.95;44.95;43.42;44.95
03.08.2010 17:00;43.29;45.01;45.01;43.29;45.01
03.08.2010 18:00;42.82;45.22;45.22;42.82;45.22
03.08.2010 19:00;42.79;45.27;45.27;42.79;45.27
03.08.2010 20:00;42.33;45.40;45.40;42.33;45.40
03.08.2010 21:00;43.10;46.32;46.32;43.10;46.32
03.08.2010 22:00;42.84;45.66;45.66;42.84;45.66
03.08.2010 23:00;40.73;44.09;44.09;40.73;44.09
04.08.2010 00:00;39.83;43.42;43.42;39.83;43.42
04.08.2010 01:00;24.30;36.45;36.45;24.30;36.45
04.08.2010 02:00;20.10;29.54;29.54;20.10;29.54
04.08.2010 03:00;19.20;19.84;19.84;19.20;19.84
04.08.2010 04:00;20.00;31.67;31.67;20.00;31.67
04.08.2010 05:00;32.56;32.56;32.56;32.56;32.56
04.08.2010 06:00;40.15;40.15;40.15;40.15;40.15
04.08.2010 07:00;43.04;43.04;43.04;43.04;43.04
04.08.2010 08:00;43.64;43.64;43.64;43.64;43.64
04.08.2010 09:00;45.09;45.09;45.09;45.09;45.09
04.08.2010 10:00;45.91;45.91;45.91;45.91;45.91
04.08.2010 11:00;46.37;46.37;46.37;46.37;46.37
04.08.2010 12:00;46.00;46.00;46.00;46.00;46.00
04.08.2010 13:00;45.50;45.50;45.50;45.50;45.50
04.08.2010 14:00;45.00;45.00;45.00;45.00;45.00
04.08.2010 15:00;43.76;45.42;45.42;43.76;45.42
04.08.2010 16:00;43.21;44.04;44.04;43.21;44.04
04.08.2010 17:00;43.28;45.53;45.53;43.28;45.53
04.08.2010 18:00;43.48;45.64;45.64;43.48;45.64
04.08.2010 19:00;43.41;45.50;45.50;43.41;45.50
04.08.2010 20:00;42.49;43.85;43.85;42.49;43.85
04.08.2010 21:00;41.66;42.80;42.80;41.66;42.80
04.08.2010 22:00;42.52;42.52;42.52;42.52;42.52
04.08.2010 23:00;38.09;38.09;38.09;38.09;38.09
05.08.2010 00:00;26.29;40.20;40.20;26.29;40.20
05.08.2010 01:00;22.99;33.11;33.11;22.99;33.11
05.08.2010 02:00;19.20;31.87;31.87;19.20;31.87
05.08.2010 03:00;20.00;31.30;31.30;20.00;31.30
05.08.2010 04:00;21.39;26.62;26.62;21.39;26.62
05.08.2010 05:00;29.22;33.08;33.08;29.22;33.08
05.08.2010 06:00;39.21;39.47;39.47;39.21;39.47
05.08.2010 07:00;42.55;42.79;42.79;42.55;42.79
05.08.2010 08:00;44.08;44.08;44.08;44.08;44.08
05.08.2010 09:00;44.99;44.99;44.99;44.99;44.99
05.08.2010 10:00;46.00;46.00;46.00;46.00;46.00
05.08.2010 11:00;46.05;46.05;46.05;46.05;46.05
05.08.2010 12:00;45.93;45.93;45.93;45.93;45.93
05.08.2010 13:00;45.45;45.45;45.45;45.45;45.45
05.08.2010 14:00;43.87;43.87;43.87;43.87;43.87
05.08.2010 15:00;42.74;42.74;42.74;42.74;42.74
05.08.2010 16:00;42.96;42.96;42.96;42.96;42.96
05.08.2010 17:00;43.03;43.03;43.03;43.03;43.03
05.08.2010 18:00;43.34;43.34;43.34;43.34;43.34
05.08.2010 19:00;43.37;43.37;43.37;43.37;43.37
05.08.2010 20:00;42.68;43.24;43.24;42.68;43.24
05.08.2010 21:00;42.71;43.50;43.50;42.71;43.50
05.08.2010 22:00;42.41;42.46;42.46;42.41;42.46
05.08.2010 23:00;37.14;39.82;39.82;37.14;39.82
06.08.2010 00:00;36.33;36.33;36.33;36.33;36.33
06.08.2010 01:00;29.89;33.12;33.12;29.89;33.12
06.08.2010 02:00;22.98;29.34;29.34;22.98;29.34
06.08.2010 03:00;18.90;28.19;28.19;18.90;28.19
06.08.2010 04:00;20.10;27.92;27.92;20.10;27.92
06.08.2010 05:00;30.09;31.94;31.94;30.09;31.94
06.08.2010 06:00;40.70;41.88;41.88;40.70;41.88
06.08.2010 07:00;42.92;44.58;44.58;42.92;44.58
06.08.2010 08:00;44.27;45.40;45.40;44.27;45.40
06.08.2010 09:00;44.83;44.83;44.83;44.83;44.83
06.08.2010 10:00;45.59;45.59;45.59;45.59;45.59
06.08.2010 11:00;45.44;45.44;45.44;45.44;45.44
06.08.2010 12:00;45.43;45.43;45.43;45.43;45.43
06.08.2010 13:00;45.08;45.08;45.08;45.08;45.08
06.08.2010 14:00;44.08;44.08;44.08;44.08;44.08
06.08.2010 15:00;43.78;43.78;43.78;43.78;43.78
06.08.2010 16:00;42.27;44.63;44.63;42.27;44.63
06.08.2010 17:00;41.84;45.49;45.49;41.84;45.49
06.08.2010 18:00;42.42;46.01;46.01;42.42;46.01
06.08.2010 19:00;41.83;44.36;44.36;41.83;44.36
06.08.2010 20:00;41.16;43.30;43.30;41.16;43.30
06.08.2010 21:00;41.10;42.99;42.99;41.10;42.99
06.08.2010 22:00;40.99;41.90;41.90;40.99;41.90
06.08.2010 23:00;38.63;43.14;43.14;38.63;43.14
07.08.2010 00:00;30.52;45.47;45.47;30.52;45.47
07.08.2010 01:00;21.51;43.94;43.94;21.51;43.94
07.08.2010 02:00;20.04;38.41;38.41;20.04;38.41
07.08.2010 03:00;16.91;38.41;38.41;16.91;38.41
07.08.2010 04:00;17.91;36.29;36.29;17.91;36.29
07.08.2010 05:00;5.00;27.37;27.37;5.00;27.37
07.08.2010 06:00;20.00;31.79;31.79;20.00;31.79
07.08.2010 07:00;31.90;37.95;37.95;31.90;37.95
07.08.2010 08:00;34.95;38.85;38.85;34.95;38.85
07.08.2010 09:00;39.97;39.97;39.97;39.97;39.97
07.08.2010 10:00;41.10;41.10;41.10;41.10;41.10
07.08.2010 11:00;40.87;40.87;40.87;40.87;40.87
07.08.2010 12:00;40.49;40.49;40.49;40.49;40.49
07.08.2010 13:00;38.43;38.43;38.43;38.43;38.43
07.08.2010 14:00;38.30;38.30;38.30;38.30;38.30
07.08.2010 15:00;36.69;36.69;36.69;36.69;36.69
07.08.2010 16:00;37.73;37.73;37.73;37.73;37.73
07.08.2010 17:00;38.90;38.90;38.90;38.90;38.90
07.08.2010 18:00;40.63;40.63;40.63;40.63;40.63
07.08.2010 19:00;39.92;39.92;39.92;39.92;39.92
07.08.2010 20:00;38.73;38.73;38.73;38.73;38.73
07.08.2010 21:00;36.18;44.02;44.02;36.18;44.02
07.08.2010 22:00;36.55;43.94;43.94;36.55;43.94
07.08.2010 23:00;26.65;44.36;44.36;26.65;44.36
08.08.2010 00:00;37.03;37.03;37.03;37.03;37.03
08.08.2010 01:00;20.49;31.94;31.94;20.49;31.94
08.08.2010 02:00;14.00;31.58;31.58;14.00;31.58
08.08.2010 03:00;4.06;27.45;27.45;4.06;27.45
08.08.2010 04:00;3.00;26.31;26.31;3.00;26.31
08.08.2010 05:00;3.19;12.54;12.54;3.19;12.54
08.08.2010 06:00;8.89;26.75;26.75;8.89;26.75
08.08.2010 07:00;9.70;31.28;31.28;9.70;31.28
08.08.2010 08:00;15.39;27.04;27.04;15.39;27.04
08.08.2010 09:00;30.40;31.90;31.90;30.40;31.90
08.08.2010 10:00;35.19;35.19;35.19;35.19;35.19
08.08.2010 11:00;37.98;37.98;37.98;37.98;37.98
08.08.2010 12:00;36.94;36.94;36.94;36.94;36.94
08.08.2010 13:00;33.40;38.47;38.47;33.40;38.47
08.08.2010 14:00;36.08;38.01;38.01;36.08;38.01
08.08.2010 15:00;36.87;38.13;38.13;36.87;38.13
08.08.2010 16:00;38.17;38.17;38.17;38.17;38.17
08.08.2010 17:00;38.62;41.14;41.14;38.62;41.14
08.08.2010 18:00;40.06;43.60;43.60;40.06;43.60
08.08.2010 19:00;41.38;42.98;42.98;41.38;42.98
08.08.2010 20:00;41.86;43.61;43.61;41.86;43.61
08.08.2010 21:00;43.16;44.25;44.25;43.16;44.25
08.08.2010 22:00;43.12;44.12;44.12;43.12;44.12
08.08.2010 23:00;35.09;37.87;37.87;35.09;37.87
09.08.2010 00:00;37.45;39.63;39.63;37.45;39.63
09.08.2010 01:00;36.76;36.76;36.76;36.76;36.76
09.08.2010 02:00;29.04;32.83;32.83;29.04;32.83
09.08.2010 03:00;31.95;31.95;31.95;31.95;31.95
09.08.2010 04:00;32.31;32.31;32.31;32.31;32.31
09.08.2010 05:00;36.88;36.88;36.88;36.88;36.88
09.08.2010 06:00;42.35;42.35;42.35;42.35;42.35
09.08.2010 07:00;45.31;45.31;45.31;45.31;45.31
09.08.2010 08:00;45.96;45.96;45.96;45.96;45.96
09.08.2010 09:00;46.58;46.58;46.58;46.58;46.58
09.08.2010 10:00;47.29;47.29;47.29;47.29;47.29
09.08.2010 11:00;47.71;47.61;47.61;47.71;47.61
09.08.2010 12:00;47.05;47.05;47.05;47.05;47.05
09.08.2010 13:00;46.57;46.57;46.57;46.57;46.57
09.08.2010 14:00;46.49;46.49;46.49;46.49;46.49
09.08.2010 15:00;45.63;45.63;45.63;45.63;45.63
09.08.2010 16:00;45.17;45.17;45.17;45.17;45.17
09.08.2010 17:00;45.39;45.39;45.39;45.39;45.39
09.08.2010 18:00;44.91;44.91;44.91;44.91;44.91
09.08.2010 19:00;45.49;45.49;45.49;45.49;45.49
09.08.2010 20:00;45.56;45.56;45.56;45.56;45.56
09.08.2010 21:00;45.60;45.60;45.60;45.60;45.60
09.08.2010 22:00;45.41;45.41;45.41;45.41;45.41
09.08.2010 23:00;40.97;40.97;40.97;40.97;40.97
10.08.2010 00:00;39.91;39.91;39.91;39.91;39.91
10.08.2010 01:00;38.31;38.31;38.31;38.31;38.31
10.08.2010 02:00;37.25;34.36;34.36;37.25;34.36
10.08.2010 03:00;37.25;34.15;34.15;37.25;34.15
10.08.2010 04:00;37.32;37.32;37.32;37.32;37.32
10.08.2010 05:00;39.43;39.43;39.43;39.43;39.43
10.08.2010 06:00;42.33;42.33;42.33;42.33;42.33
10.08.2010 07:00;44.90;44.90;44.90;44.90;44.90
10.08.2010 08:00;46.93;46.93;46.93;46.93;46.93
10.08.2010 09:00;47.56;47.56;47.56;47.56;47.56
10.08.2010 10:00;48.04;48.04;48.04;48.04;48.04
10.08.2010 11:00;48.43;48.37;48.37;48.43;48.37
10.08.2010 12:00;48.14;48.14;48.14;48.14;48.14
10.08.2010 13:00;47.68;47.68;47.68;47.68;47.68
10.08.2010 14:00;46.99;46.99;46.99;46.99;46.99
10.08.2010 15:00;45.86;45.86;45.86;45.86;45.86
10.08.2010 16:00;44.68;44.68;44.68;44.68;44.68
10.08.2010 17:00;44.99;44.99;44.99;44.99;44.99
10.08.2010 18:00;46.08;46.08;46.08;46.08;46.08
10.08.2010 19:00;45.91;45.91;45.91;45.91;45.91
10.08.2010 20:00;44.74;44.74;44.74;44.74;44.74
10.08.2010 21:00;45.16;45.16;45.16;45.16;45.16
10.08.2010 22:00;44.89;44.89;44.89;44.89;44.89
10.08.2010 23:00;40.65;40.65;40.65;40.65;40.65
11.08.2010 00:00;40.63;36.54;36.54;40.63;36.54
11.08.2010 01:00;38.90;31.95;31.95;38.90;31.95
11.08.2010 02:00;37.98;30.64;30.64;37.98;30.64
11.08.2010 03:00;37.84;33.16;33.16;37.84;33.16
11.08.2010 04:00;37.78;34.55;34.55;37.78;34.55
11.08.2010 05:00;40.15;40.15;40.15;40.15;40.15
11.08.2010 06:00;43.19;43.19;43.19;43.19;43.19
11.08.2010 07:00;45.82;45.82;45.82;45.82;45.82
11.08.2010 08:00;46.80;46.80;46.80;46.80;46.80
11.08.2010 09:00;47.55;47.55;47.55;47.55;47.55
11.08.2010 10:00;47.78;47.78;47.78;47.78;47.78
11.08.2010 11:00;47.69;47.69;47.69;47.69;47.69
11.08.2010 12:00;47.77;47.77;47.77;47.77;47.77
11.08.2010 13:00;47.75;47.75;47.75;47.75;47.75
11.08.2010 14:00;47.45;47.45;47.45;47.45;47.45
11.08.2010 15:00;46.80;46.80;46.80;46.80;46.80
11.08.2010 16:00;46.00;46.00;46.00;46.00;46.00
11.08.2010 17:00;46.32;46.32;46.32;46.32;46.32
11.08.2010 18:00;46.55;46.55;46.55;46.55;46.55
11.08.2010 19:00;46.26;46.26;46.26;46.26;46.26
11.08.2010 20:00;45.42;45.42;45.42;45.42;45.42
11.08.2010 21:00;45.69;45.69;45.69;45.69;45.69
11.08.2010 22:00;45.51;45.51;45.51;45.51;45.51
11.08.2010 23:00;42.01;42.01;42.01;42.01;42.01
12.08.2010 00:00;40.86;40.86;40.86;40.86;40.86
12.08.2010 01:00;39.24;39.24;39.24;39.24;39.24
12.08.2010 02:00;39.55;39.55;39.55;39.55;39.55
12.08.2010 03:00;39.26;39.26;39.26;39.26;39.26
12.08.2010 04:00;40.03;40.03;40.03;40.03;40.03
12.08.2010 05:00;41.25;41.25;41.25;41.25;41.25
12.08.2010 06:00;44.25;44.25;44.25;44.25;44.25
12.08.2010 07:00;45.99;45.99;45.99;45.99;45.99
12.08.2010 08:00;47.82;46.50;46.50;47.82;46.50
12.08.2010 09:00;49.15;46.60;46.60;49.15;46.60
12.08.2010 10:00;49.19;46.67;46.67;49.19;46.67
12.08.2010 11:00;52.83;46.69;46.69;52.83;46.69
12.08.2010 12:00;51.63;46.68;46.68;51.63;46.68
12.08.2010 13:00;50.19;46.88;46.88;50.19;46.88
12.08.2010 14:00;48.44;46.93;46.93;48.44;46.93
12.08.2010 15:00;46.62;46.62;46.62;46.62;46.62
12.08.2010 16:00;45.71;45.71;45.71;45.71;45.71
12.08.2010 17:00;46.09;46.09;46.09;46.09;46.09
12.08.2010 18:00;45.62;45.62;45.62;45.62;45.62
12.08.2010 19:00;45.31;45.31;45.31;45.31;45.31
12.08.2010 20:00;45.53;45.53;45.53;45.53;45.53
12.08.2010 21:00;45.63;45.63;45.63;45.63;45.63
12.08.2010 22:00;45.01;45.01;45.01;45.01;45.01
12.08.2010 23:00;41.75;41.75;41.75;41.75;41.75
13.08.2010 00:00;39.75;39.75;39.75;39.75;39.75
13.08.2010 01:00;38.68;38.68;38.68;38.68;38.68
13.08.2010 02:00;37.32;37.32;37.32;37.32;37.32
13.08.2010 03:00;37.14;37.14;37.14;37.14;37.14
13.08.2010 04:00;37.58;37.58;37.58;37.58;37.58
13.08.2010 05:00;40.49;40.49;40.49;40.49;40.49
13.08.2010 06:00;44.53;44.53;44.53;44.53;44.53
13.08.2010 07:00;46.96;46.23;46.23;46.96;46.23
13.08.2010 08:00;49.02;46.75;46.75;49.02;46.75
13.08.2010 09:00;50.76;46.75;46.75;50.76;46.75
13.08.2010 10:00;53.02;46.82;46.82;53.02;46.82
13.08.2010 11:00;52.81;46.81;46.81;52.81;46.81
13.08.2010 12:00;50.79;46.76;46.76;50.79;46.76
13.08.2010 13:00;50.20;46.69;46.69;50.20;46.69
13.08.2010 14:00;48.09;46.46;46.46;48.09;46.46
13.08.2010 15:00;45.63;45.63;45.63;45.63;45.63
13.08.2010 16:00;45.86;45.85;45.85;45.86;45.85
13.08.2010 17:00;46.21;46.21;46.21;46.21;46.21
13.08.2010 18:00;46.14;46.14;46.14;46.14;46.14
13.08.2010 19:00;45.78;45.78;45.78;45.78;45.78
13.08.2010 20:00;45.69;45.69;45.69;45.69;45.69
13.08.2010 21:00;46.26;46.26;46.26;46.26;46.26
13.08.2010 22:00;45.55;45.55;45.55;45.55;45.55
13.08.2010 23:00;43.93;43.93;43.93;43.93;43.93
14.08.2010 00:00;42.00;42.00;42.00;42.00;42.00
14.08.2010 01:00;40.74;40.74;40.74;40.74;40.74
14.08.2010 02:00;39.82;39.82;39.82;39.82;39.82
14.08.2010 03:00;39.32;39.32;39.32;39.32;39.32
14.08.2010 04:00;38.62;38.62;38.62;38.62;38.62
14.08.2010 05:00;37.74;37.74;37.74;37.74;37.74
14.08.2010 06:00;38.22;38.22;38.22;38.22;38.22
14.08.2010 07:00;39.25;39.25;39.25;39.25;39.25
14.08.2010 08:00;42.96;42.96;42.96;42.96;42.96
14.08.2010 09:00;45.35;45.35;45.35;45.35;45.35
14.08.2010 10:00;45.45;45.45;45.45;45.45;45.45
14.08.2010 11:00;45.46;45.46;45.46;45.46;45.46
14.08.2010 12:00;45.27;45.27;45.27;45.27;45.27
14.08.2010 13:00;44.82;44.82;44.82;44.82;44.82
14.08.2010 14:00;42.61;42.61;42.61;42.61;42.61
14.08.2010 15:00;41.90;41.90;41.90;41.90;41.90
14.08.2010 16:00;41.84;41.84;41.84;41.84;41.84
14.08.2010 17:00;43.66;43.66;43.66;43.66;43.66
14.08.2010 18:00;44.46;44.46;44.46;44.46;44.46
14.08.2010 19:00;44.12;44.12;44.12;44.12;44.12
14.08.2010 20:00;43.02;43.02;43.02;43.02;43.02
14.08.2010 21:00;43.76;43.76;43.76;43.76;43.76
14.08.2010 22:00;44.13;44.13;44.13;44.13;44.13
14.08.2010 23:00;41.42;41.42;41.42;41.42;41.42
15.08.2010 00:00;39.92;39.92;39.92;39.92;39.92
15.08.2010 01:00;37.88;37.88;37.88;37.88;37.88
15.08.2010 02:00;37.74;37.74;37.74;37.74;37.74
15.08.2010 03:00;37.55;37.55;37.55;37.55;37.55
15.08.2010 04:00;36.33;36.33;36.33;36.33;36.33
15.08.2010 05:00;34.19;34.19;34.19;34.19;34.19
15.08.2010 06:00;33.76;33.76;33.76;33.76;33.76
15.08.2010 07:00;38.38;38.38;38.38;38.38;38.38
15.08.2010 08:00;38.66;38.66;38.66;38.66;38.66
15.08.2010 09:00;40.94;40.94;40.94;40.94;40.94
15.08.2010 10:00;42.13;42.13;42.13;42.13;42.13
15.08.2010 11:00;43.26;43.26;43.26;43.26;43.26
15.08.2010 12:00;43.30;43.30;43.30;43.30;43.30
15.08.2010 13:00;41.99;41.99;41.99;41.99;41.99
15.08.2010 14:00;41.55;41.55;41.55;41.55;41.55
15.08.2010 15:00;41.22;41.22;41.22;41.22;41.22
15.08.2010 16:00;41.01;41.01;41.01;41.01;41.01
15.08.2010 17:00;41.68;41.68;41.68;41.68;41.68
15.08.2010 18:00;42.00;42.00;42.00;42.00;42.00
15.08.2010 19:00;44.66;44.66;44.66;44.66;44.66
15.08.2010 20:00;45.13;45.13;45.13;45.13;45.13
15.08.2010 21:00;45.46;45.46;45.46;45.46;45.46
15.08.2010 22:00;45.07;45.07;45.07;45.07;45.07
15.08.2010 23:00;40.32;40.32;40.32;40.32;40.32
16.08.2010 00:00;38.65;38.65;38.65;38.65;38.65
16.08.2010 01:00;37.91;37.91;37.91;37.91;37.91
16.08.2010 02:00;37.12;37.12;37.12;37.12;37.12
16.08.2010 03:00;36.95;36.95;36.95;36.95;36.95
16.08.2010 04:00;37.31;37.31;37.31;37.31;37.31
16.08.2010 05:00;39.69;39.69;39.69;39.69;39.69
16.08.2010 06:00;44.08;44.08;44.08;44.08;44.08
16.08.2010 07:00;45.98;45.98;45.98;45.98;45.98
16.08.2010 08:00;47.31;47.31;47.31;47.31;47.31
16.08.2010 09:00;47.92;47.81;47.81;47.92;47.81
16.08.2010 10:00;48.41;48.06;48.06;48.80;48.06
16.08.2010 11:00;48.38;48.12;48.12;49.56;48.12
16.08.2010 12:00;48.66;47.84;47.84;49.74;47.84
16.08.2010 13:00;48.34;47.88;47.88;48.95;47.88
16.08.2010 14:00;47.64;47.64;47.64;47.64;47.64
16.08.2010 15:00;47.60;47.60;47.60;47.60;47.60
16.08.2010 16:00;47.10;47.10;47.10;47.10;47.10
16.08.2010 17:00;47.26;47.26;47.26;47.26;47.26
16.08.2010 18:00;47.28;47.28;47.28;47.28;47.28
16.08.2010 19:00;47.11;47.11;47.11;47.11;47.11
16.08.2010 20:00;46.44;46.44;46.44;46.44;46.44
16.08.2010 21:00;46.60;46.83;46.83;46.60;46.83
16.08.2010 22:00;45.39;46.88;46.88;45.39;46.88
16.08.2010 23:00;42.00;45.88;45.88;42.00;45.88
17.08.2010 00:00;41.96;45.31;45.31;41.96;45.31
17.08.2010 01:00;41.89;44.93;44.93;41.89;44.93
17.08.2010 02:00;41.43;44.89;44.89;41.43;44.89
17.08.2010 03:00;41.12;44.87;44.87;41.12;44.87
17.08.2010 04:00;41.96;44.89;44.89;41.96;44.89
17.08.2010 05:00;44.36;44.93;44.93;44.36;44.93
17.08.2010 06:00;45.90;45.90;45.90;45.90;45.90
17.08.2010 07:00;47.32;47.32;47.32;47.32;47.32
17.08.2010 08:00;47.77;47.82;47.82;48.64;47.82
17.08.2010 09:00;47.95;48.45;48.45;49.58;48.45
17.08.2010 10:00;48.07;48.63;48.63;50.24;48.63
17.08.2010 11:00;48.09;48.67;48.67;51.12;48.67
17.08.2010 12:00;48.19;48.62;48.62;50.86;48.62
17.08.2010 13:00;48.34;48.51;48.51;50.60;48.51
17.08.2010 14:00;48.08;48.08;48.08;48.08;48.08
17.08.2010 15:00;47.80;47.80;47.80;47.80;47.80
17.08.2010 16:00;47.37;47.37;47.37;47.37;47.37
17.08.2010 17:00;47.32;47.32;47.32;47.32;47.32
17.08.2010 18:00;46.97;46.97;46.97;46.97;46.97
17.08.2010 19:00;46.61;46.61;46.61;46.61;46.61
17.08.2010 20:00;46.26;46.26;46.26;46.26;46.26
17.08.2010 21:00;46.52;46.52;46.52;46.52;46.52
17.08.2010 22:00;46.14;46.14;46.14;46.14;46.14
17.08.2010 23:00;44.75;45.13;45.13;44.75;45.13
18.08.2010 00:00;44.38;45.09;45.09;44.38;45.09
18.08.2010 01:00;44.16;44.76;44.76;44.16;44.76
18.08.2010 02:00;43.74;44.71;44.71;43.74;44.71
18.08.2010 03:00;43.59;43.59;43.59;43.59;43.59
18.08.2010 04:00;43.71;43.71;43.71;43.71;43.71
18.08.2010 05:00;44.76;44.76;44.76;44.76;44.76
18.08.2010 06:00;45.32;45.32;45.32;45.32;45.32
18.08.2010 07:00;46.87;46.87;46.87;46.87;46.87
18.08.2010 08:00;47.21;47.21;47.21;47.21;47.21
18.08.2010 09:00;47.76;47.54;47.54;47.76;47.54
18.08.2010 10:00;48.77;47.89;47.89;48.77;47.89
18.08.2010 11:00;48.85;47.90;47.90;48.85;47.90
18.08.2010 12:00;48.81;47.84;47.84;48.81;47.84
18.08.2010 13:00;48.56;47.82;47.82;48.56;47.82
18.08.2010 14:00;48.17;47.57;47.57;48.17;47.57
18.08.2010 15:00;47.26;47.10;47.10;47.26;47.10
18.08.2010 16:00;46.46;46.46;46.46;46.46;46.46
18.08.2010 17:00;46.73;46.73;46.73;46.73;46.73
18.08.2010 18:00;46.45;46.45;46.45;46.45;46.45
18.08.2010 19:00;46.18;46.18;46.18;46.18;46.18
18.08.2010 20:00;46.11;46.11;46.11;46.11;46.11
18.08.2010 21:00;46.13;46.13;46.13;46.13;46.13
18.08.2010 22:00;45.55;45.55;45.55;45.55;45.55
18.08.2010 23:00;43.56;43.56;43.56;43.56;43.56
19.08.2010 00:00;42.26;42.26;42.26;42.26;42.26
19.08.2010 01:00;42.13;37.81;37.81;42.13;37.81
19.08.2010 02:00;41.48;33.92;33.92;41.48;33.92
19.08.2010 03:00;41.86;33.93;33.93;41.86;33.93
19.08.2010 04:00;42.09;35.50;35.50;42.09;35.50
19.08.2010 05:00;42.71;39.02;39.02;42.71;39.02
19.08.2010 06:00;43.11;43.11;43.11;43.11;43.11
19.08.2010 07:00;45.97;45.97;45.97;45.97;45.97
19.08.2010 08:00;45.68;46.83;46.83;46.83;46.83
19.08.2010 09:00;46.09;47.21;47.21;47.30;47.21
19.08.2010 10:00;46.40;47.44;47.44;48.55;47.44
19.08.2010 11:00;46.39;47.40;47.40;49.05;47.40
19.08.2010 12:00;46.36;47.21;47.21;48.35;47.21
19.08.2010 13:00;46.39;47.25;47.25;47.61;47.25
19.08.2010 14:00;46.43;46.86;46.86;46.86;46.86
19.08.2010 15:00;46.28;46.28;46.28;46.28;46.28
19.08.2010 16:00;45.30;45.17;45.17;45.30;45.17
19.08.2010 17:00;45.48;45.48;45.48;45.48;45.48
19.08.2010 18:00;45.97;45.97;45.97;45.97;45.97
19.08.2010 19:00;45.95;45.95;45.95;45.95;45.95
19.08.2010 20:00;46.18;46.19;46.19;46.19;46.19
19.08.2010 21:00;46.18;46.78;46.78;46.78;46.78
19.08.2010 22:00;44.92;45.22;45.22;44.92;45.22
19.08.2010 23:00;42.86;42.86;42.86;42.86;42.86
20.08.2010 00:00;42.97;43.73;43.73;42.97;43.73
20.08.2010 01:00;42.49;38.97;38.97;42.49;38.97
20.08.2010 02:00;42.35;36.38;36.38;42.35;36.38
20.08.2010 03:00;42.30;38.00;38.00;42.30;38.00
20.08.2010 04:00;42.44;38.99;38.99;42.44;38.99
20.08.2010 05:00;43.71;43.07;43.07;43.71;43.07
20.08.2010 06:00;45.05;45.09;45.09;45.05;45.09
20.08.2010 07:00;45.49;46.80;46.80;45.49;46.80
20.08.2010 08:00;45.50;47.49;47.49;45.50;47.49
20.08.2010 09:00;45.75;47.70;47.70;45.75;47.70
20.08.2010 10:00;45.79;47.75;47.75;45.79;47.75
20.08.2010 11:00;45.67;47.73;47.73;45.67;47.73
20.08.2010 12:00;45.61;47.72;47.72;45.61;47.72
20.08.2010 13:00;45.39;47.30;47.30;45.39;47.30
20.08.2010 14:00;45.38;46.38;46.38;45.38;46.38
20.08.2010 15:00;45.46;46.29;46.29;45.46;46.29
20.08.2010 16:00;45.12;45.59;45.59;45.12;45.59
20.08.2010 17:00;45.00;45.61;45.61;45.00;45.61
20.08.2010 18:00;45.11;46.09;46.09;45.11;46.09
20.08.2010 19:00;44.89;45.59;45.59;44.89;45.59
20.08.2010 20:00;44.44;45.60;45.60;44.44;45.60
20.08.2010 21:00;44.78;45.44;45.44;44.78;45.44
20.08.2010 22:00;44.10;44.10;44.10;44.10;44.10
20.08.2010 23:00;41.62;39.37;39.37;41.62;39.37
21.08.2010 00:00;42.36;42.56;42.56;42.36;42.56
21.08.2010 01:00;42.38;42.38;42.38;42.38;42.38
21.08.2010 02:00;42.29;40.63;40.63;42.29;40.63
21.08.2010 03:00;42.22;39.59;39.59;42.22;39.59
21.08.2010 04:00;41.81;39.07;39.07;41.81;39.07
21.08.2010 05:00;42.07;35.97;35.97;42.07;35.97
21.08.2010 06:00;41.89;39.21;39.21;41.89;39.21
21.08.2010 07:00;42.32;42.15;42.15;42.32;42.15
21.08.2010 08:00;42.46;42.04;42.04;42.46;42.04
21.08.2010 09:00;43.74;43.74;43.74;43.74;43.74
21.08.2010 10:00;44.94;44.94;44.94;44.94;44.94
21.08.2010 11:00;44.70;44.70;44.70;44.70;44.70
21.08.2010 12:00;44.74;44.74;44.74;44.74;44.74
21.08.2010 13:00;43.08;43.08;43.08;43.08;43.08
21.08.2010 14:00;42.35;41.41;41.41;42.35;41.41
21.08.2010 15:00;42.23;40.34;40.34;42.23;40.34
21.08.2010 16:00;42.45;39.95;39.95;42.45;39.95
21.08.2010 17:00;42.77;42.77;42.77;42.77;42.77
21.08.2010 18:00;43.64;43.64;43.64;43.64;43.64
21.08.2010 19:00;44.40;44.40;44.40;44.40;44.40
21.08.2010 20:00;44.35;44.35;44.35;44.35;44.35
21.08.2010 21:00;44.34;44.34;44.34;44.34;44.34
21.08.2010 22:00;43.96;43.96;43.96;43.96;43.96
21.08.2010 23:00;42.00;42.00;42.00;42.00;42.00
22.08.2010 00:00;42.74;41.69;41.69;42.74;41.69
22.08.2010 01:00;42.31;39.47;39.47;42.31;39.47
22.08.2010 02:00;42.21;39.14;39.14;42.21;39.14
22.08.2010 03:00;41.98;38.58;38.58;41.98;38.58
22.08.2010 04:00;41.32;38.69;38.69;41.32;38.69
22.08.2010 05:00;41.51;36.98;36.98;41.51;36.98
22.08.2010 06:00;40.68;39.46;39.46;40.68;39.46
22.08.2010 07:00;41.38;41.38;41.38;41.38;41.38
22.08.2010 08:00;42.28;39.80;39.80;42.28;39.80
22.08.2010 09:00;42.94;41.18;41.18;42.94;41.18
22.08.2010 10:00;43.61;42.82;42.82;43.61;42.82
22.08.2010 11:00;43.78;43.14;43.14;43.78;43.14
22.08.2010 12:00;43.77;42.94;42.94;43.77;42.94
22.08.2010 13:00;43.20;41.78;41.78;43.20;41.78
22.08.2010 14:00;42.84;41.46;41.46;42.84;41.46
22.08.2010 15:00;42.59;40.93;40.93;42.59;40.93
22.08.2010 16:00;42.52;41.72;41.72;42.52;41.72
22.08.2010 17:00;42.98;42.98;42.98;42.98;42.98
22.08.2010 18:00;43.35;43.35;43.35;43.35;43.35
22.08.2010 19:00;43.81;43.81;43.81;43.81;43.81
22.08.2010 20:00;45.13;45.13;45.13;45.13;45.13
22.08.2010 21:00;46.59;46.59;46.59;46.59;46.59
22.08.2010 22:00;46.52;47.05;47.05;46.52;47.05
22.08.2010 23:00;44.52;44.52;44.52;44.52;44.52
23.08.2010 00:00;42.79;43.46;43.46;42.79;43.46
23.08.2010 01:00;41.19;41.19;41.19;41.19;41.19
23.08.2010 02:00;40.50;38.51;38.51;40.50;38.51
23.08.2010 03:00;40.41;38.38;38.38;40.41;38.38
23.08.2010 04:00;41.36;38.78;38.78;41.36;38.78
23.08.2010 05:00;44.50;44.92;44.92;44.50;44.92
23.08.2010 06:00;44.64;45.95;45.95;44.64;45.95
23.08.2010 07:00;44.87;47.57;47.57;44.87;47.57
23.08.2010 08:00;45.12;47.61;47.61;45.12;47.61
23.08.2010 09:00;46.52;47.67;47.67;46.52;47.67
23.08.2010 10:00;46.71;47.68;47.68;46.71;47.68
23.08.2010 11:00;46.72;47.67;47.67;46.72;47.67
23.08.2010 12:00;46.68;47.69;47.69;46.68;47.69
23.08.2010 13:00;46.68;47.66;47.66;46.68;47.66
23.08.2010 14:00;46.66;47.63;47.63;46.66;47.63
23.08.2010 15:00;45.73;47.19;47.19;45.73;47.19
23.08.2010 16:00;45.69;46.76;46.76;45.69;46.76
23.08.2010 17:00;45.59;46.61;46.61;45.59;46.61
23.08.2010 18:00;45.55;46.32;46.32;45.55;46.32
23.08.2010 19:00;45.60;45.96;45.96;45.60;45.96
23.08.2010 20:00;45.38;45.92;45.92;45.38;45.92
23.08.2010 21:00;45.44;45.94;45.94;45.44;45.94
23.08.2010 22:00;45.45;45.45;45.45;45.45;45.45
23.08.2010 23:00;42.46;42.08;42.08;43.69;42.08
24.08.2010 00:00;42.58;38.88;38.88;43.37;38.88
24.08.2010 01:00;42.29;38.34;38.34;42.89;38.34
24.08.2010 02:00;42.26;37.00;37.00;42.34;37.00
24.08.2010 03:00;42.22;36.86;36.86;42.22;36.86
24.08.2010 04:00;42.27;36.65;36.65;42.98;36.65
24.08.2010 05:00;44.67;36.39;36.39;44.67;36.39
24.08.2010 06:00;44.59;40.57;40.57;44.59;40.57
24.08.2010 07:00;46.14;45.17;45.17;46.14;45.17
24.08.2010 08:00;46.43;46.02;46.02;46.43;46.02
24.08.2010 09:00;46.70;46.41;46.41;46.70;46.41
24.08.2010 10:00;46.75;47.02;47.02;46.75;47.02
24.08.2010 11:00;46.69;46.97;46.97;46.69;46.97
24.08.2010 12:00;46.74;46.94;46.94;46.74;46.94
24.08.2010 13:00;46.72;46.29;46.29;46.72;46.29
24.08.2010 14:00;46.59;45.35;45.35;46.59;45.35
24.08.2010 15:00;46.51;44.75;44.75;46.51;44.75
24.08.2010 16:00;46.10;42.09;42.09;46.10;42.09
24.08.2010 17:00;45.83;44.29;44.29;45.83;44.29
24.08.2010 18:00;46.26;45.11;45.11;46.26;45.11
24.08.2010 19:00;46.49;45.19;45.19;46.49;45.19
24.08.2010 20:00;46.18;45.95;45.95;46.18;45.95
24.08.2010 21:00;46.23;45.98;45.98;46.23;45.98
24.08.2010 22:00;45.57;45.46;45.46;45.57;45.46
24.08.2010 23:00;43.42;40.71;40.71;43.42;40.71
25.08.2010 00:00;42.39;41.98;41.98;42.39;41.98
25.08.2010 01:00;42.08;38.34;38.34;42.08;38.34
25.08.2010 02:00;41.87;36.88;36.88;41.87;36.88
25.08.2010 03:00;41.78;36.77;36.77;41.78;36.77
25.08.2010 04:00;42.52;35.95;35.95;42.95;35.95
25.08.2010 05:00;44.61;36.12;36.12;44.61;36.12
25.08.2010 06:00;44.99;40.28;40.28;44.99;40.28
25.08.2010 07:00;46.94;39.87;39.87;46.94;39.87
25.08.2010 08:00;47.70;44.29;44.29;47.70;44.29
25.08.2010 09:00;48.16;45.10;45.10;48.16;45.10
25.08.2010 10:00;48.41;44.90;44.90;48.41;44.90
25.08.2010 11:00;48.21;44.79;44.79;48.21;44.79
25.08.2010 12:00;47.98;44.67;44.67;47.98;44.67
25.08.2010 13:00;47.78;44.74;44.74;47.78;44.74
25.08.2010 14:00;47.55;44.51;44.51;47.55;44.51
25.08.2010 15:00;47.54;44.22;44.22;47.54;44.22
25.08.2010 16:00;46.72;44.45;44.45;46.72;44.45
25.08.2010 17:00;46.48;44.91;44.91;46.48;44.91
25.08.2010 18:00;46.65;44.88;44.88;46.65;44.88
25.08.2010 19:00;46.64;44.83;44.83;46.64;44.83
25.08.2010 20:00;46.65;45.43;45.43;46.65;45.43
25.08.2010 21:00;46.59;45.84;45.84;46.59;45.84
25.08.2010 22:00;46.55;45.48;45.48;46.55;45.48
25.08.2010 23:00;44.84;45.21;45.21;44.84;45.21
26.08.2010 00:00;44.03;44.03;44.03;44.03;44.03
26.08.2010 01:00;43.23;42.47;42.47;43.23;42.47
26.08.2010 02:00;43.02;40.90;40.90;43.02;40.90
26.08.2010 03:00;42.89;35.63;35.63;42.89;35.63
26.08.2010 04:00;43.47;36.17;36.17;43.47;36.17
26.08.2010 05:00;45.59;43.27;43.27;45.59;43.27
26.08.2010 06:00;46.82;44.59;44.59;46.82;44.59
26.08.2010 07:00;47.54;44.62;44.62;47.54;44.62
26.08.2010 08:00;47.96;45.72;45.72;47.96;45.72
26.08.2010 09:00;48.19;45.88;45.88;48.19;45.88
26.08.2010 10:00;48.43;45.90;45.90;48.43;45.90
26.08.2010 11:00;48.23;45.85;45.85;48.23;45.85
26.08.2010 12:00;47.82;45.90;45.90;47.82;45.90
26.08.2010 13:00;47.89;45.92;45.92;47.89;45.92
26.08.2010 14:00;47.73;45.85;45.85;47.73;45.85
26.08.2010 15:00;47.57;45.54;45.54;47.57;45.54
26.08.2010 16:00;47.49;45.76;45.76;47.49;45.76
26.08.2010 17:00;47.18;45.65;45.65;47.18;45.65
26.08.2010 18:00;47.06;45.55;45.55;47.06;45.55
26.08.2010 19:00;46.97;45.45;45.45;46.97;45.45
26.08.2010 20:00;47.09;45.52;45.52;47.09;45.52
26.08.2010 21:00;47.15;45.60;45.60;47.15;45.60
26.08.2010 22:00;46.89;45.44;45.44;46.89;45.44
26.08.2010 23:00;44.60;43.27;43.27;44.60;43.27
27.08.2010 00:00;44.14;44.14;44.14;44.14;44.14
27.08.2010 01:00;43.59;43.59;43.59;43.59;43.59
27.08.2010 02:00;43.07;42.72;42.72;43.07;42.72
27.08.2010 03:00;42.96;42.61;42.61;42.96;42.61
27.08.2010 04:00;43.13;43.13;43.13;43.13;43.13
27.08.2010 05:00;44.07;43.81;43.81;44.07;43.81
27.08.2010 06:00;47.74;44.73;44.73;47.74;44.73
27.08.2010 07:00;48.63;44.78;44.78;48.63;44.78
27.08.2010 08:00;49.53;45.76;45.76;49.53;45.76
27.08.2010 09:00;49.81;45.91;45.91;49.81;45.91
27.08.2010 10:00;49.64;45.83;45.83;49.64;45.83
27.08.2010 11:00;49.53;45.75;45.75;49.53;45.75
27.08.2010 12:00;49.22;45.52;45.52;49.22;45.52
27.08.2010 13:00;49.00;45.37;45.37;49.00;45.37
27.08.2010 14:00;49.09;45.24;45.24;49.09;45.24
27.08.2010 15:00;48.86;44.96;44.96;48.86;44.96
27.08.2010 16:00;48.61;45.01;45.01;48.61;45.01
27.08.2010 17:00;48.26;44.98;44.98;48.26;44.98
27.08.2010 18:00;48.22;44.91;44.91;48.22;44.91
27.08.2010 19:00;48.25;45.00;45.00;48.25;45.00
27.08.2010 20:00;48.19;45.20;45.20;48.19;45.20
27.08.2010 21:00;47.92;45.39;45.39;47.92;45.39
27.08.2010 22:00;47.99;44.77;44.77;47.99;44.77
27.08.2010 23:00;46.17;44.21;44.21;46.17;44.21
28.08.2010 00:00;44.94;44.94;44.94;44.94;44.94
28.08.2010 01:00;43.76;43.76;43.76;43.76;43.76
28.08.2010 02:00;43.28;43.28;43.28;43.28;43.28
28.08.2010 03:00;43.35;43.35;43.35;43.35;43.35
28.08.2010 04:00;43.23;43.23;43.23;43.23;43.23
28.08.2010 05:00;43.62;43.15;43.15;43.62;43.15
28.08.2010 06:00;44.21;43.17;43.17;45.72;43.17
28.08.2010 07:00;44.12;43.41;43.41;47.40;43.41
28.08.2010 08:00;46.95;44.98;44.98;46.95;44.98
28.08.2010 09:00;48.25;46.71;46.71;48.25;46.71
28.08.2010 10:00;48.39;47.63;47.63;48.39;47.63
28.08.2010 11:00;48.34;47.56;47.56;48.34;47.56
28.08.2010 12:00;47.91;47.49;47.49;47.91;47.49
28.08.2010 13:00;46.10;46.10;46.10;47.27;46.10
28.08.2010 14:00;45.23;43.88;43.88;47.03;43.88
28.08.2010 15:00;45.48;43.35;43.35;46.93;43.35
28.08.2010 16:00;45.72;43.28;43.28;46.95;43.28
28.08.2010 17:00;46.06;45.10;45.10;47.09;45.10
28.08.2010 18:00;46.59;45.97;45.97;47.06;45.97
28.08.2010 19:00;46.55;46.55;46.55;47.22;46.55
28.08.2010 20:00;47.29;47.29;47.29;47.29;47.29
28.08.2010 21:00;46.92;46.92;46.92;47.34;46.92
28.08.2010 22:00;46.05;46.05;46.05;47.35;46.05
28.08.2010 23:00;44.25;44.03;44.03;44.25;44.03
29.08.2010 00:00;44.27;44.27;44.27;44.27;44.27
29.08.2010 01:00;44.08;44.08;44.08;44.08;44.08
29.08.2010 02:00;43.83;43.83;43.83;43.83;43.83
29.08.2010 03:00;43.64;43.64;43.64;43.69;43.64
29.08.2010 04:00;43.36;43.36;43.36;43.59;43.36
29.08.2010 05:00;42.79;42.70;42.70;43.46;42.70
29.08.2010 06:00;43.09;43.09;43.09;43.41;43.09
29.08.2010 07:00;44.03;43.87;43.87;46.21;43.87
29.08.2010 08:00;45.04;44.42;44.42;46.26;44.42
29.08.2010 09:00;45.07;45.07;45.07;47.04;45.07
29.08.2010 10:00;45.72;45.66;45.66;47.27;45.66
29.08.2010 11:00;46.90;45.85;45.85;47.40;45.85
29.08.2010 12:00;46.30;45.81;45.81;47.46;45.81
29.08.2010 13:00;45.93;45.64;45.64;47.48;45.64
29.08.2010 14:00;45.55;45.55;45.55;47.25;45.55
29.08.2010 15:00;45.39;45.39;45.39;47.33;45.39
29.08.2010 16:00;45.51;45.51;45.51;47.36;45.51
29.08.2010 17:00;45.91;45.91;45.91;47.33;45.91
29.08.2010 18:00;45.99;45.99;45.99;47.40;45.99
29.08.2010 19:00;46.16;46.16;46.16;47.59;46.16
29.08.2010 20:00;48.03;46.96;46.96;48.03;46.96
29.08.2010 21:00;46.42;46.42;46.42;47.92;46.42
29.08.2010 22:00;45.48;45.48;45.48;47.82;45.48
29.08.2010 23:00;45.13;43.12;43.12;47.31;43.12
30.08.2010 00:00;45.10;45.10;45.10;45.10;45.10
30.08.2010 01:00;44.83;44.83;44.83;44.83;44.83
30.08.2010 02:00;44.45;44.45;44.45;44.45;44.45
30.08.2010 03:00;44.56;44.56;44.56;44.56;44.56
30.08.2010 04:00;44.99;44.99;44.99;44.99;44.99
30.08.2010 05:00;45.50;45.28;45.28;47.30;45.28
30.08.2010 06:00;48.90;46.36;46.36;48.90;46.36
30.08.2010 07:00;49.66;47.27;47.27;49.66;47.27
30.08.2010 08:00;49.95;47.86;47.86;49.95;47.86
30.08.2010 09:00;50.16;47.92;47.92;50.16;47.92
30.08.2010 10:00;50.29;47.91;47.91;50.29;47.91
30.08.2010 11:00;50.18;47.80;47.80;50.18;47.80
30.08.2010 12:00;49.89;47.75;47.75;49.89;47.75
30.08.2010 13:00;49.76;47.70;47.70;49.76;47.70
30.08.2010 14:00;49.73;47.67;47.67;49.73;47.67
30.08.2010 15:00;49.74;47.59;47.59;49.74;47.59
30.08.2010 16:00;49.58;47.70;47.70;49.58;47.70
30.08.2010 17:00;49.46;47.62;47.62;49.46;47.62
30.08.2010 18:00;49.35;47.65;47.65;49.35;47.65
30.08.2010 19:00;49.23;47.64;47.64;49.23;47.64
30.08.2010 20:00;49.16;47.70;47.70;49.16;47.70
30.08.2010 21:00;49.16;47.72;47.72;49.16;47.72
30.08.2010 22:00;49.02;47.08;47.08;49.02;47.08
30.08.2010 23:00;46.33;46.33;46.33;46.33;46.33
31.08.2010 00:00;46.21;46.21;46.21;46.21;46.21
31.08.2010 01:00;46.04;46.04;46.04;46.04;46.04
31.08.2010 02:00;45.98;45.98;45.98;45.98;45.98
31.08.2010 03:00;45.97;45.97;45.97;45.97;45.97
31.08.2010 04:00;46.04;46.04;46.04;46.04;46.04
31.08.2010 05:00;46.52;46.52;46.52;46.52;46.52
31.08.2010 06:00;49.88;47.62;47.62;49.88;47.62
31.08.2010 07:00;50.96;48.21;48.21;50.96;48.21
31.08.2010 08:00;51.46;48.43;48.43;51.46;48.43
31.08.2010 09:00;51.65;48.43;48.43;51.65;48.43
31.08.2010 10:00;51.57;48.37;48.37;51.57;48.37
31.08.2010 11:00;51.61;48.24;48.24;51.61;48.24
31.08.2010 12:00;51.50;48.13;48.13;51.50;48.13
31.08.2010 13:00;51.49;48.08;48.08;51.49;48.08
31.08.2010 14:00;51.72;48.49;48.49;51.72;48.49
31.08.2010 15:00;51.74;48.46;48.46;51.74;48.46
31.08.2010 16:00;51.51;48.72;48.72;51.51;48.72
31.08.2010 17:00;51.27;48.62;48.62;51.27;48.62
31.08.2010 18:00;51.22;48.50;48.50;51.22;48.50
31.08.2010 19:00;51.26;48.51;48.51;51.26;48.51
31.08.2010 20:00;51.49;48.59;48.59;51.49;48.59
31.08.2010 21:00;51.26;48.28;48.28;51.26;48.28
31.08.2010 22:00;49.09;47.07;47.07;49.68;47.07
31.08.2010 23:00;46.22;46.13;46.13;48.77;46.13
01.09.2010 00:00;47.12;46.25;46.25;47.12;46.25
01.09.2010 01:00;47.04;45.91;45.91;48.04;45.91
01.09.2010 02:00;46.87;45.82;45.82;47.36;45.82
01.09.2010 03:00;46.71;45.93;45.93;47.29;45.93
01.09.2010 04:00;46.64;46.23;46.23;46.89;46.23
01.09.2010 05:00;46.81;46.60;46.60;47.18;46.60
01.09.2010 06:00;50.29;47.09;47.09;50.29;47.09
01.09.2010 07:00;52.52;48.15;48.15;52.52;48.15
01.09.2010 08:00;52.98;48.92;48.92;52.98;48.92
01.09.2010 09:00;53.19;48.89;48.89;53.19;48.89
01.09.2010 10:00;51.92;48.83;48.83;51.92;48.83
01.09.2010 11:00;51.82;48.55;48.55;51.82;48.55
01.09.2010 12:00;51.75;48.68;48.68;51.75;48.68
01.09.2010 13:00;51.73;48.63;48.63;51.73;48.63
01.09.2010 14:00;51.56;48.52;48.52;51.56;48.52
01.09.2010 15:00;51.62;48.43;48.43;51.62;48.43
01.09.2010 16:00;51.44;48.07;48.07;51.44;48.07
01.09.2010 17:00;51.00;48.60;48.60;51.00;48.60
01.09.2010 18:00;50.50;50.05;50.05;50.50;50.05
01.09.2010 19:00;51.08;50.09;50.09;51.08;50.09
01.09.2010 20:00;51.83;51.16;51.16;51.83;51.16
01.09.2010 21:00;51.05;49.84;49.84;51.05;49.84
01.09.2010 22:00;48.90;48.68;48.68;50.52;48.68
01.09.2010 23:00;47.33;46.77;46.77;48.80;46.77
02.09.2010 00:00;47.02;46.57;46.57;49.42;46.57
02.09.2010 01:00;46.78;46.28;46.28;48.88;46.28
02.09.2010 02:00;46.57;46.08;46.08;48.73;46.08
02.09.2010 03:00;46.49;46.07;46.07;48.68;46.07
02.09.2010 04:00;46.53;46.53;46.53;48.72;46.53
02.09.2010 05:00;47.41;47.41;47.41;48.89;47.41
02.09.2010 06:00;50.59;50.59;50.59;50.59;50.59
02.09.2010 07:00;51.58;49.95;49.95;55.09;49.95
02.09.2010 08:00;51.98;50.24;50.24;56.24;50.24
02.09.2010 09:00;52.88;50.13;50.13;55.16;50.13
02.09.2010 10:00;53.06;50.03;50.03;56.02;50.03
02.09.2010 11:00;52.28;49.81;49.81;54.75;49.81
02.09.2010 12:00;51.88;49.89;49.89;53.74;49.89
02.09.2010 13:00;51.77;49.89;49.89;53.49;49.89
02.09.2010 14:00;51.79;49.86;49.86;53.27;49.86
02.09.2010 15:00;50.75;50.05;50.05;53.30;50.05
02.09.2010 16:00;50.03;50.03;50.03;52.58;50.03
02.09.2010 17:00;50.27;50.27;50.27;52.05;50.27
02.09.2010 18:00;50.46;50.37;50.37;50.49;50.37
02.09.2010 19:00;51.17;50.39;50.39;51.17;50.39
02.09.2010 20:00;53.74;50.52;50.52;53.74;50.52
02.09.2010 21:00;51.19;51.19;51.19;51.19;51.19
02.09.2010 22:00;49.21;49.21;49.21;49.58;49.21
02.09.2010 23:00;47.34;46.32;46.32;49.41;46.32
03.09.2010 00:00;47.48;47.48;47.48;48.50;47.48
03.09.2010 01:00;47.03;46.72;46.72;48.10;46.72
03.09.2010 02:00;46.88;46.66;46.66;47.81;46.66
03.09.2010 03:00;46.71;46.68;46.68;47.71;46.68
03.09.2010 04:00;47.26;47.26;47.26;47.95;47.26
03.09.2010 05:00;48.36;48.36;48.36;48.36;48.36
03.09.2010 06:00;49.35;49.35;49.35;49.35;49.35
03.09.2010 07:00;51.10;50.39;50.39;51.10;50.39
03.09.2010 08:00;51.31;50.64;50.64;51.72;50.64
03.09.2010 09:00;51.45;50.55;50.55;51.89;50.55
03.09.2010 10:00;51.41;50.49;50.49;51.81;50.49
03.09.2010 11:00;51.32;50.34;50.34;51.62;50.34
03.09.2010 12:00;51.24;50.34;50.34;51.45;50.34
03.09.2010 13:00;51.01;50.18;50.18;51.37;50.18
03.09.2010 14:00;50.92;50.04;50.04;51.60;50.04
03.09.2010 15:00;50.45;49.97;49.97;51.32;49.97
03.09.2010 16:00;49.01;49.01;49.01;51.19;49.01
03.09.2010 17:00;49.37;49.37;49.37;49.37;49.37
03.09.2010 18:00;49.83;49.83;49.83;49.83;49.83
03.09.2010 19:00;50.98;50.00;50.00;50.98;50.00
03.09.2010 20:00;51.47;50.96;50.96;51.47;50.96
03.09.2010 21:00;50.08;50.08;50.08;50.08;50.08
03.09.2010 22:00;49.73;49.73;49.73;49.90;49.73
03.09.2010 23:00;47.99;47.99;47.99;49.37;47.99
04.09.2010 00:00;48.17;48.17;48.17;49.53;48.17
04.09.2010 01:00;47.84;47.84;47.84;49.27;47.84
04.09.2010 02:00;47.71;47.71;47.71;49.19;47.71
04.09.2010 03:00;47.12;46.89;46.89;49.13;46.89
04.09.2010 04:00;47.13;47.13;47.13;49.17;47.13
04.09.2010 05:00;47.43;47.43;47.43;49.17;47.43
04.09.2010 06:00;48.12;48.12;48.12;49.31;48.12
04.09.2010 07:00;48.88;48.88;48.88;49.16;48.88
04.09.2010 08:00;49.69;49.69;49.69;50.25;49.69
04.09.2010 09:00;50.74;50.74;50.74;51.09;50.74
04.09.2010 10:00;51.38;51.07;51.07;54.45;51.07
04.09.2010 11:00;51.61;51.23;51.23;53.89;51.23
04.09.2010 12:00;51.26;50.96;50.96;52.60;50.96
04.09.2010 13:00;50.71;50.41;50.41;51.88;50.41
04.09.2010 14:00;49.22;49.22;49.22;51.68;49.22
04.09.2010 15:00;49.15;49.15;49.15;51.54;49.15
04.09.2010 16:00;49.59;49.59;49.59;51.57;49.59
04.09.2010 17:00;50.13;50.13;50.13;51.72;50.13
04.09.2010 18:00;50.08;50.08;50.08;51.99;50.08
04.09.2010 19:00;50.22;50.22;50.22;53.26;50.22
04.09.2010 20:00;50.97;50.65;50.65;51.25;50.65
04.09.2010 21:00;49.90;49.90;49.90;51.17;49.90
04.09.2010 22:00;48.98;48.98;48.98;51.16;48.98
04.09.2010 23:00;48.16;48.16;48.16;49.69;48.16
05.09.2010 00:00;47.71;47.71;47.71;50.29;47.71
05.09.2010 01:00;47.36;47.36;47.36;49.97;47.36
05.09.2010 02:00;46.94;46.94;46.94;49.88;46.94
05.09.2010 03:00;46.85;46.85;46.85;49.80;46.85
05.09.2010 04:00;46.85;46.85;46.85;49.81;46.85
05.09.2010 05:00;46.85;46.85;46.85;49.79;46.85
05.09.2010 06:00;47.21;47.21;47.21;49.94;47.21
05.09.2010 07:00;47.61;47.61;47.61;49.83;47.61
05.09.2010 08:00;47.83;47.83;47.83;51.59;47.83
05.09.2010 09:00;48.95;48.95;48.95;51.97;48.95
05.09.2010 10:00;49.87;49.87;49.87;54.43;49.87
05.09.2010 11:00;50.63;50.56;50.56;54.12;50.56
05.09.2010 12:00;50.73;50.58;50.58;53.57;50.58
05.09.2010 13:00;49.52;49.52;49.52;52.99;49.52
05.09.2010 14:00;49.29;49.29;49.29;52.68;49.29
05.09.2010 15:00;49.44;49.44;49.44;52.84;49.44
05.09.2010 16:00;49.28;49.28;49.28;52.55;49.28
05.09.2010 17:00;50.01;50.01;50.01;51.98;50.01
05.09.2010 18:00;50.12;50.12;50.12;53.75;50.12
05.09.2010 19:00;50.89;50.37;50.37;50.89;50.37
05.09.2010 20:00;52.98;51.22;51.22;52.98;51.22
05.09.2010 21:00;51.23;50.87;50.87;51.23;50.87
05.09.2010 22:00;49.92;49.92;49.92;49.92;49.92
05.09.2010 23:00;48.16;48.16;48.16;48.16;48.16
06.09.2010 00:00;47.80;47.80;47.80;47.80;47.80
06.09.2010 01:00;47.29;47.29;47.29;47.29;47.29
06.09.2010 02:00;47.26;47.26;47.26;47.26;47.26
06.09.2010 03:00;47.36;47.36;47.36;47.36;47.36
06.09.2010 04:00;47.99;47.99;47.99;47.99;47.99
06.09.2010 05:00;49.50;49.50;49.50;49.50;49.50
06.09.2010 06:00;53.77;50.92;50.92;53.77;50.92
06.09.2010 07:00;55.74;51.34;51.34;57.48;51.34
06.09.2010 08:00;52.95;51.24;51.24;58.67;51.24
06.09.2010 09:00;53.58;51.15;51.15;58.59;51.15
06.09.2010 10:00;54.45;51.07;51.07;58.56;51.07
06.09.2010 11:00;54.03;51.03;51.03;58.62;51.03
06.09.2010 12:00;53.45;51.07;51.07;55.24;51.07
06.09.2010 13:00;53.19;51.03;51.03;54.64;51.03
06.09.2010 14:00;52.97;50.47;50.47;53.95;50.47
06.09.2010 15:00;52.92;50.41;50.41;53.49;50.41
06.09.2010 16:00;52.49;50.46;50.46;52.63;50.46
06.09.2010 17:00;52.49;50.63;50.63;52.81;50.63
06.09.2010 18:00;52.41;50.43;50.43;52.46;50.43
06.09.2010 19:00;52.41;50.95;50.95;53.58;50.95
06.09.2010 20:00;52.44;51.03;51.03;54.96;51.03
06.09.2010 21:00;52.48;50.67;50.67;53.11;50.67
06.09.2010 22:00;51.13;50.30;50.30;51.13;50.30
06.09.2010 23:00;48.49;48.49;48.49;48.49;48.49
07.09.2010 00:00;48.12;49.02;49.02;48.12;49.02
07.09.2010 01:00;47.91;48.59;48.59;47.91;48.59
07.09.2010 02:00;47.71;48.22;48.22;47.71;48.22
07.09.2010 03:00;47.70;48.20;48.20;47.70;48.20
07.09.2010 04:00;48.48;48.48;48.48;48.48;48.48
07.09.2010 05:00;49.33;49.33;49.33;49.33;49.33
07.09.2010 06:00;50.90;49.18;49.18;50.90;49.18
07.09.2010 07:00;51.71;48.57;48.57;53.49;48.57
07.09.2010 08:00;51.78;49.40;49.40;55.63;49.40
07.09.2010 09:00;51.83;49.36;49.36;55.24;49.36
07.09.2010 10:00;51.83;49.07;49.07;55.16;49.07
07.09.2010 11:00;51.78;48.71;48.71;54.89;48.71
07.09.2010 12:00;51.72;49.41;49.41;53.51;49.41
07.09.2010 13:00;51.70;49.19;49.19;53.13;49.19
07.09.2010 14:00;51.72;49.51;49.51;52.50;49.51
07.09.2010 15:00;51.80;49.61;49.61;51.88;49.61
07.09.2010 16:00;51.62;49.63;49.63;51.62;49.63
07.09.2010 17:00;51.57;49.54;49.54;51.57;49.54
07.09.2010 18:00;51.54;49.40;49.40;51.54;49.40
07.09.2010 19:00;51.83;49.46;49.46;52.82;49.46
07.09.2010 20:00;51.87;49.64;49.64;53.64;49.64
07.09.2010 21:00;51.85;49.64;49.64;51.85;49.64
07.09.2010 22:00;49.51;49.45;49.45;49.51;49.45
07.09.2010 23:00;47.51;48.40;48.40;47.51;48.40
08.09.2010 00:00;45.97;48.58;48.58;45.97;48.58
08.09.2010 01:00;45.10;48.09;48.09;45.10;48.09
08.09.2010 02:00;44.95;47.57;47.57;44.95;47.57
08.09.2010 03:00;44.73;47.50;47.50;44.73;47.50
08.09.2010 04:00;45.97;48.05;48.05;45.97;48.05
08.09.2010 05:00;48.02;48.85;48.85;48.02;48.85
08.09.2010 06:00;50.02;49.19;49.19;50.02;49.19
08.09.2010 07:00;53.17;49.88;49.88;53.17;49.88
08.09.2010 08:00;53.75;50.74;50.74;53.75;50.74
08.09.2010 09:00;52.74;49.98;49.98;52.74;49.98
08.09.2010 10:00;52.30;49.88;49.88;52.30;49.88
08.09.2010 11:00;52.05;50.22;50.22;52.05;50.22
08.09.2010 12:00;51.86;49.87;49.87;51.86;49.87
08.09.2010 13:00;51.86;49.80;49.80;51.86;49.80
08.09.2010 14:00;51.70;49.84;49.84;51.70;49.84
08.09.2010 15:00;51.75;49.25;49.25;51.75;49.25
08.09.2010 16:00;51.55;49.42;49.42;51.55;49.42
08.09.2010 17:00;51.92;49.35;49.35;51.92;49.35
08.09.2010 18:00;51.85;49.41;49.41;51.85;49.41
08.09.2010 19:00;52.52;49.52;49.52;52.52;49.52
08.09.2010 20:00;55.22;50.15;50.15;55.22;50.15
08.09.2010 21:00;51.53;49.84;49.84;51.53;49.84
08.09.2010 22:00;49.48;49.48;49.48;49.48;49.48
08.09.2010 23:00;46.74;48.79;48.79;46.74;48.79
09.09.2010 00:00;46.51;49.15;49.15;46.51;49.15
09.09.2010 01:00;45.98;49.02;49.02;45.98;49.02
09.09.2010 02:00;45.53;48.93;48.93;45.53;48.93
09.09.2010 03:00;45.54;48.92;48.92;45.54;48.92
09.09.2010 04:00;46.76;48.99;48.99;46.76;48.99
09.09.2010 05:00;49.14;49.14;49.14;49.14;49.14
09.09.2010 06:00;50.42;49.53;49.53;50.42;49.53
09.09.2010 07:00;52.04;50.07;50.07;52.04;50.07
09.09.2010 08:00;52.55;50.38;50.38;52.55;50.38
09.09.2010 09:00;52.41;50.29;50.29;52.41;50.29
09.09.2010 10:00;53.02;50.21;50.21;53.02;50.21
09.09.2010 11:00;52.91;50.14;50.14;54.38;50.14
09.09.2010 12:00;52.49;50.06;50.06;52.49;50.06
09.09.2010 13:00;52.43;50.00;50.00;52.43;50.00
09.09.2010 14:00;51.97;50.11;50.11;51.97;50.11
09.09.2010 15:00;52.08;50.04;50.04;52.08;50.04
09.09.2010 16:00;51.53;49.83;49.83;51.53;49.83
09.09.2010 17:00;51.66;49.99;49.99;51.66;49.99
09.09.2010 18:00;51.86;49.94;49.94;51.86;49.94
09.09.2010 19:00;52.61;49.76;49.76;53.22;49.76
09.09.2010 20:00;52.92;49.93;49.93;55.91;49.93
09.09.2010 21:00;51.45;49.96;49.96;51.45;49.96
09.09.2010 22:00;49.53;49.53;49.53;49.53;49.53
09.09.2010 23:00;48.09;48.09;48.09;48.09;48.09
10.09.2010 00:00;47.82;47.82;47.82;47.82;47.82
10.09.2010 01:00;47.41;47.41;47.41;47.41;47.41
10.09.2010 02:00;47.15;47.15;47.15;47.15;47.15
10.09.2010 03:00;47.17;47.17;47.17;47.17;47.17
10.09.2010 04:00;47.94;47.94;47.94;47.94;47.94
10.09.2010 05:00;48.85;48.82;48.82;48.85;48.82
10.09.2010 06:00;50.96;49.40;49.40;50.96;49.40
10.09.2010 07:00;53.49;50.28;50.28;53.95;50.28
10.09.2010 08:00;54.64;51.06;51.06;56.72;51.06
10.09.2010 09:00;54.64;50.77;50.77;57.79;50.77
10.09.2010 10:00;54.43;50.45;50.45;56.21;50.45
10.09.2010 11:00;54.27;50.27;50.27;56.21;50.27
10.09.2010 12:00;53.89;49.93;49.93;53.89;49.93
10.09.2010 13:00;52.00;49.98;49.98;52.00;49.98
10.09.2010 14:00;51.30;49.96;49.96;51.30;49.96
10.09.2010 15:00;50.75;49.32;49.32;50.75;49.32
10.09.2010 16:00;50.57;49.05;49.05;50.57;49.05
10.09.2010 17:00;50.54;49.09;49.09;50.54;49.09
10.09.2010 18:00;50.54;48.84;48.84;50.54;48.84
10.09.2010 19:00;51.79;48.98;48.98;51.94;48.98
10.09.2010 20:00;52.92;50.07;50.07;52.92;50.07
10.09.2010 21:00;49.75;48.63;48.63;49.75;48.63
10.09.2010 22:00;47.95;47.95;47.95;47.95;47.95
10.09.2010 23:00;46.67;46.67;46.67;46.67;46.67
11.09.2010 00:00;46.64;46.64;46.64;46.64;46.64
11.09.2010 01:00;46.04;46.04;46.04;46.04;46.04
11.09.2010 02:00;45.96;45.96;45.96;45.96;45.96
11.09.2010 03:00;45.65;45.65;45.65;45.65;45.65
11.09.2010 04:00;45.50;45.50;45.50;45.50;45.50
11.09.2010 05:00;45.92;45.92;45.92;45.92;45.92
11.09.2010 06:00;46.12;46.12;46.12;46.12;46.12
11.09.2010 07:00;47.00;46.61;46.61;47.00;46.61
11.09.2010 08:00;48.00;47.52;47.52;48.00;47.52
11.09.2010 09:00;48.06;48.06;48.06;48.06;48.06
11.09.2010 10:00;48.74;48.31;48.31;48.74;48.31
11.09.2010 11:00;49.30;48.51;48.51;49.30;48.51
11.09.2010 12:00;48.40;48.26;48.26;48.40;48.26
11.09.2010 13:00;48.06;47.57;47.57;48.06;47.57
11.09.2010 14:00;47.64;47.27;47.27;47.64;47.27
11.09.2010 15:00;47.65;46.69;46.69;47.65;46.69
11.09.2010 16:00;47.76;46.55;46.55;47.76;46.55
11.09.2010 17:00;48.35;46.60;46.60;48.35;46.60
11.09.2010 18:00;48.89;47.74;47.74;48.89;47.74
11.09.2010 19:00;49.76;48.75;48.75;49.76;48.75
11.09.2010 20:00;51.16;49.53;49.53;51.16;49.53
11.09.2010 21:00;48.63;48.63;48.63;48.63;48.63
11.09.2010 22:00;47.83;47.83;47.83;47.83;47.83
11.09.2010 23:00;45.84;45.84;45.84;45.84;45.84
12.09.2010 00:00;45.76;46.16;46.16;45.76;46.16
12.09.2010 01:00;45.57;45.57;45.57;45.57;45.57
12.09.2010 02:00;45.20;45.20;45.20;45.20;45.20
12.09.2010 03:00;45.01;45.01;45.01;45.01;45.01
12.09.2010 04:00;45.11;45.11;45.11;45.11;45.11
12.09.2010 05:00;45.42;45.42;45.42;45.42;45.42
12.09.2010 06:00;45.60;45.60;45.60;45.60;45.60
12.09.2010 07:00;45.86;45.86;45.86;45.86;45.86
12.09.2010 08:00;46.85;46.85;46.85;46.85;46.85
12.09.2010 09:00;47.58;47.58;47.58;47.58;47.58
12.09.2010 10:00;48.59;47.68;47.68;48.59;47.68
12.09.2010 11:00;49.63;47.70;47.70;49.63;47.70
12.09.2010 12:00;49.68;47.58;47.58;49.68;47.58
12.09.2010 13:00;49.42;47.59;47.59;49.42;47.59
12.09.2010 14:00;49.36;47.67;47.67;49.36;47.67
12.09.2010 15:00;49.14;47.59;47.59;49.14;47.59
12.09.2010 16:00;49.64;47.63;47.63;49.64;47.63
12.09.2010 17:00;49.99;47.77;47.77;49.99;47.77
12.09.2010 18:00;50.62;47.77;47.77;50.62;47.77
12.09.2010 19:00;51.63;48.38;48.38;51.63;48.38
12.09.2010 20:00;54.08;50.05;50.05;54.08;50.05
12.09.2010 21:00;50.87;49.88;49.88;50.87;49.88
12.09.2010 22:00;49.50;49.50;49.50;49.50;49.50
12.09.2010 23:00;48.27;48.27;48.27;48.27;48.27
13.09.2010 00:00;47.70;47.47;47.47;47.70;47.47
13.09.2010 01:00;46.82;46.80;46.80;46.82;46.80
13.09.2010 02:00;46.53;46.35;46.35;46.53;46.35
13.09.2010 03:00;46.75;46.41;46.41;46.75;46.41
13.09.2010 04:00;48.12;46.32;46.32;48.12;46.32
13.09.2010 05:00;49.87;47.84;47.84;49.87;47.84
13.09.2010 06:00;52.48;48.31;48.31;52.48;48.31
13.09.2010 07:00;58.26;49.28;49.28;58.26;49.28
13.09.2010 08:00;61.89;50.48;50.48;61.89;50.48
13.09.2010 09:00;63.24;50.28;50.28;63.24;50.28
13.09.2010 10:00;64.47;50.25;50.25;64.47;50.25
13.09.2010 11:00;66.15;49.96;49.96;66.15;49.96
13.09.2010 12:00;62.70;49.96;49.96;62.70;49.96
13.09.2010 13:00;60.98;49.94;49.94;60.98;49.94
13.09.2010 14:00;58.47;50.14;50.14;58.47;50.14
13.09.2010 15:00;57.26;49.82;49.82;57.26;49.82
13.09.2010 16:00;55.75;49.98;49.98;55.75;49.98
13.09.2010 17:00;55.57;50.03;50.03;55.57;50.03
13.09.2010 18:00;55.78;50.28;50.28;55.78;50.28
13.09.2010 19:00;57.34;49.95;49.95;57.34;49.95
13.09.2010 20:00;58.18;50.07;50.07;58.18;50.07
13.09.2010 21:00;52.42;49.29;49.29;52.42;49.29
13.09.2010 22:00;50.55;47.98;47.98;50.55;47.98
13.09.2010 23:00;47.43;45.61;45.61;47.43;45.61
14.09.2010 00:00;47.67;45.61;45.61;47.67;45.61
14.09.2010 01:00;47.16;44.39;44.39;47.16;44.39
14.09.2010 02:00;46.54;43.27;43.27;46.54;43.27
14.09.2010 03:00;46.47;42.93;42.93;46.47;42.93
14.09.2010 04:00;47.57;43.22;43.22;47.57;43.22
14.09.2010 05:00;48.51;44.78;44.78;48.51;44.78
14.09.2010 06:00;50.48;47.45;47.45;50.48;47.45
14.09.2010 07:00;52.97;48.44;48.44;52.97;48.44
14.09.2010 08:00;53.16;49.08;49.08;53.16;49.08
14.09.2010 09:00;52.47;49.63;49.63;52.47;49.63
14.09.2010 10:00;52.66;49.63;49.63;52.66;49.63
14.09.2010 11:00;54.21;49.51;49.51;54.21;49.51
14.09.2010 12:00;53.51;49.52;49.52;53.51;49.52
14.09.2010 13:00;52.78;49.58;49.58;52.78;49.58
14.09.2010 14:00;52.12;49.40;49.40;52.12;49.40
14.09.2010 15:00;52.10;48.52;48.52;52.10;48.52
14.09.2010 16:00;51.57;48.19;48.19;51.57;48.19
14.09.2010 17:00;51.52;47.96;47.96;51.52;47.96
14.09.2010 18:00;51.74;48.25;48.25;51.74;48.25
14.09.2010 19:00;53.67;48.55;48.55;53.67;48.55
14.09.2010 20:00;54.00;48.79;48.79;54.00;48.79
14.09.2010 21:00;50.88;47.59;47.59;50.88;47.59
14.09.2010 22:00;49.28;46.00;46.00;49.28;46.00
14.09.2010 23:00;46.79;45.30;45.30;46.79;45.30
15.09.2010 00:00;46.18;45.85;45.85;46.18;45.85
15.09.2010 01:00;45.33;45.33;45.33;45.33;45.33
15.09.2010 02:00;45.03;45.03;45.03;45.03;45.03
15.09.2010 03:00;44.87;44.87;44.87;44.87;44.87
15.09.2010 04:00;46.20;45.18;45.18;46.20;45.18
15.09.2010 05:00;47.84;45.83;45.83;47.84;45.83
15.09.2010 06:00;50.14;47.38;47.38;50.14;47.38
15.09.2010 07:00;53.04;48.51;48.51;53.04;48.51
15.09.2010 08:00;55.15;49.11;49.11;55.15;49.11
15.09.2010 09:00;55.02;48.94;48.94;55.02;48.94
15.09.2010 10:00;55.31;48.68;48.68;55.31;48.68
15.09.2010 11:00;55.67;48.48;48.48;55.67;48.48
15.09.2010 12:00;53.12;48.39;48.39;53.12;48.39
15.09.2010 13:00;52.34;48.53;48.53;52.34;48.53
15.09.2010 14:00;51.76;48.45;48.45;51.76;48.45
15.09.2010 15:00;51.83;47.87;47.87;51.83;47.87
15.09.2010 16:00;51.49;47.70;47.70;51.49;47.70
15.09.2010 17:00;51.53;48.00;48.00;51.53;48.00
15.09.2010 18:00;51.47;48.62;48.62;51.47;48.62
15.09.2010 19:00;53.00;48.58;48.58;53.00;48.58
15.09.2010 20:00;53.21;48.83;48.83;53.21;48.83
15.09.2010 21:00;50.78;47.95;47.95;50.78;47.95
15.09.2010 22:00;49.08;46.43;46.43;49.08;46.43
15.09.2010 23:00;47.08;45.01;45.01;47.08;45.01
16.09.2010 00:00;47.05;44.36;44.36;47.05;44.36
16.09.2010 01:00;46.35;43.45;43.45;46.35;43.45
16.09.2010 02:00;45.97;43.58;43.58;45.97;43.58
16.09.2010 03:00;46.44;43.89;43.89;46.44;43.89
16.09.2010 04:00;47.64;44.47;44.47;47.64;44.47
16.09.2010 05:00;48.04;46.35;46.35;48.04;46.35
16.09.2010 06:00;50.32;47.57;47.57;50.32;47.57
16.09.2010 07:00;53.83;49.28;49.28;53.83;49.28
16.09.2010 08:00;55.82;50.13;50.13;55.82;50.13
16.09.2010 09:00;54.01;49.96;49.96;54.01;49.96
16.09.2010 10:00;55.07;49.14;49.14;55.07;49.14
16.09.2010 11:00;55.08;48.81;48.81;55.08;48.81
16.09.2010 12:00;53.40;49.44;49.44;53.40;49.44
16.09.2010 13:00;53.95;49.51;49.51;53.95;49.51
16.09.2010 14:00;53.41;49.30;49.30;53.41;49.30
16.09.2010 15:00;52.90;48.61;48.61;52.90;48.61
16.09.2010 16:00;51.97;48.02;48.02;51.97;48.02
16.09.2010 17:00;51.89;49.11;49.11;51.89;49.11
16.09.2010 18:00;53.05;49.35;49.35;53.05;49.35
16.09.2010 19:00;57.48;49.48;49.48;57.48;49.48
16.09.2010 20:00;58.46;49.71;49.71;58.46;49.71
16.09.2010 21:00;52.36;49.57;49.57;52.36;49.57
16.09.2010 22:00;49.94;48.05;48.05;49.94;48.05
16.09.2010 23:00;47.91;46.02;46.02;47.91;46.02
17.09.2010 00:00;47.54;46.98;46.98;47.54;46.98
17.09.2010 01:00;47.18;46.44;46.44;47.18;46.44
17.09.2010 02:00;46.41;46.18;46.18;46.41;46.18
17.09.2010 03:00;46.73;46.14;46.14;46.73;46.14
17.09.2010 04:00;47.97;46.09;46.09;47.97;46.09
17.09.2010 05:00;50.06;47.20;47.20;50.06;47.20
17.09.2010 06:00;52.11;48.74;48.74;52.11;48.74
17.09.2010 07:00;55.29;49.79;49.79;55.29;49.79
17.09.2010 08:00;60.70;49.69;49.69;60.70;49.69
17.09.2010 09:00;58.45;49.52;49.52;58.45;49.52
17.09.2010 10:00;57.64;49.57;49.57;57.64;49.57
17.09.2010 11:00;55.74;49.54;49.54;55.74;49.54
17.09.2010 12:00;53.99;49.19;49.19;53.99;49.19
17.09.2010 13:00;53.10;48.12;48.12;53.10;48.12
17.09.2010 14:00;52.63;47.37;47.37;52.63;47.37
17.09.2010 15:00;50.86;47.96;47.96;50.86;47.96
17.09.2010 16:00;49.60;48.53;48.53;49.60;48.53
17.09.2010 17:00;49.76;48.60;48.60;49.76;48.60
17.09.2010 18:00;49.94;49.29;49.29;49.94;49.29
17.09.2010 19:00;51.82;49.96;49.96;51.82;49.96
17.09.2010 20:00;51.44;49.60;49.60;51.44;49.60
17.09.2010 21:00;48.82;48.24;48.24;48.82;48.24
17.09.2010 22:00;47.75;47.56;47.56;47.75;47.56
17.09.2010 23:00;47.21;47.21;47.21;47.21;47.21
18.09.2010 00:00;47.38;47.38;47.38;47.38;47.38
18.09.2010 01:00;47.13;47.13;47.16;47.13;47.13
18.09.2010 02:00;46.79;46.79;47.15;46.79;46.79
18.09.2010 03:00;46.54;46.54;47.14;46.54;46.54
18.09.2010 04:00;46.56;46.56;47.12;46.56;46.56
18.09.2010 05:00;46.89;46.89;47.13;46.89;46.89
18.09.2010 06:00;46.96;46.96;47.15;46.96;46.96
18.09.2010 07:00;47.39;47.39;47.39;47.39;47.39
18.09.2010 08:00;47.58;47.58;47.58;47.58;47.58
18.09.2010 09:00;48.56;48.56;48.56;48.56;48.56
18.09.2010 10:00;49.03;49.03;49.03;49.03;49.03
18.09.2010 11:00;49.07;49.07;49.07;49.07;49.07
18.09.2010 12:00;48.83;48.83;48.83;48.83;48.83
18.09.2010 13:00;48.01;48.01;48.01;48.13;48.01
18.09.2010 14:00;47.83;47.83;47.83;48.00;47.83
18.09.2010 15:00;47.74;47.74;47.74;47.76;47.74
18.09.2010 16:00;47.86;47.86;47.86;47.86;47.86
18.09.2010 17:00;48.30;48.30;48.30;48.30;48.30
18.09.2010 18:00;48.94;48.94;48.94;48.94;48.94
18.09.2010 19:00;51.03;50.16;50.16;51.03;50.16
18.09.2010 20:00;51.97;50.98;50.98;51.97;50.98
18.09.2010 21:00;49.00;49.00;49.00;49.00;49.00
18.09.2010 22:00;47.93;47.93;47.93;47.93;47.93
18.09.2010 23:00;47.14;47.14;47.14;47.14;47.14
19.09.2010 00:00;46.99;46.99;47.10;46.99;46.99
19.09.2010 01:00;46.07;46.07;46.34;46.07;46.07
19.09.2010 02:00;45.33;45.33;45.33;45.33;45.33
19.09.2010 03:00;45.02;45.02;45.02;45.02;45.02
19.09.2010 04:00;45.14;45.14;45.14;45.14;45.14
19.09.2010 05:00;45.89;45.89;45.89;45.89;45.89
19.09.2010 06:00;46.08;46.08;46.08;46.08;46.08
19.09.2010 07:00;46.55;46.55;46.55;46.55;46.55
19.09.2010 08:00;46.96;46.96;46.96;46.96;46.96
19.09.2010 09:00;47.38;47.38;47.38;47.38;47.38
19.09.2010 10:00;47.85;47.85;47.85;47.85;47.85
19.09.2010 11:00;48.09;48.09;48.09;48.09;48.09
19.09.2010 12:00;48.40;48.40;48.40;48.40;48.40
19.09.2010 13:00;47.26;47.26;47.26;47.26;47.26
19.09.2010 14:00;47.18;47.18;47.18;47.18;47.18
19.09.2010 15:00;47.15;47.15;47.15;47.15;47.15
19.09.2010 16:00;47.26;47.26;47.26;47.26;47.26
19.09.2010 17:00;47.72;47.72;47.72;47.72;47.72
19.09.2010 18:00;48.23;48.23;48.23;48.23;48.23
19.09.2010 19:00;50.70;49.49;49.49;50.70;49.49
19.09.2010 20:00;52.43;50.25;50.25;53.37;50.25
19.09.2010 21:00;49.38;49.38;49.38;49.38;49.38
19.09.2010 22:00;48.16;48.16;48.16;48.16;48.16
19.09.2010 23:00;46.78;46.78;46.78;46.78;46.78
20.09.2010 00:00;46.65;46.65;46.65;46.65;46.65
20.09.2010 01:00;46.18;46.18;46.18;46.18;46.18
20.09.2010 02:00;46.01;46.01;46.01;46.01;46.01
20.09.2010 03:00;46.02;46.02;46.02;46.02;46.02
20.09.2010 04:00;46.61;46.61;46.61;46.61;46.61
20.09.2010 05:00;47.98;47.98;47.98;47.98;47.98
20.09.2010 06:00;50.22;48.83;48.83;50.22;48.83
20.09.2010 07:00;51.78;49.61;49.61;54.44;49.61
20.09.2010 08:00;51.92;50.15;50.15;55.73;50.15
20.09.2010 09:00;51.95;49.97;49.97;55.47;49.97
20.09.2010 10:00;52.33;49.71;49.71;55.29;49.71
20.09.2010 11:00;52.23;49.84;49.84;54.21;49.84
20.09.2010 12:00;52.18;49.61;49.61;53.91;49.61
20.09.2010 13:00;52.13;49.21;49.21;53.56;49.21
20.09.2010 14:00;52.11;49.15;49.15;53.07;49.15
20.09.2010 15:00;52.07;49.16;49.16;52.60;49.16
20.09.2010 16:00;51.57;49.13;49.13;51.57;49.13
20.09.2010 17:00;51.50;49.00;49.00;51.50;49.00
20.09.2010 18:00;51.52;49.31;49.31;51.52;49.31
20.09.2010 19:00;51.74;49.81;49.81;54.25;49.81
20.09.2010 20:00;51.79;49.97;49.97;54.26;49.97
20.09.2010 21:00;50.86;49.23;49.23;50.86;49.23
20.09.2010 22:00;49.66;48.22;48.22;49.66;48.22
20.09.2010 23:00;47.41;47.00;47.00;47.41;47.00
21.09.2010 00:00;46.31;46.31;46.31;46.31;46.31
21.09.2010 01:00;46.08;46.08;46.08;46.08;46.08
21.09.2010 02:00;45.89;45.89;45.89;45.89;45.89
21.09.2010 03:00;45.88;45.88;45.88;45.88;45.88
21.09.2010 04:00;46.97;46.97;46.97;46.97;46.97
21.09.2010 05:00;48.53;48.01;48.01;48.53;48.01
21.09.2010 06:00;51.35;49.18;49.18;51.35;49.18
21.09.2010 07:00;53.04;49.69;49.69;54.04;49.69
21.09.2010 08:00;53.70;50.26;50.26;57.70;50.26
21.09.2010 09:00;52.76;50.20;50.20;55.55;50.20
21.09.2010 10:00;52.64;49.93;49.93;54.97;49.93
21.09.2010 11:00;52.93;49.74;49.74;54.15;49.74
21.09.2010 12:00;52.85;49.68;49.68;54.16;49.68
21.09.2010 13:00;52.57;49.63;49.63;54.06;49.63
21.09.2010 14:00;52.52;49.59;49.59;54.28;49.59
21.09.2010 15:00;53.39;49.62;49.62;54.07;49.62
21.09.2010 16:00;52.72;49.71;49.71;53.25;49.71
21.09.2010 17:00;52.63;49.71;49.71;54.07;49.71
21.09.2010 18:00;51.92;49.60;49.60;56.97;49.60
21.09.2010 19:00;51.98;49.72;49.72;57.06;49.72
21.09.2010 20:00;52.34;49.86;49.86;59.11;49.86
21.09.2010 21:00;52.40;49.94;49.94;53.50;49.94
21.09.2010 22:00;50.17;49.42;49.42;50.17;49.42
21.09.2010 23:00;48.06;48.06;48.06;48.06;48.06
22.09.2010 00:00;47.72;47.72;47.72;47.72;47.72
22.09.2010 01:00;47.32;47.32;47.32;47.32;47.32
22.09.2010 02:00;46.84;46.84;46.84;46.84;46.84
22.09.2010 03:00;46.91;46.91;46.91;46.91;46.91
22.09.2010 04:00;47.82;47.82;47.82;47.82;47.82
22.09.2010 05:00;49.98;48.58;48.58;49.98;48.58
22.09.2010 06:00;51.11;49.31;49.31;53.06;49.31
22.09.2010 07:00;51.38;49.79;49.79;61.49;49.79
22.09.2010 08:00;51.57;51.67;51.67;66.32;51.67
22.09.2010 09:00;51.58;51.48;51.48;63.08;51.48
22.09.2010 10:00;51.54;51.21;51.21;63.06;51.21
22.09.2010 11:00;51.48;50.38;50.38;62.09;50.38
22.09.2010 12:00;51.44;50.09;50.09;59.82;50.09
22.09.2010 13:00;51.42;50.24;50.24;57.32;50.24
22.09.2010 14:00;51.40;49.95;49.95;56.54;49.95
22.09.2010 15:00;51.41;50.07;50.07;55.50;50.07
22.09.2010 16:00;51.07;50.36;50.36;54.72;50.36
22.09.2010 17:00;51.04;50.17;50.17;55.17;50.17
22.09.2010 18:00;51.03;49.83;49.83;56.53;49.83
22.09.2010 19:00;51.07;50.00;50.00;59.38;50.00
22.09.2010 20:00;51.15;50.36;50.36;58.58;50.36
22.09.2010 21:00;51.20;49.15;49.15;51.79;49.15
22.09.2010 22:00;49.74;48.93;48.93;49.74;48.93
22.09.2010 23:00;47.93;47.93;47.93;47.93;47.93
23.09.2010 00:00;46.95;46.95;46.95;46.95;46.95
23.09.2010 01:00;46.49;46.49;46.49;46.49;46.49
23.09.2010 02:00;46.39;46.39;46.39;46.39;46.39
23.09.2010 03:00;46.28;46.28;46.28;46.28;46.28
23.09.2010 04:00;47.30;47.21;47.21;47.30;47.21
23.09.2010 05:00;48.85;47.62;47.62;48.85;47.62
23.09.2010 06:00;49.63;48.55;48.55;51.84;48.55
23.09.2010 07:00;49.95;49.94;49.94;55.54;49.94
23.09.2010 08:00;50.33;50.35;50.35;60.03;50.35
23.09.2010 09:00;50.29;50.32;50.32;58.81;50.32
23.09.2010 10:00;50.25;50.29;50.29;57.81;50.29
23.09.2010 11:00;50.08;50.08;50.08;57.38;50.08
23.09.2010 12:00;50.25;49.98;49.98;56.66;49.98
23.09.2010 13:00;50.27;50.04;50.04;56.67;50.04
23.09.2010 14:00;50.27;49.88;49.88;55.99;49.88
23.09.2010 15:00;49.76;49.90;49.90;55.06;49.90
23.09.2010 16:00;49.71;50.68;50.68;53.17;50.68
23.09.2010 17:00;49.72;51.26;51.26;55.15;51.26
23.09.2010 18:00;49.70;50.93;50.93;56.72;50.93
23.09.2010 19:00;49.74;51.25;51.25;62.93;51.25
23.09.2010 20:00;49.82;51.53;51.53;57.55;51.53
23.09.2010 21:00;49.59;49.59;49.59;49.59;49.59
23.09.2010 22:00;48.56;48.56;48.56;48.56;48.56
23.09.2010 23:00;47.08;47.08;47.08;47.08;47.08
24.09.2010 00:00;47.15;47.15;47.15;47.15;47.15
24.09.2010 01:00;46.37;46.37;46.37;46.37;46.37
24.09.2010 02:00;45.95;45.95;45.95;45.95;45.95
24.09.2010 03:00;46.54;46.54;46.54;46.54;46.54
24.09.2010 04:00;47.66;47.66;47.66;47.66;47.66
24.09.2010 05:00;48.22;48.22;48.22;48.22;48.22
24.09.2010 06:00;49.36;49.07;49.07;49.36;49.07
24.09.2010 07:00;50.12;49.91;49.91;54.45;49.91
24.09.2010 08:00;50.42;51.16;51.16;56.03;51.16
24.09.2010 09:00;50.49;50.99;50.99;57.14;50.99
24.09.2010 10:00;50.44;50.85;50.85;58.06;50.85
24.09.2010 11:00;50.33;50.56;50.56;58.71;50.56
24.09.2010 12:00;50.15;50.32;50.32;56.77;50.32
24.09.2010 13:00;49.90;50.31;50.31;54.79;50.31
24.09.2010 14:00;49.80;50.42;50.42;52.35;50.42
24.09.2010 15:00;49.33;49.81;49.81;49.81;49.81
24.09.2010 16:00;49.19;49.28;49.28;49.28;49.28
24.09.2010 17:00;49.14;49.99;49.99;49.99;49.99
24.09.2010 18:00;49.17;50.47;50.47;51.76;50.47
24.09.2010 19:00;49.28;50.63;50.63;55.99;50.63
24.09.2010 20:00;49.35;50.61;50.61;56.22;50.61
24.09.2010 21:00;49.44;49.74;49.74;49.96;49.74
24.09.2010 22:00;49.69;49.42;49.42;50.66;49.42
24.09.2010 23:00;48.88;48.88;48.88;48.88;48.88
25.09.2010 00:00;48.02;48.02;48.02;48.02;48.02
25.09.2010 01:00;46.54;46.54;46.54;46.54;46.54
25.09.2010 02:00;46.07;45.45;45.45;46.07;45.45
25.09.2010 03:00;45.91;45.41;45.41;45.91;45.41
25.09.2010 04:00;45.99;45.44;45.44;45.99;45.44
25.09.2010 05:00;46.20;46.05;46.05;46.20;46.05
25.09.2010 06:00;46.94;46.94;46.94;46.94;46.94
25.09.2010 07:00;47.56;47.56;47.56;47.56;47.56
25.09.2010 08:00;47.68;47.68;47.68;48.08;47.68
25.09.2010 09:00;48.77;48.77;48.77;48.77;48.77
25.09.2010 10:00;49.23;49.98;49.98;49.98;49.98
25.09.2010 11:00;49.24;49.95;49.95;49.95;49.95
25.09.2010 12:00;49.19;49.83;49.83;49.83;49.83
25.09.2010 13:00;48.37;48.37;48.37;48.37;48.37
25.09.2010 14:00;47.59;47.59;47.59;48.27;47.59
25.09.2010 15:00;47.54;47.54;47.54;48.18;47.54
25.09.2010 16:00;47.65;47.65;47.65;48.20;47.65
25.09.2010 17:00;48.52;48.52;48.52;48.52;48.52
25.09.2010 18:00;49.20;49.26;49.26;49.26;49.26
25.09.2010 19:00;49.29;50.71;50.71;53.77;50.71
25.09.2010 20:00;49.32;50.86;50.86;52.66;50.86
25.09.2010 21:00;48.74;48.74;48.74;48.74;48.74
25.09.2010 22:00;49.00;49.00;49.00;49.00;49.00
25.09.2010 23:00;47.89;47.89;47.89;47.89;47.89
26.09.2010 00:00;47.10;47.10;47.10;47.10;47.10
26.09.2010 01:00;46.47;46.09;46.09;46.47;46.09
26.09.2010 02:00;46.31;45.56;45.56;46.31;45.56
26.09.2010 03:00;46.25;45.49;45.49;46.25;45.49
26.09.2010 04:00;46.26;45.49;45.49;46.26;45.49
26.09.2010 05:00;46.44;45.68;45.68;46.44;45.68
26.09.2010 06:00;46.96;45.97;45.97;46.96;45.97
26.09.2010 07:00;47.16;46.21;46.21;47.16;46.21
26.09.2010 08:00;47.33;46.38;46.38;47.61;46.38
26.09.2010 09:00;47.39;47.39;47.39;48.25;47.39
26.09.2010 10:00;48.83;48.83;48.83;48.83;48.83
26.09.2010 11:00;49.34;50.21;50.21;50.21;50.21
26.09.2010 12:00;49.34;50.12;50.12;50.19;50.12
26.09.2010 13:00;48.21;48.21;48.21;48.31;48.21
26.09.2010 14:00;47.56;46.92;46.92;48.22;46.92
26.09.2010 15:00;47.56;47.01;47.01;48.09;47.01
26.09.2010 16:00;47.57;47.19;47.19;48.10;47.19
26.09.2010 17:00;47.86;47.86;47.86;48.16;47.86
26.09.2010 18:00;49.09;49.09;49.09;49.09;49.09
26.09.2010 19:00;49.64;51.04;51.04;54.40;51.04
26.09.2010 20:00;49.94;51.31;51.31;53.65;51.31
26.09.2010 21:00;49.90;50.49;50.49;50.49;50.49
26.09.2010 22:00;49.72;49.74;49.74;49.74;49.74
26.09.2010 23:00;47.76;47.76;47.76;47.76;47.76
27.09.2010 00:00;46.76;45.44;45.44;46.76;45.44
27.09.2010 01:00;46.50;45.03;45.03;46.50;45.03
27.09.2010 02:00;46.45;44.17;44.17;46.45;44.17
27.09.2010 03:00;46.44;44.08;44.08;46.44;44.08
27.09.2010 04:00;46.49;45.46;45.46;46.49;45.46
27.09.2010 05:00;47.67;47.67;47.67;47.67;47.67
27.09.2010 06:00;49.21;49.33;49.33;51.01;49.33
27.09.2010 07:00;49.57;49.95;49.95;56.86;49.95
27.09.2010 08:00;49.96;50.40;50.40;57.99;50.40
27.09.2010 09:00;50.01;50.23;50.23;57.09;50.23
27.09.2010 10:00;49.98;50.12;50.12;57.55;50.12
27.09.2010 11:00;49.88;49.93;49.93;56.59;49.93
27.09.2010 12:00;49.86;50.33;50.33;56.12;50.33
27.09.2010 13:00;49.81;50.28;50.28;56.08;50.28
27.09.2010 14:00;49.77;50.19;50.19;54.17;50.19
27.09.2010 15:00;49.72;50.23;50.23;52.57;50.23
27.09.2010 16:00;49.67;49.80;49.80;52.07;49.80
27.09.2010 17:00;49.64;49.67;49.67;53.24;49.67
27.09.2010 18:00;49.64;49.75;49.75;55.20;49.75
27.09.2010 19:00;49.68;49.90;49.90;58.15;49.90
27.09.2010 20:00;49.76;50.30;50.30;55.38;50.30
27.09.2010 21:00;49.81;50.41;50.41;51.21;50.41
27.09.2010 22:00;48.65;48.65;48.65;48.65;48.65
27.09.2010 23:00;47.25;46.90;46.90;47.25;46.90
28.09.2010 00:00;46.18;45.58;45.58;46.18;45.58
28.09.2010 01:00;45.77;45.34;45.34;45.77;45.34
28.09.2010 02:00;45.57;45.29;45.29;45.57;45.29
28.09.2010 03:00;45.51;45.30;45.30;45.51;45.30
28.09.2010 04:00;45.87;45.87;45.87;45.87;45.87
28.09.2010 05:00;47.82;47.82;47.82;47.82;47.82
28.09.2010 06:00;49.35;49.46;49.46;49.46;49.46
28.09.2010 07:00;49.31;50.31;50.31;57.41;50.31
28.09.2010 08:00;49.38;50.45;50.45;62.22;50.45
28.09.2010 09:00;49.39;50.23;50.23;60.46;50.23
28.09.2010 10:00;49.53;50.06;50.06;60.74;50.06
28.09.2010 11:00;49.56;49.89;49.89;58.92;49.89
28.09.2010 12:00;49.46;49.79;49.79;57.34;49.79
28.09.2010 13:00;49.51;49.76;49.76;57.34;49.76
28.09.2010 14:00;49.41;49.82;49.82;57.35;49.82
28.09.2010 15:00;49.35;49.90;49.90;56.04;49.90
28.09.2010 16:00;49.28;49.90;49.90;55.40;49.90
28.09.2010 17:00;49.24;49.96;49.96;56.35;49.96
28.09.2010 18:00;49.24;50.05;50.05;59.56;50.05
28.09.2010 19:00;49.33;50.22;50.22;67.51;50.22
28.09.2010 20:00;49.39;50.41;50.41;64.42;50.41
28.09.2010 21:00;49.41;50.23;50.23;52.84;50.23
28.09.2010 22:00;49.27;49.27;49.27;49.27;49.27
28.09.2010 23:00;47.62;47.62;47.62;47.62;47.62
29.09.2010 00:00;47.00;47.00;47.00;47.00;47.00
29.09.2010 01:00;46.08;46.08;46.08;46.08;46.08
29.09.2010 02:00;45.82;45.82;45.82;45.82;45.82
29.09.2010 03:00;45.96;45.96;45.96;45.96;45.96
29.09.2010 04:00;46.76;46.76;46.76;46.76;46.76
29.09.2010 05:00;47.91;47.91;47.91;47.91;47.91
29.09.2010 06:00;49.21;49.77;49.77;53.42;49.77
29.09.2010 07:00;49.31;50.34;50.34;70.40;50.34
29.09.2010 08:00;49.49;50.79;50.79;70.08;50.79
29.09.2010 09:00;49.52;50.65;50.65;72.40;50.65
29.09.2010 10:00;49.55;50.46;50.46;70.09;50.46
29.09.2010 11:00;49.48;50.30;50.30;63.00;50.30
29.09.2010 12:00;49.45;50.25;50.25;61.79;50.25
29.09.2010 13:00;49.41;50.17;50.17;59.24;50.17
29.09.2010 14:00;49.39;50.08;50.08;57.19;50.08
29.09.2010 15:00;49.34;49.71;49.71;56.91;49.71
29.09.2010 16:00;49.28;49.73;49.73;53.95;49.73
29.09.2010 17:00;49.23;49.76;49.76;57.72;49.76
29.09.2010 18:00;49.23;49.79;49.79;60.40;49.79
29.09.2010 19:00;49.30;50.01;50.01;70.50;50.01
29.09.2010 20:00;49.34;50.18;50.18;61.88;50.18
29.09.2010 21:00;49.36;50.12;50.12;53.58;50.12
29.09.2010 22:00;49.32;49.90;49.90;49.99;49.90
29.09.2010 23:00;47.92;47.92;47.92;47.92;47.92
30.09.2010 00:00;47.28;47.28;47.28;47.28;47.28
30.09.2010 01:00;46.58;46.58;46.58;46.58;46.58
30.09.2010 02:00;46.36;46.36;46.36;46.36;46.36
30.09.2010 03:00;46.38;46.38;46.38;46.38;46.38
30.09.2010 04:00;47.18;47.18;47.18;47.18;47.18
30.09.2010 05:00;48.67;48.67;48.67;48.67;48.67
30.09.2010 06:00;51.04;49.80;49.80;51.58;49.80
30.09.2010 07:00;50.98;50.27;50.27;60.97;50.27
30.09.2010 08:00;51.42;50.41;50.41;63.02;50.41
30.09.2010 09:00;51.39;50.14;50.14;58.79;50.14
30.09.2010 10:00;51.41;49.93;49.93;57.89;49.93
30.09.2010 11:00;51.26;49.77;49.77;56.29;49.77
30.09.2010 12:00;51.15;49.62;49.62;54.16;49.62
30.09.2010 13:00;51.03;49.55;49.55;53.58;49.55
30.09.2010 14:00;50.89;49.54;49.54;52.91;49.54
30.09.2010 15:00;50.87;49.62;49.62;52.18;49.62
30.09.2010 16:00;50.82;49.55;49.55;51.96;49.55
30.09.2010 17:00;50.80;49.56;49.56;53.50;49.56
30.09.2010 18:00;50.81;49.60;49.60;55.75;49.60
30.09.2010 19:00;50.90;49.80;49.80;61.16;49.80
30.09.2010 20:00;50.94;49.94;49.94;57.94;49.94
30.09.2010 21:00;50.98;49.63;49.63;51.10;49.63
30.09.2010 22:00;49.13;49.13;49.13;49.13;49.13
30.09.2010 23:00;46.98;46.98;46.98;46.98;46.98
01.10.2010 00:00;47.38;47.38;47.38;47.38;47.38
01.10.2010 01:00;47.11;47.11;47.11;47.11;47.11
01.10.2010 02:00;46.98;46.98;46.98;46.98;46.98
01.10.2010 03:00;47.12;47.12;47.12;47.12;47.12
01.10.2010 04:00;47.53;47.53;47.53;47.53;47.53
01.10.2010 05:00;49.02;49.02;49.02;49.02;49.02
01.10.2010 06:00;51.64;49.97;49.97;51.90;49.97
01.10.2010 07:00;51.20;50.33;50.33;59.89;50.33
01.10.2010 08:00;51.43;50.61;50.61;61.58;50.61
01.10.2010 09:00;51.43;50.45;50.45;59.82;50.45
01.10.2010 10:00;51.37;50.20;50.20;59.02;50.20
01.10.2010 11:00;51.28;49.92;49.92;58.43;49.92
01.10.2010 12:00;51.17;49.73;49.73;53.42;49.73
01.10.2010 13:00;50.92;49.66;49.66;51.96;49.66
01.10.2010 14:00;50.77;49.58;49.58;50.77;49.58
01.10.2010 15:00;50.16;49.44;49.44;50.16;49.44
01.10.2010 16:00;49.62;49.45;49.45;49.62;49.45
01.10.2010 17:00;50.43;49.55;49.55;50.43;49.55
01.10.2010 18:00;52.28;49.66;49.66;52.28;49.66
01.10.2010 19:00;53.80;49.81;49.81;53.80;49.81
01.10.2010 20:00;51.37;49.87;49.87;51.37;49.87
01.10.2010 21:00;49.08;49.08;49.08;49.08;49.08
01.10.2010 22:00;47.91;47.91;47.91;47.91;47.91
01.10.2010 23:00;46.97;46.97;46.97;46.97;46.97
02.10.2010 00:00;46.01;46.01;46.01;46.01;46.01
02.10.2010 01:00;45.26;45.26;45.26;45.26;45.26
02.10.2010 02:00;44.67;44.67;44.67;44.67;44.67
02.10.2010 03:00;44.61;44.61;44.61;44.61;44.61
02.10.2010 04:00;44.65;44.65;44.65;44.65;44.65
02.10.2010 05:00;45.32;45.32;45.32;45.32;45.32
02.10.2010 06:00;46.07;46.07;46.07;46.07;46.07
02.10.2010 07:00;47.09;47.09;47.09;47.09;47.09
02.10.2010 08:00;47.26;47.26;47.26;47.26;47.26
02.10.2010 09:00;48.09;48.09;48.09;48.09;48.09
02.10.2010 10:00;48.91;48.91;48.91;48.91;48.91
02.10.2010 11:00;49.22;49.22;49.22;49.22;49.22
02.10.2010 12:00;49.05;49.05;49.05;49.05;49.05
02.10.2010 13:00;48.12;48.12;48.12;48.12;48.12
02.10.2010 14:00;47.43;47.43;47.43;47.43;47.43
02.10.2010 15:00;47.11;47.11;47.11;47.11;47.11
02.10.2010 16:00;47.29;47.29;47.29;47.29;47.29
02.10.2010 17:00;47.77;47.77;47.77;47.77;47.77
02.10.2010 18:00;49.26;49.26;49.26;49.26;49.26
02.10.2010 19:00;50.21;50.21;50.21;50.21;50.21
02.10.2010 20:00;48.82;48.82;48.82;48.82;48.82
02.10.2010 21:00;47.71;47.71;47.71;47.71;47.71
02.10.2010 22:00;47.12;47.12;47.12;47.12;47.12
02.10.2010 23:00;45.69;45.69;45.69;45.69;45.69
03.10.2010 00:00;46.28;46.28;46.28;46.28;46.28
03.10.2010 01:00;45.36;45.36;45.36;45.36;45.36
03.10.2010 02:00;44.79;44.79;44.79;44.79;44.79
03.10.2010 03:00;44.68;44.68;44.68;44.68;44.68
03.10.2010 04:00;44.79;44.79;44.79;44.79;44.79
03.10.2010 05:00;45.30;45.30;45.30;45.30;45.30
03.10.2010 06:00;46.05;46.05;46.05;46.05;46.05
03.10.2010 07:00;46.30;46.30;46.30;46.30;46.30
03.10.2010 08:00;46.51;46.51;46.51;46.51;46.51
03.10.2010 09:00;46.91;46.91;46.91;46.91;46.91
03.10.2010 10:00;47.30;47.30;47.30;47.30;47.30
03.10.2010 11:00;47.59;47.59;47.59;47.59;47.59
03.10.2010 12:00;47.36;47.36;47.36;47.36;47.36
03.10.2010 13:00;47.10;47.10;47.10;47.10;47.10
03.10.2010 14:00;47.02;47.02;47.02;47.02;47.02
03.10.2010 15:00;46.79;46.79;46.79;46.79;46.79
03.10.2010 16:00;47.06;47.06;47.06;47.06;47.06
03.10.2010 17:00;47.35;47.35;47.35;47.35;47.35
03.10.2010 18:00;49.20;49.20;49.20;49.20;49.20
03.10.2010 19:00;51.33;50.57;50.57;51.33;50.57
03.10.2010 20:00;49.68;49.68;49.68;49.68;49.68
03.10.2010 21:00;48.58;48.58;48.58;48.58;48.58
03.10.2010 22:00;47.71;47.71;47.71;47.71;47.71
03.10.2010 23:00;45.81;45.81;45.81;45.81;45.81
04.10.2010 00:00;44.08;44.08;44.08;44.08;44.08
04.10.2010 01:00;42.97;42.97;42.97;42.97;42.97
04.10.2010 02:00;42.75;42.75;42.75;42.75;42.75
04.10.2010 03:00;42.99;42.99;42.99;42.99;42.99
04.10.2010 04:00;44.66;44.66;44.66;44.66;44.66
04.10.2010 05:00;46.81;46.81;46.81;46.81;46.81
04.10.2010 06:00;48.23;48.23;48.23;48.23;48.23
04.10.2010 07:00;49.92;49.78;49.78;49.92;49.78
04.10.2010 08:00;50.82;50.82;50.82;50.82;50.82
04.10.2010 09:00;50.46;50.46;50.46;50.46;50.46
04.10.2010 10:00;50.39;50.39;50.39;50.39;50.39
04.10.2010 11:00;50.18;50.18;50.18;50.18;50.18
04.10.2010 12:00;49.93;49.93;49.93;49.93;49.93
04.10.2010 13:00;49.89;49.89;49.89;49.89;49.89
04.10.2010 14:00;49.80;49.80;49.80;49.80;49.80
04.10.2010 15:00;49.29;49.29;49.29;49.29;49.29
04.10.2010 16:00;48.91;48.91;48.91;48.91;48.91
04.10.2010 17:00;48.95;48.95;48.95;48.95;48.95
04.10.2010 18:00;50.76;49.69;49.69;50.76;49.69
04.10.2010 19:00;51.03;49.95;49.95;51.03;49.95
04.10.2010 20:00;49.77;49.77;49.77;49.77;49.77
04.10.2010 21:00;48.52;48.52;48.52;48.52;48.52
04.10.2010 22:00;47.84;47.84;47.84;47.84;47.84
04.10.2010 23:00;46.81;46.81;46.81;46.81;46.81
05.10.2010 00:00;45.05;45.05;45.05;45.05;45.05
05.10.2010 01:00;43.85;43.85;43.85;43.85;43.85
05.10.2010 02:00;43.25;43.25;43.25;43.25;43.25
05.10.2010 03:00;43.46;43.46;43.46;43.46;43.46
05.10.2010 04:00;44.67;44.67;44.67;44.67;44.67
05.10.2010 05:00;46.94;46.94;46.94;46.94;46.94
05.10.2010 06:00;48.44;48.44;48.44;48.44;48.44
05.10.2010 07:00;50.98;50.77;50.77;50.98;50.77
05.10.2010 08:00;51.40;51.40;51.40;51.40;51.40
05.10.2010 09:00;51.05;51.05;51.05;51.05;51.05
05.10.2010 10:00;51.04;51.04;51.04;51.04;51.04
05.10.2010 11:00;50.77;50.77;50.77;50.77;50.77
05.10.2010 12:00;50.53;50.53;50.53;50.53;50.53
05.10.2010 13:00;50.44;50.44;50.44;50.44;50.44
05.10.2010 14:00;50.42;50.42;50.42;50.42;50.42
05.10.2010 15:00;50.29;50.29;50.29;50.29;50.29
05.10.2010 16:00;50.34;50.34;50.34;50.34;50.34
05.10.2010 17:00;50.62;50.62;50.62;50.62;50.62
05.10.2010 18:00;51.17;51.17;51.17;51.17;51.17
05.10.2010 19:00;52.02;52.02;52.02;52.02;52.02
05.10.2010 20:00;51.64;51.64;51.64;51.64;51.64
05.10.2010 21:00;49.96;49.96;49.96;49.96;49.96
05.10.2010 22:00;48.14;48.14;48.14;48.14;48.14
05.10.2010 23:00;46.93;46.93;46.93;46.93;46.93
06.10.2010 00:00;45.14;45.14;45.14;45.14;45.14
06.10.2010 01:00;44.31;44.31;44.31;44.31;44.31
06.10.2010 02:00;43.58;43.58;43.58;43.58;43.58
06.10.2010 03:00;43.66;43.66;43.66;43.66;43.66
06.10.2010 04:00;44.76;44.76;44.76;44.76;44.76
06.10.2010 05:00;46.70;46.70;46.70;46.70;46.70
06.10.2010 06:00;48.57;48.57;48.57;48.57;48.57
06.10.2010 07:00;51.38;50.56;50.56;51.38;50.56
06.10.2010 08:00;52.17;50.63;50.63;52.17;50.63
06.10.2010 09:00;51.51;49.99;49.99;51.51;49.99
06.10.2010 10:00;51.42;49.91;49.91;51.42;49.91
06.10.2010 11:00;51.24;49.76;49.76;51.24;49.76
06.10.2010 12:00;51.15;49.68;49.68;51.15;49.68
06.10.2010 13:00;50.71;49.69;49.69;50.71;49.69
06.10.2010 14:00;50.55;49.54;49.54;50.55;49.54
06.10.2010 15:00;50.09;49.53;49.53;50.09;49.53
06.10.2010 16:00;49.68;49.65;49.65;49.68;49.65
06.10.2010 17:00;50.20;50.20;50.20;50.20;50.20
06.10.2010 18:00;50.99;50.59;50.59;50.99;50.59
06.10.2010 19:00;52.52;51.01;51.01;52.52;51.01
06.10.2010 20:00;50.55;50.55;50.55;50.55;50.55
06.10.2010 21:00;49.45;49.45;49.45;49.45;49.45
06.10.2010 22:00;47.96;47.96;47.96;47.96;47.96
06.10.2010 23:00;45.50;45.50;45.50;45.50;45.50
07.10.2010 00:00;44.65;44.65;44.65;44.65;44.65
07.10.2010 01:00;42.78;42.78;42.78;42.78;42.78
07.10.2010 02:00;42.18;42.18;42.18;42.18;42.18
07.10.2010 03:00;42.75;42.75;42.75;42.75;42.75
07.10.2010 04:00;44.34;44.34;44.34;44.34;44.34
07.10.2010 05:00;46.80;46.80;46.80;46.80;46.80
07.10.2010 06:00;49.13;49.13;49.13;49.13;49.13
07.10.2010 07:00;51.93;50.00;50.00;51.93;50.00
07.10.2010 08:00;52.15;50.33;50.33;52.15;50.33
07.10.2010 09:00;50.36;50.08;50.08;52.22;50.08
07.10.2010 10:00;50.32;50.04;50.04;52.28;50.04
07.10.2010 11:00;50.21;49.84;49.84;52.29;49.84
07.10.2010 12:00;50.12;49.70;49.70;51.96;49.70
07.10.2010 13:00;50.12;49.58;49.58;51.45;49.58
07.10.2010 14:00;49.87;49.42;49.42;51.00;49.42
07.10.2010 15:00;49.89;49.22;49.22;51.01;49.22
07.10.2010 16:00;49.77;49.17;49.17;50.94;49.17
07.10.2010 17:00;50.29;49.36;49.36;51.65;49.36
07.10.2010 18:00;50.36;49.72;49.72;54.96;49.72
07.10.2010 19:00;50.57;50.06;50.06;55.51;50.06
07.10.2010 20:00;50.58;49.95;49.95;52.70;49.95
07.10.2010 21:00;50.04;49.58;49.58;50.04;49.58
07.10.2010 22:00;48.67;48.67;48.67;48.67;48.67
07.10.2010 23:00;47.29;46.43;46.43;47.29;46.43
08.10.2010 00:00;46.95;46.95;46.95;46.95;46.95
08.10.2010 01:00;45.65;45.65;45.65;45.65;45.65
08.10.2010 02:00;44.76;44.76;44.76;44.76;44.76
08.10.2010 03:00;44.87;44.87;44.87;44.87;44.87
08.10.2010 04:00;45.85;45.85;45.85;45.85;45.85
08.10.2010 05:00;47.23;47.23;47.23;47.23;47.23
08.10.2010 06:00;49.00;48.78;48.78;49.00;48.78
08.10.2010 07:00;55.81;50.36;50.36;55.81;50.36
08.10.2010 08:00;55.88;50.87;50.87;55.88;50.87
08.10.2010 09:00;54.84;50.86;50.86;54.84;50.86
08.10.2010 10:00;54.23;50.76;50.76;54.23;50.76
08.10.2010 11:00;53.09;50.60;50.60;53.09;50.60
08.10.2010 12:00;52.26;50.35;50.35;52.26;50.35
08.10.2010 13:00;50.45;50.22;50.22;50.45;50.22
08.10.2010 14:00;48.71;48.71;48.71;48.71;48.71
08.10.2010 15:00;47.81;47.81;47.81;47.81;47.81
08.10.2010 16:00;47.69;47.69;47.69;47.69;47.69
08.10.2010 17:00;48.20;48.20;48.20;48.20;48.20
08.10.2010 18:00;50.08;49.55;49.55;50.08;49.55
08.10.2010 19:00;52.97;49.75;49.75;52.97;49.75
08.10.2010 20:00;50.57;49.91;49.91;50.57;49.91
08.10.2010 21:00;48.13;48.13;48.13;48.13;48.13
08.10.2010 22:00;47.49;47.49;47.49;47.49;47.49
08.10.2010 23:00;45.56;45.56;45.56;45.56;45.56
09.10.2010 00:00;46.26;46.26;46.26;46.26;46.26
09.10.2010 01:00;44.26;44.26;44.26;44.26;44.26
09.10.2010 02:00;43.56;43.56;43.56;43.56;43.56
09.10.2010 03:00;43.14;43.14;43.14;43.14;43.14
09.10.2010 04:00;43.41;43.41;43.41;43.41;43.41
09.10.2010 05:00;44.08;44.08;44.08;44.08;44.08
09.10.2010 06:00;45.07;45.07;45.07;45.07;45.07
09.10.2010 07:00;45.00;45.00;45.00;45.00;45.00
09.10.2010 08:00;47.01;47.01;47.01;47.01;47.01
09.10.2010 09:00;48.21;48.21;48.21;48.21;48.21
09.10.2010 10:00;48.44;48.44;48.44;48.44;48.44
09.10.2010 11:00;48.64;48.64;48.64;48.64;48.64
09.10.2010 12:00;48.35;48.35;48.35;48.35;48.35
09.10.2010 13:00;46.83;46.83;46.83;46.83;46.83
09.10.2010 14:00;45.45;45.45;45.45;45.45;45.45
09.10.2010 15:00;45.29;45.29;45.29;45.29;45.29
09.10.2010 16:00;45.74;45.74;45.74;45.74;45.74
09.10.2010 17:00;46.69;46.69;46.69;46.69;46.69
09.10.2010 18:00;48.58;48.58;48.58;48.58;48.58
09.10.2010 19:00;50.94;50.16;50.16;50.94;50.16
09.10.2010 20:00;49.34;48.95;48.95;49.34;48.95
09.10.2010 21:00;47.20;47.20;47.20;47.20;47.20
09.10.2010 22:00;46.84;46.84;46.84;46.84;46.84
09.10.2010 23:00;45.25;45.25;45.25;45.25;45.25
10.10.2010 00:00;46.66;46.66;46.66;46.66;46.66
10.10.2010 01:00;46.52;46.52;46.52;46.52;46.52
10.10.2010 02:00;46.19;46.19;46.19;46.19;46.19
10.10.2010 03:00;46.11;46.11;46.11;46.11;46.11
10.10.2010 04:00;46.15;46.15;46.15;46.15;46.15
10.10.2010 05:00;46.54;46.54;46.54;46.54;46.54
10.10.2010 06:00;46.79;46.79;46.79;46.79;46.79
10.10.2010 07:00;45.64;45.64;45.64;45.64;45.64
10.10.2010 08:00;45.61;45.61;45.61;45.61;45.61
10.10.2010 09:00;46.69;46.69;46.69;46.69;46.69
10.10.2010 10:00;46.88;46.88;46.88;46.88;46.88
10.10.2010 11:00;46.83;46.83;46.83;46.83;46.83
10.10.2010 12:00;46.77;46.77;46.77;46.77;46.77
10.10.2010 13:00;46.67;46.67;46.67;46.67;46.67
10.10.2010 14:00;46.42;46.42;46.42;46.42;46.42
10.10.2010 15:00;46.32;46.32;46.32;46.32;46.32
10.10.2010 16:00;46.59;46.59;46.59;46.59;46.59
10.10.2010 17:00;47.18;47.18;47.18;47.18;47.18
10.10.2010 18:00;49.66;48.89;48.89;49.66;48.89
10.10.2010 19:00;55.04;50.28;50.28;55.04;50.28
10.10.2010 20:00;52.40;50.27;50.27;52.40;50.27
10.10.2010 21:00;48.72;48.72;48.72;48.72;48.72
10.10.2010 22:00;48.08;48.08;48.08;48.08;48.08
10.10.2010 23:00;46.57;46.57;46.57;46.57;46.57
11.10.2010 00:00;46.53;46.53;46.53;46.53;46.53
11.10.2010 01:00;45.51;45.51;45.51;45.51;45.51
11.10.2010 02:00;45.37;45.37;45.37;45.37;45.37
11.10.2010 03:00;45.63;45.63;45.63;45.63;45.63
11.10.2010 04:00;46.62;46.62;46.62;46.62;46.62
11.10.2010 05:00;48.00;48.00;48.00;48.00;48.00
11.10.2010 06:00;51.83;49.56;49.56;51.83;49.56
11.10.2010 07:00;52.39;50.50;50.50;52.66;50.50
11.10.2010 08:00;52.84;51.13;51.13;52.84;51.13
11.10.2010 09:00;52.62;50.91;50.91;52.62;50.91
11.10.2010 10:00;52.53;50.68;50.68;52.53;50.68
11.10.2010 11:00;52.65;50.68;50.68;52.65;50.68
11.10.2010 12:00;53.83;50.16;50.16;55.91;50.16
11.10.2010 13:00;53.50;50.07;50.07;54.83;50.07
11.10.2010 14:00;53.39;49.70;49.70;53.68;49.70
11.10.2010 15:00;51.84;49.42;49.42;51.84;49.42
11.10.2010 16:00;49.84;49.37;49.37;49.84;49.37
11.10.2010 17:00;51.34;49.14;49.14;51.34;49.14
11.10.2010 18:00;52.38;49.48;49.48;52.38;49.48
11.10.2010 19:00;52.66;49.95;49.95;52.66;49.95
11.10.2010 20:00;51.08;49.95;49.95;51.08;49.95
11.10.2010 21:00;51.36;49.55;49.55;51.36;49.55
11.10.2010 22:00;48.47;48.47;48.47;48.47;48.47
11.10.2010 23:00;46.73;46.73;46.73;46.73;46.73
12.10.2010 00:00;46.88;46.88;46.88;46.88;46.88
12.10.2010 01:00;46.76;46.76;46.76;46.76;46.76
12.10.2010 02:00;46.70;46.70;46.70;46.70;46.70
12.10.2010 03:00;46.73;46.73;46.73;46.73;46.73
12.10.2010 04:00;46.85;46.85;46.85;46.85;46.85
12.10.2010 05:00;47.93;47.93;47.93;47.93;47.93
12.10.2010 06:00;50.90;49.21;49.21;50.90;49.21
12.10.2010 07:00;56.79;52.95;52.95;56.79;52.95
12.10.2010 08:00;54.83;51.95;51.95;54.83;51.95
12.10.2010 09:00;56.20;50.38;50.38;56.20;50.38
12.10.2010 10:00;56.21;49.99;49.99;56.21;49.99
12.10.2010 11:00;53.81;49.65;49.65;53.81;49.65
12.10.2010 12:00;55.86;49.54;49.54;55.86;49.54
12.10.2010 13:00;54.50;49.36;49.36;54.50;49.36
12.10.2010 14:00;54.25;49.16;49.16;54.25;49.16
12.10.2010 15:00;53.34;49.12;49.12;53.34;49.12
12.10.2010 16:00;52.90;49.87;49.87;52.90;49.87
12.10.2010 17:00;52.88;50.77;50.77;52.88;50.77
12.10.2010 18:00;53.99;50.51;50.51;59.31;50.51
12.10.2010 19:00;54.77;51.12;51.12;67.84;51.12
12.10.2010 20:00;54.79;51.00;51.00;55.48;51.00
12.10.2010 21:00;51.51;50.47;50.47;51.51;50.47
12.10.2010 22:00;49.91;49.42;49.42;49.91;49.42
12.10.2010 23:00;47.55;47.55;47.55;47.55;47.55
13.10.2010 00:00;47.83;47.83;47.83;47.83;47.83
13.10.2010 01:00;47.34;47.34;47.34;47.34;47.34
13.10.2010 02:00;47.23;47.23;47.23;47.23;47.23
13.10.2010 03:00;47.25;47.25;47.25;47.25;47.25
13.10.2010 04:00;47.49;47.49;47.49;47.49;47.49
13.10.2010 05:00;49.16;49.14;49.14;49.16;49.14
13.10.2010 06:00;53.53;50.08;50.08;53.53;50.08
13.10.2010 07:00;58.30;50.36;50.36;58.30;50.36
13.10.2010 08:00;62.03;50.89;50.89;62.03;50.89
13.10.2010 09:00;67.48;50.89;50.89;67.48;50.89
13.10.2010 10:00;70.10;50.63;50.63;70.10;50.63
13.10.2010 11:00;66.32;50.27;50.27;66.32;50.27
13.10.2010 12:00;64.21;49.94;49.94;64.21;49.94
13.10.2010 13:00;59.92;49.70;49.70;59.92;49.70
13.10.2010 14:00;55.24;49.40;49.40;57.02;49.40
13.10.2010 15:00;53.99;49.86;49.86;53.99;49.86
13.10.2010 16:00;50.35;50.29;50.29;50.35;50.29
13.10.2010 17:00;53.39;50.46;50.46;53.39;50.46
13.10.2010 18:00;54.44;50.66;50.66;58.05;50.66
13.10.2010 19:00;54.75;51.32;51.32;62.25;51.32
13.10.2010 20:00;54.98;51.15;51.15;54.98;51.15
13.10.2010 21:00;53.47;50.74;50.74;53.47;50.74
13.10.2010 22:00;50.29;49.83;49.83;50.29;49.83
13.10.2010 23:00;48.20;48.20;48.20;48.20;48.20
14.10.2010 00:00;47.79;47.79;47.79;47.79;47.79
14.10.2010 01:00;47.13;47.13;47.13;47.13;47.13
14.10.2010 02:00;46.97;46.97;46.97;46.97;46.97
14.10.2010 03:00;46.91;46.91;46.91;46.91;46.91
14.10.2010 04:00;47.13;47.13;47.13;47.13;47.13
14.10.2010 05:00;48.65;48.65;48.65;48.65;48.65
14.10.2010 06:00;52.78;50.32;50.32;52.78;50.32
14.10.2010 07:00;63.90;51.70;51.70;63.90;51.70
14.10.2010 08:00;55.25;51.66;51.66;57.95;51.66
14.10.2010 09:00;55.27;51.33;51.33;57.93;51.33
14.10.2010 10:00;56.84;51.19;51.19;56.84;51.19
14.10.2010 11:00;54.83;51.04;51.04;54.83;51.04
14.10.2010 12:00;54.51;50.93;50.93;54.51;50.93
14.10.2010 13:00;54.05;50.76;50.76;54.58;50.76
14.10.2010 14:00;53.93;50.81;50.81;54.29;50.81
14.10.2010 15:00;53.87;50.75;50.75;53.87;50.75
14.10.2010 16:00;51.98;50.83;50.83;51.98;50.83
14.10.2010 17:00;52.99;50.84;50.84;52.99;50.84
14.10.2010 18:00;53.97;51.36;51.36;58.22;51.36
14.10.2010 19:00;54.22;51.96;51.96;59.88;51.96
14.10.2010 20:00;54.85;51.85;51.85;57.99;51.85
14.10.2010 21:00;54.34;51.52;51.52;54.34;51.52
14.10.2010 22:00;50.62;50.62;50.62;50.62;50.62
14.10.2010 23:00;48.85;48.85;48.85;48.85;48.85
15.10.2010 00:00;47.72;47.72;47.72;47.72;47.72
15.10.2010 01:00;47.60;47.60;47.60;47.60;47.60
15.10.2010 02:00;47.45;47.45;47.45;47.45;47.45
15.10.2010 03:00;47.57;47.57;47.57;47.57;47.57
15.10.2010 04:00;48.02;48.02;48.02;48.02;48.02
15.10.2010 05:00;49.50;49.43;49.43;49.50;49.43
15.10.2010 06:00;52.33;50.68;50.68;55.52;50.68
15.10.2010 07:00;53.15;52.42;52.42;61.90;52.42
15.10.2010 08:00;53.22;53.11;53.11;68.28;53.11
15.10.2010 09:00;53.30;52.64;52.64;75.65;52.64
15.10.2010 10:00;59.75;51.92;51.92;65.10;51.92
15.10.2010 11:00;55.93;51.74;51.74;60.41;51.74
15.10.2010 12:00;54.90;51.12;51.12;57.34;51.12
15.10.2010 13:00;53.89;50.94;50.94;59.94;50.94
15.10.2010 14:00;53.58;50.74;50.74;55.80;50.74
15.10.2010 15:00;51.79;50.40;50.40;55.03;50.40
15.10.2010 16:00;54.00;50.46;50.46;54.00;50.46
15.10.2010 17:00;55.39;50.54;50.54;55.39;50.54
15.10.2010 18:00;65.91;51.27;51.27;65.91;51.27
15.10.2010 19:00;67.70;52.12;52.12;67.70;52.12
15.10.2010 20:00;55.20;52.68;52.68;55.20;52.68
15.10.2010 21:00;52.21;50.64;50.64;52.21;50.64
15.10.2010 22:00;50.95;50.09;50.09;50.95;50.09
15.10.2010 23:00;48.74;48.74;48.74;48.74;48.74
16.10.2010 00:00;48.81;48.81;48.81;48.81;48.81
16.10.2010 01:00;47.97;47.97;47.97;47.97;47.97
16.10.2010 02:00;47.54;47.54;47.54;47.54;47.54
16.10.2010 03:00;47.49;47.49;47.49;47.49;47.49
16.10.2010 04:00;47.55;47.55;47.55;47.55;47.55
16.10.2010 05:00;48.09;48.09;48.09;48.09;48.09
16.10.2010 06:00;48.55;48.55;48.55;48.55;48.55
16.10.2010 07:00;48.75;48.75;48.75;48.75;48.75
16.10.2010 08:00;49.41;49.41;49.41;49.41;49.41
16.10.2010 09:00;51.27;51.27;51.27;51.27;51.27
16.10.2010 10:00;52.82;52.82;52.82;52.82;52.82
16.10.2010 11:00;53.31;52.95;52.95;53.31;52.95
16.10.2010 12:00;51.50;51.11;51.11;51.50;51.11
16.10.2010 13:00;48.96;48.96;48.96;48.96;48.96
16.10.2010 14:00;48.34;48.34;48.34;48.34;48.34
16.10.2010 15:00;48.07;48.07;48.07;48.07;48.07
16.10.2010 16:00;48.65;48.65;48.65;48.65;48.65
16.10.2010 17:00;49.85;49.85;49.85;49.85;49.85
16.10.2010 18:00;56.38;52.94;52.94;56.38;52.94
16.10.2010 19:00;62.09;54.07;54.07;62.09;54.07
16.10.2010 20:00;53.48;53.48;53.48;53.48;53.48
16.10.2010 21:00;49.66;49.66;49.66;49.66;49.66
16.10.2010 22:00;48.99;48.99;48.99;48.99;48.99
16.10.2010 23:00;48.58;48.58;48.58;48.58;48.58
17.10.2010 00:00;48.84;48.84;48.84;48.84;48.84
17.10.2010 01:00;48.55;48.55;48.55;48.55;48.55
17.10.2010 02:00;48.40;48.40;48.40;48.40;48.40
17.10.2010 03:00;48.31;48.31;48.31;48.31;48.31
17.10.2010 04:00;48.33;48.33;48.33;48.33;48.33
17.10.2010 05:00;48.49;48.49;48.49;48.49;48.49
17.10.2010 06:00;48.61;48.61;48.61;48.61;48.61
17.10.2010 07:00;48.47;48.47;48.47;48.47;48.47
17.10.2010 08:00;48.57;48.57;48.57;48.57;48.57
17.10.2010 09:00;48.95;48.95;48.95;48.95;48.95
17.10.2010 10:00;49.82;49.82;49.82;49.82;49.82
17.10.2010 11:00;51.34;51.34;51.34;51.34;51.34
17.10.2010 12:00;49.92;49.92;49.92;49.92;49.92
17.10.2010 13:00;48.92;48.92;48.92;48.92;48.92
17.10.2010 14:00;48.24;48.24;48.24;48.24;48.24
17.10.2010 15:00;48.18;48.18;48.18;48.18;48.18
17.10.2010 16:00;48.54;48.54;48.54;48.54;48.54
17.10.2010 17:00;49.51;49.51;49.51;49.51;49.51
17.10.2010 18:00;57.46;52.58;52.58;57.46;52.58
17.10.2010 19:00;67.71;54.66;54.66;67.71;54.66
17.10.2010 20:00;57.53;54.79;54.79;57.53;54.79
17.10.2010 21:00;52.95;52.95;52.95;52.95;52.95
17.10.2010 22:00;51.77;51.77;51.77;51.77;51.77
17.10.2010 23:00;49.12;49.12;49.12;49.12;49.12
18.10.2010 00:00;48.43;48.43;48.43;48.43;48.43
18.10.2010 01:00;48.01;48.01;48.01;48.01;48.01
18.10.2010 02:00;47.42;47.42;47.42;47.42;47.42
18.10.2010 03:00;47.43;47.43;47.43;47.43;47.43
18.10.2010 04:00;47.97;47.97;47.97;47.97;47.97
18.10.2010 05:00;49.63;48.74;48.74;49.63;48.74
18.10.2010 06:00;55.03;50.48;50.48;55.03;50.48
18.10.2010 07:00;52.70;52.18;52.18;58.01;52.18
18.10.2010 08:00;64.30;52.44;52.44;64.30;52.44
18.10.2010 09:00;58.83;52.23;52.23;58.83;52.23
18.10.2010 10:00;57.67;52.49;52.49;57.67;52.49
18.10.2010 11:00;56.57;51.70;51.70;56.57;51.70
18.10.2010 12:00;54.90;51.10;51.10;54.90;51.10
18.10.2010 13:00;54.38;50.36;50.36;54.38;50.36
18.10.2010 14:00;53.90;50.03;50.03;53.90;50.03
18.10.2010 15:00;52.96;49.86;49.86;52.96;49.86
18.10.2010 16:00;51.27;49.92;49.92;51.27;49.92
18.10.2010 17:00;52.91;50.96;50.96;52.91;50.96
18.10.2010 18:00;57.87;51.57;51.57;57.87;51.57
18.10.2010 19:00;57.38;51.97;51.97;57.38;51.97
18.10.2010 20:00;54.35;51.68;51.68;54.35;51.68
18.10.2010 21:00;49.85;49.85;49.85;49.85;49.85
18.10.2010 22:00;48.61;48.61;48.61;48.61;48.61
18.10.2010 23:00;47.83;47.83;47.83;47.83;47.83
19.10.2010 00:00;47.36;47.36;47.36;47.36;47.36
19.10.2010 01:00;46.81;46.81;46.81;46.81;46.81
19.10.2010 02:00;46.19;46.19;46.19;46.19;46.19
19.10.2010 03:00;46.29;46.29;46.29;46.29;46.29
19.10.2010 04:00;46.88;46.88;46.88;46.88;46.88
19.10.2010 05:00;48.88;48.88;48.88;48.88;48.88
19.10.2010 06:00;52.04;49.73;49.73;52.04;49.73
19.10.2010 07:00;54.94;50.68;50.68;54.94;50.68
19.10.2010 08:00;62.42;50.90;50.90;62.42;50.90
19.10.2010 09:00;61.03;50.85;50.85;61.03;50.85
19.10.2010 10:00;60.40;50.69;50.69;60.40;50.69
19.10.2010 11:00;59.57;50.37;50.37;59.57;50.37
19.10.2010 12:00;58.05;50.38;50.38;58.05;50.38
19.10.2010 13:00;57.52;50.21;50.21;57.52;50.21
19.10.2010 14:00;57.04;50.01;50.01;57.04;50.01
19.10.2010 15:00;56.91;49.81;49.81;56.91;49.81
19.10.2010 16:00;53.39;50.28;50.28;53.39;50.28
19.10.2010 17:00;55.07;51.02;51.02;55.07;51.02
19.10.2010 18:00;61.27;52.11;52.11;61.27;52.11
19.10.2010 19:00;58.75;52.65;52.65;58.75;52.65
19.10.2010 20:00;54.54;52.10;52.10;54.54;52.10
19.10.2010 21:00;50.78;50.78;50.78;50.78;50.78
19.10.2010 22:00;49.56;49.56;49.56;49.56;49.56
19.10.2010 23:00;48.50;48.50;48.50;48.50;48.50
20.10.2010 00:00;48.35;48.35;48.35;48.35;48.35
20.10.2010 01:00;48.02;48.02;48.02;48.02;48.02
20.10.2010 02:00;47.62;47.62;47.62;47.62;47.62
20.10.2010 03:00;47.51;47.51;47.51;47.51;47.51
20.10.2010 04:00;47.92;47.92;47.92;47.92;47.92
20.10.2010 05:00;48.85;48.85;48.85;48.85;48.85
20.10.2010 06:00;54.07;49.98;49.98;54.07;49.98
20.10.2010 07:00;62.31;51.76;51.76;62.31;51.76
20.10.2010 08:00;62.70;51.79;51.79;62.70;51.79
20.10.2010 09:00;62.72;51.51;51.51;62.72;51.51
20.10.2010 10:00;61.24;51.11;51.11;61.24;51.11
20.10.2010 11:00;59.92;50.50;50.50;59.92;50.50
20.10.2010 12:00;58.23;49.98;49.98;58.23;49.98
20.10.2010 13:00;54.98;49.83;49.83;54.98;49.83
20.10.2010 14:00;52.74;49.96;49.96;52.74;49.96
20.10.2010 15:00;51.70;49.25;49.25;51.70;49.25
20.10.2010 16:00;50.78;48.92;48.92;50.78;48.92
20.10.2010 17:00;52.57;50.01;50.01;52.57;50.01
20.10.2010 18:00;59.40;51.55;51.55;59.40;51.55
20.10.2010 19:00;60.22;52.04;52.04;60.22;52.04
20.10.2010 20:00;54.11;51.95;51.95;54.11;51.95
20.10.2010 21:00;50.24;50.24;50.24;50.24;50.24
20.10.2010 22:00;48.82;48.82;48.82;48.82;48.82
20.10.2010 23:00;48.29;48.29;48.29;48.29;48.29
21.10.2010 00:00;48.30;48.30;48.30;48.30;48.30
21.10.2010 01:00;48.18;48.18;48.18;48.18;48.18
21.10.2010 02:00;48.17;48.17;48.17;48.17;48.17
21.10.2010 03:00;48.20;48.20;48.20;48.20;48.20
21.10.2010 04:00;48.37;48.37;48.37;48.37;48.37
21.10.2010 05:00;49.28;49.21;49.21;49.28;49.21
21.10.2010 06:00;53.65;50.52;50.52;53.65;50.52
21.10.2010 07:00;61.55;53.40;53.40;61.55;53.40
21.10.2010 08:00;71.71;53.42;53.42;71.71;53.42
21.10.2010 09:00;69.97;53.16;53.16;69.97;53.16
21.10.2010 10:00;68.01;52.99;52.99;68.01;52.99
21.10.2010 11:00;64.31;52.04;52.04;64.31;52.04
21.10.2010 12:00;58.93;51.23;51.23;58.93;51.23
21.10.2010 13:00;55.03;50.74;50.74;55.03;50.74
21.10.2010 14:00;51.57;50.53;50.53;51.57;50.53
21.10.2010 15:00;50.90;49.95;49.95;50.90;49.95
21.10.2010 16:00;50.74;49.88;49.88;50.74;49.88
21.10.2010 17:00;54.56;50.01;50.01;54.56;50.01
21.10.2010 18:00;66.91;50.38;50.38;66.91;50.38
21.10.2010 19:00;69.29;50.61;50.61;69.29;50.61
21.10.2010 20:00;53.39;50.08;50.08;53.39;50.08
21.10.2010 21:00;49.71;49.36;49.36;49.71;49.36
21.10.2010 22:00;48.97;48.97;48.97;48.97;48.97
21.10.2010 23:00;48.38;48.38;48.38;48.38;48.38
22.10.2010 00:00;48.61;48.61;48.61;48.61;48.61
22.10.2010 01:00;48.44;48.44;48.44;48.44;48.44
22.10.2010 02:00;48.36;48.36;48.36;48.36;48.36
22.10.2010 03:00;48.40;48.40;48.40;48.40;48.40
22.10.2010 04:00;48.65;48.65;48.65;48.65;48.65
22.10.2010 05:00;49.55;49.55;49.55;49.55;48.81
22.10.2010 06:00;54.45;49.19;49.19;54.45;49.19
22.10.2010 07:00;61.05;50.11;50.11;61.05;50.11
22.10.2010 08:00;66.50;50.94;50.94;66.50;50.94
22.10.2010 09:00;68.91;51.43;51.43;68.91;51.43
22.10.2010 10:00;67.11;51.43;51.43;67.11;51.43
22.10.2010 11:00;64.94;51.48;51.48;64.94;51.48
22.10.2010 12:00;61.73;51.21;51.21;61.73;51.21
22.10.2010 13:00;55.23;51.35;51.35;55.23;51.35
22.10.2010 14:00;54.27;50.97;50.97;54.27;50.97
22.10.2010 15:00;54.26;50.53;50.53;54.26;50.53
22.10.2010 16:00;53.90;50.60;50.60;53.90;50.60
22.10.2010 17:00;59.03;51.18;51.18;59.03;51.18
22.10.2010 18:00;67.27;51.55;51.55;67.27;51.55
22.10.2010 19:00;65.47;51.81;51.81;65.47;51.81
22.10.2010 20:00;54.91;50.99;50.99;54.91;50.99
22.10.2010 21:00;50.80;49.64;49.64;50.80;49.64
22.10.2010 22:00;49.27;49.27;49.27;49.27;49.27
22.10.2010 23:00;48.67;48.67;48.67;48.67;48.67
23.10.2010 00:00;48.81;48.81;48.81;48.81;48.81
23.10.2010 01:00;48.55;48.55;48.55;48.55;48.55
23.10.2010 02:00;48.47;48.47;48.47;48.47;48.47
23.10.2010 03:00;48.43;48.43;48.43;48.43;48.43
23.10.2010 04:00;48.55;48.55;48.55;48.55;48.55
23.10.2010 05:00;48.88;48.88;48.88;48.88;48.88
23.10.2010 06:00;49.49;48.88;48.88;49.49;48.88
23.10.2010 07:00;49.09;48.93;48.93;49.09;48.93
23.10.2010 08:00;49.52;49.48;49.48;49.52;49.48
23.10.2010 09:00;52.39;50.86;50.86;52.39;50.86
23.10.2010 10:00;54.59;51.81;51.81;54.59;51.81
23.10.2010 11:00;54.53;52.06;52.06;54.53;52.06
23.10.2010 12:00;52.12;50.99;50.99;52.12;50.99
23.10.2010 13:00;49.66;49.42;49.42;49.66;49.42
23.10.2010 14:00;49.14;48.72;48.72;49.14;48.72
23.10.2010 15:00;48.95;48.68;48.68;48.95;48.68
23.10.2010 16:00;49.33;48.74;48.74;49.33;48.74
23.10.2010 17:00;52.11;49.42;49.42;52.11;49.42
23.10.2010 18:00;54.10;51.66;51.66;54.10;51.66
23.10.2010 19:00;53.74;51.92;51.92;53.74;51.92
23.10.2010 20:00;50.54;50.54;50.54;50.54;50.11
23.10.2010 21:00;49.15;49.15;49.15;49.15;49.15
23.10.2010 22:00;49.23;49.23;49.23;49.23;48.90
23.10.2010 23:00;49.25;49.25;49.25;49.25;48.86
24.10.2010 00:00;48.82;48.82;48.82;48.82;48.82
24.10.2010 01:00;48.66;48.66;48.66;48.66;48.66
24.10.2010 02:00;48.52;48.52;48.52;48.52;48.52
24.10.2010 03:00;48.45;48.45;48.45;48.45;48.45
24.10.2010 04:00;48.47;48.47;48.47;48.47;48.47
24.10.2010 05:00;48.61;48.61;48.61;48.61;48.61
24.10.2010 06:00;48.74;48.74;48.74;48.74;48.74
24.10.2010 07:00;48.61;48.61;48.61;48.61;48.61
24.10.2010 08:00;48.61;48.61;48.61;48.61;48.61
24.10.2010 09:00;48.81;48.81;48.81;48.81;48.81
24.10.2010 10:00;49.13;49.13;49.13;49.13;48.94
24.10.2010 11:00;49.29;49.29;49.29;49.29;49.07
24.10.2010 12:00;49.07;49.07;49.07;49.07;49.04
24.10.2010 13:00;48.94;48.94;48.94;48.94;48.81
24.10.2010 14:00;48.88;48.88;48.88;48.88;48.80
24.10.2010 15:00;48.92;48.92;48.92;48.92;48.79
24.10.2010 16:00;49.31;49.31;49.31;49.31;48.78
24.10.2010 17:00;50.96;50.36;50.36;50.96;49.11
24.10.2010 18:00;53.73;51.32;51.32;53.73;51.32
24.10.2010 19:00;54.50;53.03;53.03;54.50;53.03
24.10.2010 20:00;52.28;52.19;52.19;52.28;52.19
24.10.2010 21:00;49.77;49.77;49.77;49.77;49.77
24.10.2010 22:00;49.94;49.94;49.94;49.94;49.69
24.10.2010 23:00;48.52;48.52;48.52;48.52;48.52
25.10.2010 00:00;48.48;48.48;48.48;48.48;48.48
25.10.2010 01:00;48.36;48.36;48.36;48.36;48.36
25.10.2010 02:00;48.28;48.28;48.28;48.28;48.28
25.10.2010 03:00;48.39;48.39;48.39;48.39;48.39
25.10.2010 04:00;48.78;48.78;48.78;48.78;48.64
25.10.2010 05:00;50.00;50.00;50.00;50.00;48.89
25.10.2010 06:00;54.00;51.15;50.47;54.00;50.09
25.10.2010 07:00;56.79;53.95;52.06;56.79;52.06
25.10.2010 08:00;53.78;55.96;55.96;62.90;55.96
25.10.2010 09:00;54.09;54.89;54.89;67.52;54.89
25.10.2010 10:00;54.06;54.35;54.35;71.41;54.35
25.10.2010 11:00;53.71;53.85;53.58;67.86;53.58
25.10.2010 12:00;53.73;53.37;52.28;62.16;52.28
25.10.2010 13:00;53.67;52.25;52.25;59.02;52.25
25.10.2010 14:00;54.23;51.91;51.91;55.11;51.91
25.10.2010 15:00;53.30;51.58;51.58;53.30;51.58
25.10.2010 16:00;51.09;50.80;50.80;51.09;50.80
25.10.2010 17:00;53.95;51.93;51.93;55.95;51.93
25.10.2010 18:00;56.70;53.53;53.53;63.56;53.53
25.10.2010 19:00;56.51;53.89;53.89;62.88;53.89
25.10.2010 20:00;54.94;53.61;53.61;54.94;53.61
25.10.2010 21:00;50.48;50.48;50.41;50.48;50.41
25.10.2010 22:00;49.75;49.75;49.75;49.75;49.43
25.10.2010 23:00;48.92;48.92;48.92;48.92;48.83
26.10.2010 00:00;49.02;49.02;49.02;49.02;49.02
26.10.2010 01:00;48.82;48.82;48.82;48.82;48.82
26.10.2010 02:00;48.64;48.64;48.64;48.64;48.64
26.10.2010 03:00;48.66;48.66;48.66;48.66;48.66
26.10.2010 04:00;49.04;49.04;49.04;49.04;49.04
26.10.2010 05:00;50.31;50.31;49.97;50.31;49.97
26.10.2010 06:00;54.08;51.45;51.45;54.08;51.45
26.10.2010 07:00;53.25;53.77;53.77;58.88;53.77
26.10.2010 08:00;54.19;53.87;53.87;63.92;53.87
26.10.2010 09:00;54.28;53.71;53.71;66.90;53.71
26.10.2010 10:00;54.23;53.13;53.13;63.20;53.13
26.10.2010 11:00;53.99;52.91;52.91;62.99;52.91
26.10.2010 12:00;53.77;51.96;51.96;59.90;51.96
26.10.2010 13:00;53.67;51.73;51.73;58.05;51.73
26.10.2010 14:00;54.06;51.44;51.44;56.35;51.44
26.10.2010 15:00;53.61;51.17;51.17;54.94;51.17
26.10.2010 16:00;53.54;51.37;51.37;55.00;51.37
26.10.2010 17:00;53.58;51.79;51.79;61.66;51.79
26.10.2010 18:00;55.01;52.29;52.29;70.19;52.29
26.10.2010 19:00;55.07;52.46;52.46;69.95;52.46
26.10.2010 20:00;55.95;51.43;51.43;59.12;51.43
26.10.2010 21:00;52.96;50.51;50.51;52.96;50.51
26.10.2010 22:00;50.62;49.72;49.72;50.62;49.72
26.10.2010 23:00;49.56;49.02;49.02;49.56;49.02
27.10.2010 00:00;49.52;49.17;49.17;49.52;49.17
27.10.2010 01:00;49.02;49.02;49.02;49.02;49.02
27.10.2010 02:00;48.85;48.85;48.85;48.85;48.85
27.10.2010 03:00;48.78;48.78;48.78;48.78;48.78
27.10.2010 04:00;49.36;48.97;48.97;49.36;48.97
27.10.2010 05:00;51.21;48.90;48.90;51.21;48.90
27.10.2010 06:00;53.63;49.23;49.23;53.63;49.23
27.10.2010 07:00;53.23;49.80;49.80;60.78;49.80
27.10.2010 08:00;54.50;50.50;50.50;67.61;50.50
27.10.2010 09:00;54.56;50.29;50.29;61.64;50.29
27.10.2010 10:00;54.44;50.08;50.08;60.41;50.08
27.10.2010 11:00;54.17;49.87;49.87;58.75;49.87
27.10.2010 12:00;54.10;49.71;49.71;57.00;49.71
27.10.2010 13:00;54.12;49.67;49.67;55.02;49.67
27.10.2010 14:00;52.16;49.56;49.56;52.16;49.56
27.10.2010 15:00;50.94;49.66;49.66;50.94;49.66
27.10.2010 16:00;50.80;49.64;49.64;50.80;49.64
27.10.2010 17:00;53.95;50.05;50.05;53.95;50.05
27.10.2010 18:00;51.97;50.38;50.38;59.65;50.38
27.10.2010 19:00;52.38;50.32;50.32;57.31;50.32
27.10.2010 20:00;52.36;49.79;49.79;53.07;49.79
27.10.2010 21:00;49.97;49.26;49.26;49.97;49.26
27.10.2010 22:00;48.21;48.21;48.21;48.21;48.21
27.10.2010 23:00;47.62;47.62;47.62;47.62;47.62
28.10.2010 00:00;42.33;42.33;42.33;42.33;42.33
28.10.2010 01:00;41.53;41.53;41.53;41.53;41.53
28.10.2010 02:00;41.86;41.86;41.86;41.86;41.86
28.10.2010 03:00;41.91;41.91;41.91;41.91;41.91
28.10.2010 04:00;44.19;42.83;42.83;44.19;42.83
28.10.2010 05:00;47.86;45.20;45.20;47.86;45.20
28.10.2010 06:00;49.11;47.77;47.77;49.11;47.77
28.10.2010 07:00;49.67;48.15;48.15;49.67;48.15
28.10.2010 08:00;49.94;48.31;48.31;49.94;48.31
28.10.2010 09:00;49.87;48.22;48.22;49.87;48.22
28.10.2010 10:00;48.76;48.11;48.11;48.76;48.11
28.10.2010 11:00;48.58;48.00;48.00;48.58;48.00
28.10.2010 12:00;48.28;47.93;47.93;48.28;47.93
28.10.2010 13:00;48.29;47.90;47.90;48.29;47.90
28.10.2010 14:00;48.20;47.81;47.81;48.20;47.81
28.10.2010 15:00;48.78;47.89;47.89;48.78;47.89
28.10.2010 16:00;49.42;47.89;47.89;49.42;47.89
28.10.2010 17:00;49.56;48.10;48.10;49.56;48.10
28.10.2010 18:00;49.75;48.25;48.25;49.75;48.25
28.10.2010 19:00;49.70;48.19;48.19;49.70;48.19
28.10.2010 20:00;49.61;48.08;48.08;49.61;48.08
28.10.2010 21:00;47.95;47.51;47.51;47.95;47.51
28.10.2010 22:00;46.89;46.89;46.89;46.89;46.89
28.10.2010 23:00;44.92;44.92;44.92;44.92;44.92
29.10.2010 00:00;47.44;47.44;47.44;47.44;47.44
29.10.2010 01:00;46.95;46.95;46.95;46.95;46.95
29.10.2010 02:00;46.77;46.77;46.77;46.77;46.77
29.10.2010 03:00;46.84;46.84;46.84;46.84;46.84
29.10.2010 04:00;47.41;47.41;47.41;47.41;47.41
29.10.2010 05:00;48.37;48.23;48.23;48.37;48.23
29.10.2010 06:00;50.93;48.76;48.76;50.93;48.76
29.10.2010 07:00;53.81;49.96;49.96;57.70;49.96
29.10.2010 08:00;51.23;50.19;50.19;58.79;50.19
29.10.2010 09:00;51.27;49.85;49.85;61.02;49.85
29.10.2010 10:00;51.26;49.62;49.62;56.16;49.62
29.10.2010 11:00;51.16;49.26;49.26;53.39;49.26
29.10.2010 12:00;51.07;49.06;49.06;52.99;49.06
29.10.2010 13:00;50.66;48.87;48.87;51.62;48.87
29.10.2010 14:00;50.34;48.77;48.77;50.34;48.77
29.10.2010 15:00;48.48;48.36;48.36;48.48;48.36
29.10.2010 16:00;48.35;48.35;48.35;48.35;48.35
29.10.2010 17:00;49.18;49.18;49.18;49.18;49.18
29.10.2010 18:00;51.47;50.57;50.57;51.47;50.57
29.10.2010 19:00;49.84;49.84;49.84;49.84;49.84
29.10.2010 20:00;48.40;48.40;48.40;48.40;48.40
29.10.2010 21:00;47.07;47.07;47.07;47.07;47.07
29.10.2010 22:00;46.75;46.75;46.75;46.75;46.75
29.10.2010 23:00;45.65;45.65;45.65;45.65;45.65
30.10.2010 00:00;46.59;46.59;46.59;46.59;46.59
30.10.2010 01:00;45.71;45.71;45.71;45.71;45.71
30.10.2010 02:00;45.20;45.20;45.20;45.20;45.20
30.10.2010 03:00;44.87;44.87;44.87;44.87;44.87
30.10.2010 04:00;45.20;45.20;45.20;45.20;45.20
30.10.2010 05:00;45.73;45.73;45.73;45.73;45.73
30.10.2010 06:00;46.63;46.63;46.63;46.63;46.63
30.10.2010 07:00;46.29;46.29;46.29;46.29;46.29
30.10.2010 08:00;46.45;46.45;46.45;46.45;46.45
30.10.2010 09:00;47.95;47.95;47.95;47.95;47.95
30.10.2010 10:00;48.25;48.25;48.25;48.25;48.25
30.10.2010 11:00;48.18;48.18;48.18;48.18;48.18
30.10.2010 12:00;48.08;48.08;48.08;48.08;48.08
30.10.2010 13:00;47.21;47.21;47.21;47.21;47.21
30.10.2010 14:00;46.63;46.63;46.63;46.63;46.63
30.10.2010 15:00;46.70;46.70;46.70;46.70;46.70
30.10.2010 16:00;47.30;47.30;47.30;47.30;47.30
30.10.2010 17:00;49.55;48.58;48.58;49.55;48.58
30.10.2010 18:00;52.07;49.65;49.65;52.07;49.65
30.10.2010 19:00;50.42;50.42;50.42;50.42;50.42
30.10.2010 20:00;48.80;48.80;48.80;48.80;48.80
30.10.2010 21:00;47.93;47.93;47.93;47.93;47.93
30.10.2010 22:00;48.02;48.02;48.02;48.02;48.02
30.10.2010 23:00;46.65;46.65;46.65;46.65;46.65
31.10.2010 00:00;46.80;46.80;46.80;46.80;46.80
31.10.2010 01:00;46.04;46.04;46.04;46.04;46.04
31.10.2010 02:00;44.76;44.76;44.76;44.76;44.76
31.10.2010 03:00;44.71;44.71;44.71;44.71;44.71
31.10.2010 04:00;44.75;44.75;44.75;44.75;44.75
31.10.2010 05:00;45.74;45.74;45.74;45.74;45.74
31.10.2010 06:00;45.86;45.86;45.86;45.86;45.86
31.10.2010 07:00;46.08;46.08;46.08;46.08;46.08
31.10.2010 08:00;46.33;46.33;46.33;46.33;46.33
31.10.2010 09:00;46.98;46.98;46.98;46.98;46.98
31.10.2010 10:00;47.33;47.33;47.33;47.33;47.33
31.10.2010 11:00;48.17;48.17;48.17;48.17;48.17
31.10.2010 12:00;48.41;48.41;48.41;48.41;48.41
31.10.2010 13:00;46.77;46.77;46.77;46.77;46.77
31.10.2010 14:00;46.02;46.02;46.02;46.02;46.02
31.10.2010 15:00;46.27;46.27;46.27;46.27;46.27
31.10.2010 16:00;47.65;47.65;47.65;47.65;47.65
31.10.2010 17:00;49.61;49.61;49.61;49.61;49.61
31.10.2010 18:00;50.66;50.66;50.66;50.66;50.66
31.10.2010 19:00;50.44;50.44;50.44;50.44;50.44
31.10.2010 20:00;48.93;48.93;48.93;48.93;48.93
31.10.2010 21:00;47.86;47.86;47.86;47.86;47.86
31.10.2010 22:00;47.65;47.65;47.65;47.65;47.65
31.10.2010 23:00;46.03;46.03;46.03;46.03;46.03
01.11.2010 00:00;46.15;46.15;46.15;46.15;46.15
01.11.2010 01:00;45.93;45.93;45.93;45.93;45.93
01.11.2010 02:00;46.08;46.08;46.08;46.08;46.08
01.11.2010 03:00;46.02;46.02;46.02;46.02;46.02
01.11.2010 04:00;46.44;46.44;46.44;46.44;46.44
01.11.2010 05:00;47.38;47.38;47.38;47.38;47.38
01.11.2010 06:00;47.85;47.85;47.85;47.85;47.85
01.11.2010 07:00;48.32;48.32;48.32;48.32;48.32
01.11.2010 08:00;48.65;48.65;48.65;48.65;48.65
01.11.2010 09:00;48.93;48.93;48.93;48.93;48.93
01.11.2010 10:00;49.03;49.03;49.03;49.03;49.03
01.11.2010 11:00;49.42;49.42;49.42;49.42;49.42
01.11.2010 12:00;50.07;50.07;50.07;50.07;50.07
01.11.2010 13:00;49.34;49.34;49.34;49.34;49.34
01.11.2010 14:00;48.83;48.83;48.83;48.83;48.83
01.11.2010 15:00;48.25;48.13;48.13;48.25;48.13
01.11.2010 16:00;49.62;48.93;48.93;49.62;48.93
01.11.2010 17:00;52.09;49.98;49.98;52.09;49.98
01.11.2010 18:00;51.75;51.75;51.75;51.75;51.75
01.11.2010 19:00;50.71;50.71;50.71;50.71;50.71
01.11.2010 20:00;49.77;49.77;49.77;49.77;49.77
01.11.2010 21:00;48.86;48.86;48.86;48.86;48.86
01.11.2010 22:00;49.03;49.03;49.03;49.03;49.03
01.11.2010 23:00;48.04;48.04;48.04;48.04;48.04
02.11.2010 00:00;47.10;47.10;47.10;47.10;47.10
02.11.2010 01:00;46.71;46.71;46.71;46.71;46.71
02.11.2010 02:00;46.13;46.13;46.13;46.13;46.13
02.11.2010 03:00;46.11;46.11;46.11;46.11;46.11
02.11.2010 04:00;46.62;46.62;46.62;46.62;46.62
02.11.2010 05:00;47.53;47.53;47.53;47.53;47.53
02.11.2010 06:00;48.94;48.94;48.94;48.94;48.94
02.11.2010 07:00;51.55;50.52;50.52;51.55;50.52
02.11.2010 08:00;51.77;51.77;51.77;51.77;51.77
02.11.2010 09:00;50.87;50.87;50.87;50.87;50.87
02.11.2010 10:00;50.64;50.40;50.40;50.64;50.40
02.11.2010 11:00;50.38;50.14;50.14;50.38;50.14
02.11.2010 12:00;50.07;49.58;49.58;50.07;49.58
02.11.2010 13:00;50.43;49.17;49.17;50.43;49.17
02.11.2010 14:00;50.00;49.02;49.02;50.00;49.02
02.11.2010 15:00;48.91;48.83;48.83;48.91;48.83
02.11.2010 16:00;51.17;48.89;48.89;51.17;48.89
02.11.2010 17:00;51.74;49.68;49.68;51.74;49.68
02.11.2010 18:00;51.88;50.40;50.40;51.88;50.40
02.11.2010 19:00;50.32;50.01;50.01;50.32;50.01
02.11.2010 20:00;48.26;48.26;48.26;48.26;48.26
02.11.2010 21:00;47.27;47.27;47.27;47.27;47.27
02.11.2010 22:00;46.35;46.35;46.35;46.35;46.35
02.11.2010 23:00;44.90;42.95;42.95;44.90;42.95
03.11.2010 00:00;45.30;42.39;42.39;45.30;42.39
03.11.2010 01:00;44.38;42.16;42.16;44.38;42.16
03.11.2010 02:00;44.02;42.14;42.14;44.02;42.14
03.11.2010 03:00;43.30;42.01;42.01;43.30;42.01
03.11.2010 04:00;43.36;42.84;42.84;43.36;42.84
03.11.2010 05:00;45.49;45.49;45.49;45.49;45.49
03.11.2010 06:00;47.27;47.27;47.27;47.27;47.27
03.11.2010 07:00;48.38;48.38;48.38;48.38;48.38
03.11.2010 08:00;48.69;48.69;48.69;48.69;48.69
03.11.2010 09:00;48.65;48.65;48.65;48.65;48.65
03.11.2010 10:00;48.60;48.60;48.60;48.60;48.60
03.11.2010 11:00;48.77;48.77;48.77;48.77;48.77
03.11.2010 12:00;48.57;48.57;48.57;48.57;48.57
03.11.2010 13:00;48.57;48.57;48.57;48.57;48.57
03.11.2010 14:00;48.53;48.53;48.53;48.53;48.53
03.11.2010 15:00;48.57;48.57;48.57;48.57;48.57
03.11.2010 16:00;48.86;48.86;48.86;48.86;48.86
03.11.2010 17:00;49.44;49.44;49.44;49.44;49.44
03.11.2010 18:00;49.61;49.61;49.61;49.61;49.61
03.11.2010 19:00;49.20;49.20;49.20;49.20;49.20
03.11.2010 20:00;48.63;48.63;48.63;48.63;48.63
03.11.2010 21:00;47.46;47.46;47.46;47.46;47.46
03.11.2010 22:00;46.77;46.77;46.77;46.77;46.77
03.11.2010 23:00;44.52;44.52;44.52;44.52;44.52
04.11.2010 00:00;44.44;44.44;44.44;44.44;44.44
04.11.2010 01:00;43.53;43.53;43.53;43.53;43.53
04.11.2010 02:00;43.60;43.60;43.60;43.60;43.60
04.11.2010 03:00;44.18;44.18;44.18;44.18;44.18
04.11.2010 04:00;45.15;45.15;45.15;45.15;45.15
04.11.2010 05:00;47.05;47.05;47.05;47.05;47.05
04.11.2010 06:00;48.33;48.33;48.33;48.33;48.33
04.11.2010 07:00;49.31;49.31;49.31;49.31;49.31
04.11.2010 08:00;50.00;50.00;50.00;50.00;50.00
04.11.2010 09:00;49.84;49.84;49.84;49.84;49.84
04.11.2010 10:00;49.79;49.79;49.79;49.79;49.79
04.11.2010 11:00;49.33;49.33;49.33;49.33;49.33
04.11.2010 12:00;48.65;48.65;48.65;48.65;48.65
04.11.2010 13:00;48.46;48.46;48.46;48.46;48.46
04.11.2010 14:00;48.32;48.32;48.32;48.32;48.32
04.11.2010 15:00;48.26;48.26;48.26;48.26;48.26
04.11.2010 16:00;48.65;48.65;48.65;48.65;48.65
04.11.2010 17:00;50.53;50.53;50.53;50.53;50.53
04.11.2010 18:00;50.44;50.44;50.44;50.44;50.44
04.11.2010 19:00;49.45;49.45;49.45;49.45;49.45
04.11.2010 20:00;48.44;48.44;48.44;48.44;48.44
04.11.2010 21:00;47.85;47.85;47.85;47.85;47.85
04.11.2010 22:00;47.44;47.44;47.44;47.44;47.44
04.11.2010 23:00;46.59;46.59;46.59;46.59;46.59
05.11.2010 00:00;45.95;45.95;45.95;45.95;45.95
05.11.2010 01:00;45.85;45.85;45.85;45.85;45.85
05.11.2010 02:00;45.73;45.73;45.73;45.73;45.73
05.11.2010 03:00;45.80;45.80;45.80;45.80;45.80
05.11.2010 04:00;46.22;46.22;46.22;46.22;46.22
05.11.2010 05:00;47.66;47.66;47.66;47.66;47.66
05.11.2010 06:00;48.26;48.26;48.26;48.26;48.26
05.11.2010 07:00;49.54;49.54;49.54;49.54;49.54
05.11.2010 08:00;50.17;50.17;50.17;50.17;50.17
05.11.2010 09:00;49.79;49.79;49.79;49.79;49.79
05.11.2010 10:00;49.63;49.63;49.63;49.63;49.63
05.11.2010 11:00;49.44;49.44;49.44;49.44;49.44
05.11.2010 12:00;48.97;48.97;48.97;48.97;48.97
05.11.2010 13:00;48.63;48.63;48.63;48.63;48.63
05.11.2010 14:00;48.09;48.09;48.09;48.09;48.09
05.11.2010 15:00;47.86;47.86;47.86;47.86;47.86
05.11.2010 16:00;48.84;48.84;48.84;48.84;48.84
05.11.2010 17:00;50.90;50.90;50.90;50.90;50.90
05.11.2010 18:00;50.63;50.63;50.63;50.63;50.63
05.11.2010 19:00;49.74;49.74;49.74;49.74;49.74
05.11.2010 20:00;48.47;48.47;48.47;48.47;48.47
05.11.2010 21:00;46.96;46.96;46.96;46.96;46.96
05.11.2010 22:00;46.44;46.44;46.44;46.44;46.44
05.11.2010 23:00;46.20;46.20;46.20;46.20;46.20
06.11.2010 00:00;46.54;46.54;46.54;46.54;46.54
06.11.2010 01:00;46.22;46.22;46.22;46.22;46.22
06.11.2010 02:00;46.02;46.02;46.02;46.02;46.02
06.11.2010 03:00;45.99;45.99;45.99;45.99;45.99
06.11.2010 04:00;46.17;46.17;46.17;46.17;46.17
06.11.2010 05:00;46.72;46.72;46.72;46.72;46.72
06.11.2010 06:00;47.18;47.18;47.18;47.18;47.18
06.11.2010 07:00;47.00;47.00;47.00;47.00;47.00
06.11.2010 08:00;47.09;47.09;47.09;47.09;47.09
06.11.2010 09:00;47.41;47.41;47.41;47.41;47.41
06.11.2010 10:00;47.95;47.95;47.95;47.95;47.95
06.11.2010 11:00;48.14;48.14;48.14;48.14;48.14
06.11.2010 12:00;48.07;48.07;48.07;48.07;48.07
06.11.2010 13:00;46.92;46.92;46.92;46.92;46.92
06.11.2010 14:00;46.19;46.19;46.19;46.19;46.19
06.11.2010 15:00;46.96;46.96;46.96;46.96;46.96
06.11.2010 16:00;48.93;48.93;48.93;48.93;48.93
06.11.2010 17:00;51.87;51.87;51.87;51.87;51.87
06.11.2010 18:00;52.44;52.44;52.44;52.44;52.44
06.11.2010 19:00;51.25;51.25;51.25;51.25;51.25
06.11.2010 20:00;48.91;48.91;48.91;48.91;48.91
06.11.2010 21:00;47.44;47.44;47.44;47.44;47.44
06.11.2010 22:00;47.40;47.40;47.40;47.40;47.40
06.11.2010 23:00;46.93;46.93;46.93;46.93;46.93
07.11.2010 00:00;47.46;47.55;47.55;47.46;47.55
07.11.2010 01:00;47.20;47.20;47.20;47.20;47.20
07.11.2010 02:00;47.17;47.17;47.17;47.17;47.17
07.11.2010 03:00;47.09;47.09;47.09;47.09;47.09
07.11.2010 04:00;47.11;47.11;47.11;47.11;47.11
07.11.2010 05:00;47.56;47.56;47.56;47.56;47.56
07.11.2010 06:00;47.94;47.94;47.94;47.94;47.94
07.11.2010 07:00;47.82;47.82;47.82;47.82;47.82
07.11.2010 08:00;47.44;47.44;47.44;47.44;47.44
07.11.2010 09:00;47.66;47.66;47.66;47.66;47.66
07.11.2010 10:00;48.19;48.19;48.19;48.19;48.19
07.11.2010 11:00;48.98;48.98;48.98;48.98;48.98
07.11.2010 12:00;49.20;49.20;49.20;49.20;49.20
07.11.2010 13:00;47.68;47.68;47.68;47.68;47.68
07.11.2010 14:00;47.44;47.44;47.44;47.44;47.44
07.11.2010 15:00;47.91;47.91;47.91;47.91;47.91
07.11.2010 16:00;49.06;49.06;49.06;49.06;49.06
07.11.2010 17:00;51.88;51.88;51.88;51.88;51.88
07.11.2010 18:00;53.38;54.72;54.72;53.38;54.72
07.11.2010 19:00;52.29;54.51;54.51;52.29;54.51
07.11.2010 20:00;50.98;50.98;50.98;50.98;50.98
07.11.2010 21:00;48.89;48.89;48.89;48.89;48.89
07.11.2010 22:00;48.96;48.96;48.96;48.96;48.96
07.11.2010 23:00;47.52;47.52;47.52;47.52;47.52
08.11.2010 00:00;48.03;48.03;48.03;48.03;48.03
08.11.2010 01:00;47.92;47.92;47.92;47.92;47.92
08.11.2010 02:00;47.67;47.67;47.67;47.67;47.67
08.11.2010 03:00;47.79;47.79;47.79;47.79;47.79
08.11.2010 04:00;48.08;48.08;48.08;48.08;48.08
08.11.2010 05:00;49.02;49.02;49.02;49.02;49.02
08.11.2010 06:00;51.79;51.79;51.79;51.79;51.79
08.11.2010 07:00;54.86;54.86;54.86;54.86;54.86
08.11.2010 08:00;55.57;55.57;55.57;55.57;55.57
08.11.2010 09:00;55.46;55.46;55.46;55.46;55.46
08.11.2010 10:00;53.93;53.93;53.93;53.93;53.93
08.11.2010 11:00;52.99;52.99;52.99;52.99;52.99
08.11.2010 12:00;52.23;52.23;52.23;52.23;52.23
08.11.2010 13:00;51.75;51.75;51.75;51.75;51.75
08.11.2010 14:00;51.48;51.48;51.48;51.48;51.48
08.11.2010 15:00;52.03;52.03;52.03;52.03;52.03
08.11.2010 16:00;53.11;53.11;53.11;53.11;53.11
08.11.2010 17:00;55.25;55.25;55.25;55.25;55.25
08.11.2010 18:00;53.43;53.43;53.43;53.43;53.43
08.11.2010 19:00;52.12;52.12;52.12;52.12;52.12
08.11.2010 20:00;49.98;49.98;49.98;49.98;49.98
08.11.2010 21:00;48.49;48.49;48.49;48.49;48.49
08.11.2010 22:00;48.19;48.19;48.19;48.19;48.19
08.11.2010 23:00;47.56;47.56;47.56;47.56;47.56
09.11.2010 00:00;47.50;47.79;47.79;47.50;47.79
09.11.2010 01:00;47.50;47.58;47.58;47.50;47.58
09.11.2010 02:00;47.44;47.52;47.52;47.44;47.52
09.11.2010 03:00;47.55;47.55;47.55;47.55;47.55
09.11.2010 04:00;47.86;47.86;47.86;47.86;47.86
09.11.2010 05:00;48.50;48.50;48.50;48.50;48.50
09.11.2010 06:00;49.99;49.99;49.99;49.99;49.40
09.11.2010 07:00;51.40;51.40;51.00;51.40;51.00
09.11.2010 08:00;52.76;52.76;52.76;52.76;52.76
09.11.2010 09:00;52.84;52.60;52.60;52.84;52.60
09.11.2010 10:00;52.14;52.14;52.14;52.14;52.14
09.11.2010 11:00;52.23;52.23;52.23;52.23;52.23
09.11.2010 12:00;51.44;51.44;51.44;51.44;51.44
09.11.2010 13:00;51.46;51.46;51.46;51.46;51.46
09.11.2010 14:00;51.31;51.31;51.31;51.31;51.31
09.11.2010 15:00;52.08;52.08;52.08;52.08;52.08
09.11.2010 16:00;53.42;52.86;52.86;53.42;52.86
09.11.2010 17:00;55.00;53.88;53.88;55.00;53.88
09.11.2010 18:00;53.75;53.75;53.75;53.75;53.75
09.11.2010 19:00;52.58;52.58;52.58;52.58;52.58
09.11.2010 20:00;50.84;50.84;50.84;50.84;50.84
09.11.2010 21:00;49.38;49.38;49.38;49.38;49.38
09.11.2010 22:00;48.60;48.60;48.60;48.60;48.60
09.11.2010 23:00;47.99;47.99;47.99;47.99;47.99
10.11.2010 00:00;47.57;47.57;47.57;47.57;47.57
10.11.2010 01:00;47.55;47.55;47.55;47.55;47.55
10.11.2010 02:00;47.54;47.54;47.54;47.54;47.54
10.11.2010 03:00;47.57;47.57;47.57;47.57;47.57
10.11.2010 04:00;47.91;47.91;47.91;47.91;47.91
10.11.2010 05:00;48.56;48.56;48.56;48.56;48.56
10.11.2010 06:00;49.61;49.61;49.51;49.61;49.51
10.11.2010 07:00;52.86;52.86;52.86;52.86;52.86
10.11.2010 08:00;54.83;54.83;54.83;54.83;54.83
10.11.2010 09:00;53.95;53.95;53.95;53.95;53.95
10.11.2010 10:00;53.75;53.75;53.75;53.75;53.75
10.11.2010 11:00;53.24;53.24;53.24;53.24;53.24
10.11.2010 12:00;52.84;52.84;52.84;52.84;52.84
10.11.2010 13:00;52.92;52.92;52.92;52.92;52.92
10.11.2010 14:00;52.48;52.48;52.48;52.48;52.48
10.11.2010 15:00;52.55;52.55;52.55;52.55;52.55
10.11.2010 16:00;54.12;54.12;54.12;54.12;54.12
10.11.2010 17:00;55.85;55.85;55.85;55.85;55.85
10.11.2010 18:00;56.34;56.34;56.34;56.34;56.34
10.11.2010 19:00;53.36;53.36;53.36;53.36;53.36
10.11.2010 20:00;50.99;50.99;50.99;50.99;50.99
10.11.2010 21:00;49.17;49.17;49.17;49.17;49.17
10.11.2010 22:00;48.61;48.61;48.61;48.61;48.61
10.11.2010 23:00;48.00;48.00;48.00;48.00;48.00
11.11.2010 00:00;48.02;48.02;48.02;48.02;48.02
11.11.2010 01:00;47.92;47.92;47.92;47.92;47.92
11.11.2010 02:00;47.86;47.86;47.86;47.86;47.86
11.11.2010 03:00;47.93;47.93;47.93;47.93;47.93
11.11.2010 04:00;48.18;48.18;48.18;48.18;48.18
11.11.2010 05:00;48.84;48.84;48.84;48.84;48.84
11.11.2010 06:00;50.40;50.40;49.35;50.40;49.35
11.11.2010 07:00;52.66;51.04;51.04;52.66;50.71
11.11.2010 08:00;53.30;51.40;51.40;53.30;49.93
11.11.2010 09:00;52.80;51.01;51.01;52.80;49.80
11.11.2010 10:00;51.93;50.52;50.52;51.93;49.71
11.11.2010 11:00;51.10;49.95;49.95;51.10;49.57
11.11.2010 12:00;50.82;49.45;49.45;50.82;49.45
11.11.2010 13:00;50.73;49.43;49.43;50.73;49.43
11.11.2010 14:00;50.70;49.84;49.84;50.70;49.39
11.11.2010 15:00;51.40;50.23;50.23;51.40;48.99
11.11.2010 16:00;53.28;50.70;50.70;53.28;48.93
11.11.2010 17:00;52.55;51.91;51.91;52.55;49.44
11.11.2010 18:00;51.48;51.48;51.48;51.48;49.70
11.11.2010 19:00;50.61;50.61;50.61;50.61;49.03
11.11.2010 20:00;49.36;49.36;49.36;49.36;48.85
11.11.2010 21:00;49.02;49.02;49.02;49.02;48.82
11.11.2010 22:00;48.58;48.58;48.58;48.58;48.58
11.11.2010 23:00;47.82;47.82;47.82;47.82;47.82
12.11.2010 00:00;47.38;47.38;47.38;47.38;47.38
12.11.2010 01:00;46.97;46.97;46.97;46.97;46.97
12.11.2010 02:00;46.90;46.90;46.90;46.90;46.90
12.11.2010 03:00;47.04;47.04;47.04;47.04;47.04
12.11.2010 04:00;47.75;47.75;47.75;47.75;47.75
12.11.2010 05:00;48.56;48.56;48.56;48.56;48.56
12.11.2010 06:00;49.02;49.02;49.02;49.02;49.02
12.11.2010 07:00;50.61;50.61;50.61;50.61;49.68
12.11.2010 08:00;49.98;49.98;49.98;49.98;49.98
12.11.2010 09:00;49.86;49.86;49.86;49.86;49.85
12.11.2010 10:00;49.76;49.76;49.76;49.76;49.76
12.11.2010 11:00;49.58;49.58;49.58;49.58;49.58
12.11.2010 12:00;49.47;49.47;49.47;49.47;49.47
12.11.2010 13:00;49.06;49.06;49.06;49.06;49.06
12.11.2010 14:00;49.00;49.00;49.00;49.00;49.00
12.11.2010 15:00;49.11;49.11;49.11;49.11;49.11
12.11.2010 16:00;49.30;49.30;49.30;49.30;49.30
12.11.2010 17:00;50.78;50.78;50.78;50.78;50.69
12.11.2010 18:00;51.04;51.04;51.04;51.04;51.04
12.11.2010 19:00;49.68;49.68;49.68;49.68;49.68
12.11.2010 20:00;48.48;48.48;48.48;48.48;48.48
12.11.2010 21:00;48.07;48.07;48.07;48.07;48.07
12.11.2010 22:00;47.85;47.85;47.85;47.85;47.85
12.11.2010 23:00;46.82;46.82;46.82;46.82;46.82
13.11.2010 00:00;47.91;48.15;48.15;47.91;48.15
13.11.2010 01:00;47.73;47.84;47.84;47.73;47.84
13.11.2010 02:00;47.43;47.69;47.69;47.43;47.69
13.11.2010 03:00;47.32;47.76;47.76;47.32;47.76
13.11.2010 04:00;47.52;47.77;47.77;47.52;47.77
13.11.2010 05:00;48.02;48.02;48.02;48.02;48.02
13.11.2010 06:00;48.15;48.17;48.17;48.15;48.17
13.11.2010 07:00;48.12;48.45;48.45;48.12;48.45
13.11.2010 08:00;48.12;48.47;48.47;48.12;48.47
13.11.2010 09:00;48.76;48.76;48.76;48.76;48.76
13.11.2010 10:00;49.17;49.17;49.17;49.17;49.17
13.11.2010 11:00;49.39;49.39;49.39;49.39;49.39
13.11.2010 12:00;49.22;49.22;49.22;49.22;49.22
13.11.2010 13:00;48.89;48.89;48.89;48.89;48.89
13.11.2010 14:00;48.61;48.61;48.61;48.61;48.61
13.11.2010 15:00;48.78;48.78;48.78;48.78;48.78
13.11.2010 16:00;50.35;50.35;49.99;50.35;49.99
13.11.2010 17:00;53.07;53.07;50.92;53.07;50.92
13.11.2010 18:00;53.10;53.10;53.10;53.10;53.10
13.11.2010 19:00;50.92;50.92;50.92;50.92;50.92
13.11.2010 20:00;48.69;48.69;48.69;48.69;48.69
13.11.2010 21:00;48.35;48.35;48.35;48.35;48.35
13.11.2010 22:00;48.12;48.12;48.12;48.12;48.12
13.11.2010 23:00;47.62;47.62;47.62;47.62;47.62
14.11.2010 00:00;47.65;48.30;48.30;47.65;48.30
14.11.2010 01:00;47.44;48.13;48.13;47.44;48.13
14.11.2010 02:00;47.39;48.03;48.03;47.39;48.03
14.11.2010 03:00;47.10;47.69;47.69;47.10;47.69
14.11.2010 04:00;47.25;47.86;47.86;47.25;47.86
14.11.2010 05:00;48.00;48.00;48.00;48.00;48.00
14.11.2010 06:00;48.63;48.63;48.63;48.63;48.63
14.11.2010 07:00;48.76;48.76;48.76;48.76;48.76
14.11.2010 08:00;48.80;48.80;48.80;48.80;48.80
14.11.2010 09:00;48.78;48.78;48.78;48.78;48.78
14.11.2010 10:00;49.07;49.07;49.07;49.07;49.07
14.11.2010 11:00;49.11;49.11;49.11;49.11;49.11
14.11.2010 12:00;49.01;49.01;49.01;49.01;49.01
14.11.2010 13:00;48.81;48.81;48.81;48.81;48.81
14.11.2010 14:00;48.81;48.81;48.81;48.81;48.81
14.11.2010 15:00;49.23;49.23;49.23;49.23;49.23
14.11.2010 16:00;49.88;49.88;49.88;49.88;49.88
14.11.2010 17:00;50.47;50.47;50.47;50.47;50.47
14.11.2010 18:00;51.07;51.07;51.07;51.07;51.07
14.11.2010 19:00;50.76;50.76;50.76;50.76;50.76
14.11.2010 20:00;49.37;49.37;49.37;49.37;49.37
14.11.2010 21:00;49.10;49.10;49.10;49.10;49.10
14.11.2010 22:00;48.44;48.44;48.44;48.44;48.44
14.11.2010 23:00;47.34;48.18;48.18;47.34;48.18
15.11.2010 00:00;47.70;47.85;47.85;47.70;47.85
15.11.2010 01:00;47.29;47.74;47.74;47.29;47.74
15.11.2010 02:00;47.30;47.74;47.74;47.30;47.74
15.11.2010 03:00;47.49;47.75;47.75;47.49;47.75
15.11.2010 04:00;48.14;48.14;48.14;48.14;48.14
15.11.2010 05:00;48.97;48.97;48.97;48.97;48.97
15.11.2010 06:00;49.58;49.58;49.58;49.58;49.58
15.11.2010 07:00;52.00;52.00;50.70;52.00;50.70
15.11.2010 08:00;52.77;52.77;52.77;52.77;52.77
15.11.2010 09:00;53.08;53.08;53.08;53.08;53.08
15.11.2010 10:00;53.63;53.63;53.63;53.63;53.63
15.11.2010 11:00;53.52;53.52;53.52;53.52;53.52
15.11.2010 12:00;53.41;53.41;53.41;53.41;53.41
15.11.2010 13:00;53.57;53.57;53.57;53.57;53.57
15.11.2010 14:00;53.81;53.81;53.81;53.81;53.81
15.11.2010 15:00;53.65;53.65;53.65;53.65;53.65
15.11.2010 16:00;56.51;56.51;56.51;56.51;56.51
15.11.2010 17:00;60.23;58.06;58.06;60.23;58.06
15.11.2010 18:00;57.15;57.15;57.15;57.15;57.15
15.11.2010 19:00;54.91;54.91;54.91;54.91;54.91
15.11.2010 20:00;52.54;52.54;52.54;52.54;52.54
15.11.2010 21:00;50.23;50.23;50.23;50.23;50.23
15.11.2010 22:00;49.96;49.96;49.96;49.96;49.96
15.11.2010 23:00;49.33;49.33;49.33;49.33;49.33
16.11.2010 00:00;49.35;49.51;49.51;49.35;49.51
16.11.2010 01:00;49.36;49.36;49.36;49.36;49.36
16.11.2010 02:00;49.39;49.39;49.39;49.39;49.39
16.11.2010 03:00;49.48;49.48;49.48;49.48;49.48
16.11.2010 04:00;49.67;49.67;49.67;49.67;49.67
16.11.2010 05:00;50.10;50.10;50.10;50.10;50.10
16.11.2010 06:00;51.58;51.58;51.58;51.58;51.25
16.11.2010 07:00;55.36;55.36;55.36;55.36;55.36
16.11.2010 08:00;58.93;58.93;58.93;58.93;58.93
16.11.2010 09:00;58.48;58.48;58.48;58.48;58.48
16.11.2010 10:00;58.46;58.46;58.46;58.46;58.46
16.11.2010 11:00;59.29;59.29;59.29;59.29;59.29
16.11.2010 12:00;56.92;56.92;56.92;56.92;56.92
16.11.2010 13:00;56.99;56.99;56.99;56.99;56.99
16.11.2010 14:00;55.09;55.09;55.09;55.09;55.09
16.11.2010 15:00;55.18;55.18;55.18;55.18;55.18
16.11.2010 16:00;60.01;60.01;60.01;60.01;60.01
16.11.2010 17:00;71.31;68.87;62.56;71.31;62.56
16.11.2010 18:00;71.01;63.19;63.19;71.01;63.19
16.11.2010 19:00;57.77;56.95;56.95;57.77;56.95
16.11.2010 20:00;53.05;53.05;53.05;53.05;53.05
16.11.2010 21:00;51.10;51.10;51.10;51.10;51.10
16.11.2010 22:00;50.58;50.58;50.58;50.58;50.58
16.11.2010 23:00;50.14;50.14;50.14;50.14;50.14
17.11.2010 00:00;50.74;50.74;50.74;50.74;50.74
17.11.2010 01:00;50.63;50.63;50.63;50.63;50.63
17.11.2010 02:00;50.48;50.48;50.48;50.48;50.48
17.11.2010 03:00;50.47;50.47;50.47;50.47;50.47
17.11.2010 04:00;50.69;50.69;50.69;50.69;50.69
17.11.2010 05:00;51.35;51.35;51.35;51.35;51.32
17.11.2010 06:00;52.20;52.20;52.20;52.20;51.78
17.11.2010 07:00;55.21;55.21;53.37;55.21;53.37
17.11.2010 08:00;58.67;56.43;56.43;58.67;56.43
17.11.2010 09:00;56.62;56.62;56.62;56.62;56.62
17.11.2010 10:00;56.34;56.34;56.34;56.34;56.34
17.11.2010 11:00;56.04;56.04;56.04;56.04;56.04
17.11.2010 12:00;54.78;54.78;54.78;54.78;54.78
17.11.2010 13:00;55.12;55.12;55.12;55.12;55.12
17.11.2010 14:00;54.81;54.81;54.81;54.81;54.81
17.11.2010 15:00;55.94;55.79;53.76;55.94;53.76
17.11.2010 16:00;58.46;56.33;56.33;58.46;56.33
17.11.2010 17:00;67.36;65.98;65.98;67.36;65.98
17.11.2010 18:00;60.21;58.60;58.60;60.21;58.60
17.11.2010 19:00;55.33;55.33;55.33;55.33;55.33
17.11.2010 20:00;53.61;53.61;53.61;53.61;52.12
17.11.2010 21:00;51.46;51.46;51.46;51.46;51.46
17.11.2010 22:00;50.71;50.71;50.71;50.71;50.71
17.11.2010 23:00;49.66;50.25;50.25;49.66;50.25
18.11.2010 00:00;50.37;51.54;51.54;50.37;51.54
18.11.2010 01:00;50.62;51.48;51.48;50.62;51.48
18.11.2010 02:00;50.59;51.48;51.48;50.59;51.48
18.11.2010 03:00;50.74;51.56;51.56;50.74;51.56
18.11.2010 04:00;51.63;51.63;51.63;51.63;51.63
18.11.2010 05:00;52.04;52.04;52.04;52.04;52.04
18.11.2010 06:00;52.56;52.56;52.56;52.56;52.54
18.11.2010 07:00;55.96;55.96;54.91;55.96;54.85
18.11.2010 08:00;57.96;57.96;57.96;57.96;57.96
18.11.2010 09:00;57.05;57.05;57.05;57.05;57.05
18.11.2010 10:00;56.95;56.95;56.95;56.95;56.95
18.11.2010 11:00;56.65;56.65;56.65;56.65;56.65
18.11.2010 12:00;55.96;55.96;55.96;55.96;55.96
18.11.2010 13:00;56.06;56.06;56.06;56.06;56.06
18.11.2010 14:00;56.16;56.16;56.16;56.16;56.16
18.11.2010 15:00;56.88;56.88;56.88;56.88;56.88
18.11.2010 16:00;60.38;58.05;58.05;60.38;58.05
18.11.2010 17:00;64.37;63.84;63.84;64.37;63.84
18.11.2010 18:00;59.50;59.50;59.50;59.50;59.50
18.11.2010 19:00;58.02;58.02;58.02;58.02;58.02
18.11.2010 20:00;54.23;54.23;54.23;54.23;54.23
18.11.2010 21:00;52.33;52.33;52.33;52.33;52.33
18.11.2010 22:00;51.95;51.95;51.95;51.95;51.95
18.11.2010 23:00;50.85;51.62;51.62;50.85;51.62
19.11.2010 00:00;51.49;51.77;51.77;51.49;51.77
19.11.2010 01:00;51.74;51.74;51.74;51.74;51.74
19.11.2010 02:00;51.89;51.89;51.89;51.89;51.89
19.11.2010 03:00;52.09;52.09;52.09;52.09;52.09
19.11.2010 04:00;52.39;52.39;52.39;52.39;52.39
19.11.2010 05:00;53.26;53.26;53.26;53.26;52.53
19.11.2010 06:00;54.05;54.05;54.05;54.05;52.86
19.11.2010 07:00;57.11;58.93;57.41;58.93;57.17
19.11.2010 08:00;58.74;63.32;63.32;63.32;63.32
19.11.2010 09:00;58.66;62.00;62.00;62.00;62.00
19.11.2010 10:00;58.59;60.78;60.78;60.78;60.78
19.11.2010 11:00;58.52;59.27;59.27;59.27;59.27
19.11.2010 12:00;57.46;58.17;58.17;58.17;58.17
19.11.2010 13:00;57.08;57.08;57.08;57.08;57.08
19.11.2010 14:00;56.03;56.03;54.98;56.03;54.28
19.11.2010 15:00;56.28;56.28;55.01;56.28;54.51
19.11.2010 16:00;55.30;57.67;57.55;59.32;57.55
19.11.2010 17:00;68.55;68.55;68.55;68.55;68.55
19.11.2010 18:00;62.12;62.12;62.12;62.12;62.12
19.11.2010 19:00;57.48;57.48;57.48;57.48;57.48
19.11.2010 20:00;53.99;53.99;53.99;53.99;53.19
19.11.2010 21:00;52.60;52.60;52.60;52.60;52.60
19.11.2010 22:00;52.52;52.52;52.52;52.52;52.52
19.11.2010 23:00;52.18;52.18;52.18;52.18;52.18
20.11.2010 00:00;54.27;54.27;54.27;54.27;54.27
20.11.2010 01:00;54.01;54.01;54.01;54.01;54.01
20.11.2010 02:00;53.95;53.95;53.95;53.95;53.95
20.11.2010 03:00;53.88;53.88;53.88;53.88;53.88
20.11.2010 04:00;53.92;53.92;53.92;53.92;53.92
20.11.2010 05:00;54.08;54.08;54.08;54.08;54.08
20.11.2010 06:00;55.10;55.10;55.10;55.10;54.06
20.11.2010 07:00;55.63;55.63;55.63;55.63;54.02
20.11.2010 08:00;55.57;55.57;55.57;55.57;53.93
20.11.2010 09:00;56.67;56.67;56.67;56.67;54.00
20.11.2010 10:00;56.99;56.99;56.99;56.99;54.50
20.11.2010 11:00;56.79;56.79;56.79;56.79;55.91
20.11.2010 12:00;56.54;56.54;56.54;56.54;54.83
20.11.2010 13:00;56.18;56.18;56.18;56.18;54.10
20.11.2010 14:00;56.56;56.56;56.56;56.56;53.71
20.11.2010 15:00;56.92;56.92;56.92;56.92;53.40
20.11.2010 16:00;59.35;59.35;56.97;59.35;54.27
20.11.2010 17:00;62.48;62.48;59.68;62.48;59.68
20.11.2010 18:00;64.60;64.60;64.60;64.60;64.60
20.11.2010 19:00;59.05;59.05;59.05;59.05;59.05
20.11.2010 20:00;55.55;55.55;55.55;55.55;54.35
20.11.2010 21:00;55.84;55.84;55.84;55.84;54.08
20.11.2010 22:00;54.90;54.90;54.90;54.90;54.02
20.11.2010 23:00;53.76;53.76;53.76;53.76;53.76
21.11.2010 00:00;55.26;55.26;55.26;55.26;55.03
21.11.2010 01:00;54.83;54.83;54.83;54.83;54.83
21.11.2010 02:00;54.47;54.47;54.47;54.47;54.47
21.11.2010 03:00;54.19;54.19;54.19;54.19;54.19
21.11.2010 04:00;54.19;54.19;54.19;54.19;54.19
21.11.2010 05:00;54.37;54.37;54.37;54.37;54.37
21.11.2010 06:00;54.08;54.08;54.08;54.08;54.08
21.11.2010 07:00;53.83;53.83;53.83;53.83;53.83
21.11.2010 08:00;53.54;53.54;53.54;53.54;53.40
21.11.2010 09:00;54.71;54.71;54.71;54.71;53.58
21.11.2010 10:00;55.62;55.62;55.62;55.62;54.19
21.11.2010 11:00;55.86;55.86;55.86;55.86;54.79
21.11.2010 12:00;55.76;55.76;55.76;55.76;54.71
21.11.2010 13:00;55.70;55.70;55.70;55.70;54.69
21.11.2010 14:00;55.96;55.96;55.96;55.96;54.14
21.11.2010 15:00;57.28;57.28;57.28;57.28;53.36
21.11.2010 16:00;58.21;58.21;57.81;58.21;53.66
21.11.2010 17:00;58.79;58.79;58.02;58.79;55.06
21.11.2010 18:00;58.89;58.89;58.89;58.89;58.89
21.11.2010 19:00;58.07;58.07;58.07;58.07;58.07
21.11.2010 20:00;56.01;56.01;56.01;56.01;54.62
21.11.2010 21:00;56.02;56.02;56.02;56.02;54.91
21.11.2010 22:00;55.29;55.29;55.29;55.29;54.60
21.11.2010 23:00;53.83;53.83;53.83;53.83;53.83
22.11.2010 00:00;54.68;54.68;54.68;54.68;54.35
22.11.2010 01:00;54.23;54.23;54.23;54.23;54.23
22.11.2010 02:00;54.20;54.20;54.20;54.20;54.20
22.11.2010 03:00;54.31;54.31;54.31;54.31;54.31
22.11.2010 04:00;55.16;55.16;55.16;55.16;54.37
22.11.2010 05:00;56.55;56.55;56.55;56.55;54.47
22.11.2010 06:00;57.09;57.09;57.09;57.09;54.86
22.11.2010 07:00;60.36;60.36;60.31;60.36;55.99
22.11.2010 08:00;60.67;60.67;60.67;60.67;59.94
22.11.2010 09:00;60.52;60.52;60.52;60.52;60.51
22.11.2010 10:00;60.22;60.22;60.22;60.22;60.22
22.11.2010 11:00;59.91;59.91;59.91;59.91;59.91
22.11.2010 12:00;59.17;59.17;59.17;59.17;59.17
22.11.2010 13:00;58.38;58.38;58.38;58.38;58.38
22.11.2010 14:00;58.46;58.46;58.46;58.46;58.18
22.11.2010 15:00;60.51;60.51;60.51;60.51;56.01
22.11.2010 16:00;62.21;62.21;59.30;62.21;57.46
22.11.2010 17:00;64.79;64.79;64.79;64.79;64.79
22.11.2010 18:00;65.07;65.07;65.07;65.07;65.07
22.11.2010 19:00;59.10;59.10;59.10;59.10;58.27
22.11.2010 20:00;57.15;57.15;57.15;57.15;54.80
22.11.2010 21:00;56.40;56.40;56.40;56.40;54.85
22.11.2010 22:00;55.68;55.68;55.68;55.68;54.81
22.11.2010 23:00;54.16;54.27;54.27;54.16;54.27
23.11.2010 00:00;54.39;54.39;54.39;54.39;54.39
23.11.2010 01:00;53.49;54.15;54.15;53.49;54.15
23.11.2010 02:00;53.36;54.02;54.02;53.36;54.02
23.11.2010 03:00;53.44;54.09;54.09;53.44;54.09
23.11.2010 04:00;54.66;54.66;54.66;54.66;54.66
23.11.2010 05:00;55.76;55.76;55.76;55.76;55.26
23.11.2010 06:00;57.05;57.05;57.05;57.05;55.25
23.11.2010 07:00;59.47;59.47;59.47;59.47;57.38
23.11.2010 08:00;60.54;60.37;60.37;60.54;59.48
23.11.2010 09:00;60.88;60.28;60.28;60.88;58.03
23.11.2010 10:00;60.70;60.02;60.02;60.70;57.46
23.11.2010 11:00;60.86;59.61;59.61;60.86;58.17
23.11.2010 12:00;59.39;59.39;59.39;59.39;57.40
23.11.2010 13:00;58.61;58.61;58.61;58.61;57.17
23.11.2010 14:00;58.62;58.62;58.62;58.62;57.27
23.11.2010 15:00;59.67;59.53;59.53;59.67;57.16
23.11.2010 16:00;64.37;60.80;60.80;64.37;60.80
23.11.2010 17:00;72.94;63.47;63.47;72.94;63.47
23.11.2010 18:00;65.57;61.74;61.74;65.57;61.74
23.11.2010 19:00;58.92;58.92;58.92;58.92;58.29
23.11.2010 20:00;57.18;57.18;57.18;57.18;55.46
23.11.2010 21:00;57.08;57.08;57.08;57.08;55.37
23.11.2010 22:00;56.70;56.70;56.70;56.70;55.25
23.11.2010 23:00;55.46;55.46;55.46;55.46;55.13
24.11.2010 00:00;55.43;55.43;55.43;55.43;55.43
24.11.2010 01:00;55.26;55.26;55.26;55.26;55.26
24.11.2010 02:00;55.24;55.24;55.24;55.24;55.24
24.11.2010 03:00;55.34;55.34;55.34;55.34;55.34
24.11.2010 04:00;56.09;56.09;56.09;56.09;55.96
24.11.2010 05:00;57.22;57.22;57.22;57.22;56.11
24.11.2010 06:00;58.08;58.08;58.08;58.08;56.07
24.11.2010 07:00;60.14;60.14;60.14;60.14;57.04
24.11.2010 08:00;60.92;60.92;60.92;60.92;60.92
24.11.2010 09:00;61.62;61.62;61.62;61.62;61.62
24.11.2010 10:00;60.57;60.57;60.57;60.57;60.57
24.11.2010 11:00;61.51;61.51;61.51;61.51;61.51
24.11.2010 12:00;61.64;61.64;61.64;61.64;61.64
24.11.2010 13:00;61.71;61.71;61.71;61.71;61.71
24.11.2010 14:00;61.83;61.83;61.83;61.83;61.83
24.11.2010 15:00;64.09;64.09;64.09;64.09;64.09
24.11.2010 16:00;65.99;65.99;65.99;65.99;65.99
24.11.2010 17:00;69.79;82.12;82.12;82.12;82.12
24.11.2010 18:00;71.54;71.54;71.54;71.54;71.54
24.11.2010 19:00;62.75;63.04;63.04;62.75;63.04
24.11.2010 20:00;58.38;58.38;58.38;58.38;58.38
24.11.2010 21:00;57.68;57.68;57.68;57.68;56.49
24.11.2010 22:00;57.06;57.06;57.06;57.06;56.14
24.11.2010 23:00;56.26;56.26;56.26;56.26;56.04
25.11.2010 00:00;57.54;57.54;57.54;57.54;56.19
25.11.2010 01:00;57.28;57.28;57.28;57.28;56.13
25.11.2010 02:00;57.26;57.26;57.26;57.26;56.12
25.11.2010 03:00;57.52;57.52;57.52;57.52;56.14
25.11.2010 04:00;58.35;58.35;58.35;58.35;56.18
25.11.2010 05:00;60.18;60.18;60.18;60.18;56.23
25.11.2010 06:00;62.59;61.68;61.68;62.59;56.71
25.11.2010 07:00;72.80;63.26;63.26;72.80;60.83
25.11.2010 08:00;70.20;70.20;68.38;70.20;68.38
25.11.2010 09:00;68.19;68.19;68.19;68.19;68.19
25.11.2010 10:00;67.79;67.79;67.79;67.79;67.79
25.11.2010 11:00;69.87;69.87;69.87;69.87;69.87
25.11.2010 12:00;67.53;67.49;67.49;67.53;67.49
25.11.2010 13:00;67.47;66.97;66.97;67.47;66.97
25.11.2010 14:00;71.79;66.15;66.15;71.79;66.15
25.11.2010 15:00;85.66;63.90;63.90;85.66;63.90
25.11.2010 16:00;100.94;100.94;63.88;100.94;63.88
25.11.2010 17:00;99.88;99.88;89.00;99.88;89.00
25.11.2010 18:00;86.41;86.41;86.41;86.41;86.41
25.11.2010 19:00;71.82;71.82;71.82;71.82;71.82
25.11.2010 20:00;63.89;63.89;63.89;63.89;63.89
25.11.2010 21:00;61.13;61.13;61.13;61.13;58.43
25.11.2010 22:00;59.47;59.47;59.47;59.47;56.54
25.11.2010 23:00;58.73;58.73;58.73;58.73;56.24
26.11.2010 00:00;60.78;60.78;60.78;60.78;57.16
26.11.2010 01:00;60.44;60.44;60.44;60.44;57.10
26.11.2010 02:00;60.48;60.48;60.48;60.48;57.09
26.11.2010 03:00;60.64;60.64;60.64;60.64;57.10
26.11.2010 04:00;62.05;62.05;62.05;62.05;57.14
26.11.2010 05:00;63.88;63.88;63.88;63.88;56.83
26.11.2010 06:00;79.66;64.99;64.99;79.66;57.26
26.11.2010 07:00;112.35;72.31;72.31;112.35;67.03
26.11.2010 08:00;115.59;90.96;72.20;115.59;72.20
26.11.2010 09:00;109.10;75.89;75.89;109.10;75.89
26.11.2010 10:00;91.67;75.96;75.96;91.67;75.96
26.11.2010 11:00;101.02;75.49;75.49;101.02;75.49
26.11.2010 12:00;92.22;71.09;71.09;92.22;71.09
26.11.2010 13:00;82.94;67.01;67.01;82.94;67.01
26.11.2010 14:00;79.15;65.68;65.68;79.15;64.86
26.11.2010 15:00;86.98;66.46;66.46;86.98;62.55
26.11.2010 16:00;112.01;66.10;66.10;112.01;66.10
26.11.2010 17:00;113.69;77.30;77.30;113.69;77.30
26.11.2010 18:00;79.41;71.84;71.84;79.41;71.84
26.11.2010 19:00;67.04;64.04;61.70;67.04;61.70
26.11.2010 20:00;62.09;62.09;62.09;62.09;58.21
26.11.2010 21:00;61.35;61.35;61.35;61.35;57.30
26.11.2010 22:00;60.91;60.91;60.91;60.91;57.07
26.11.2010 23:00;60.44;60.44;60.44;60.44;56.87
27.11.2010 00:00;60.91;60.91;60.91;60.91;57.66
27.11.2010 01:00;60.43;60.43;60.43;60.43;57.50
27.11.2010 02:00;59.79;59.79;59.79;59.79;57.47
27.11.2010 03:00;59.60;59.60;59.60;59.60;57.47
27.11.2010 04:00;59.90;59.90;59.90;59.90;57.48
27.11.2010 05:00;60.74;60.74;60.74;60.74;57.53
27.11.2010 06:00;61.02;61.02;61.02;61.02;57.91
27.11.2010 07:00;63.00;63.00;63.00;63.00;58.12
27.11.2010 08:00;62.28;62.28;62.28;62.28;57.50
27.11.2010 09:00;63.10;63.10;63.10;63.10;57.45
27.11.2010 10:00;64.45;64.45;64.45;64.45;57.48
27.11.2010 11:00;64.15;64.15;64.15;64.15;57.48
27.11.2010 12:00;63.05;63.05;63.05;63.05;57.47
27.11.2010 13:00;64.01;64.01;64.01;64.01;57.36
27.11.2010 14:00;64.15;64.15;64.15;64.15;57.34
27.11.2010 15:00;68.96;68.96;68.96;68.96;57.41
27.11.2010 16:00;75.85;75.85;75.85;75.85;58.16
27.11.2010 17:00;76.88;76.88;76.88;76.88;59.82
27.11.2010 18:00;70.51;70.51;70.51;70.51;62.23
27.11.2010 19:00;63.66;63.66;63.66;63.66;58.43
27.11.2010 20:00;63.26;63.26;63.26;63.26;57.48
27.11.2010 21:00;63.17;63.17;63.17;63.17;57.55
27.11.2010 22:00;62.25;62.25;62.25;62.25;57.52
27.11.2010 23:00;60.44;60.44;60.44;60.44;57.48
28.11.2010 00:00;61.30;61.30;61.30;61.30;57.79
28.11.2010 01:00;60.74;60.74;60.74;60.74;57.59
28.11.2010 02:00;60.39;60.39;60.39;60.39;57.49
28.11.2010 03:00;60.07;60.07;60.07;60.07;57.46
28.11.2010 04:00;60.27;60.27;60.27;60.27;57.46
28.11.2010 05:00;60.77;60.77;60.77;60.77;57.51
28.11.2010 06:00;60.63;60.63;60.63;60.63;57.71
28.11.2010 07:00;62.31;62.31;62.31;62.31;57.99
28.11.2010 08:00;62.19;62.19;62.19;62.19;57.47
28.11.2010 09:00;63.06;63.06;63.06;63.06;57.15
28.11.2010 10:00;65.59;65.59;65.59;65.59;57.28
28.11.2010 11:00;67.89;67.89;67.89;67.89;57.33
28.11.2010 12:00;65.51;65.51;65.51;65.51;57.32
28.11.2010 13:00;63.51;63.51;63.51;63.51;57.31
28.11.2010 14:00;63.20;63.20;63.20;63.20;57.40
28.11.2010 15:00;65.03;65.03;65.03;65.03;57.41
28.11.2010 16:00;69.06;69.06;69.06;69.06;57.54
28.11.2010 17:00;70.15;70.15;70.15;70.15;58.80
28.11.2010 18:00;66.22;66.22;66.22;66.22;62.75
28.11.2010 19:00;63.10;63.10;63.10;63.10;59.20
28.11.2010 20:00;62.30;62.30;62.30;62.30;57.56
28.11.2010 21:00;62.24;62.24;62.24;62.24;57.47
28.11.2010 22:00;62.25;62.25;62.25;62.25;57.31
28.11.2010 23:00;59.90;59.90;59.90;59.90;57.09
29.11.2010 00:00;60.36;60.36;60.36;60.36;57.67
29.11.2010 01:00;59.82;59.82;59.82;59.82;57.50
29.11.2010 02:00;59.69;59.69;59.69;59.69;57.46
29.11.2010 03:00;60.05;60.05;60.05;60.05;57.47
29.11.2010 04:00;61.31;61.31;61.31;61.31;57.54
29.11.2010 05:00;65.04;65.04;65.04;65.04;57.36
29.11.2010 06:00;68.10;68.04;68.04;68.10;57.43
29.11.2010 07:00;72.24;72.24;72.24;72.24;57.97
29.11.2010 08:00;73.49;73.49;69.76;73.49;59.57
29.11.2010 09:00;71.91;71.91;65.98;71.91;62.66
29.11.2010 10:00;72.00;72.00;64.26;72.00;62.80
29.11.2010 11:00;69.35;69.35;69.35;69.35;63.37
29.11.2010 12:00;68.76;68.76;68.76;68.76;58.95
29.11.2010 13:00;68.66;68.66;65.19;68.66;58.25
29.11.2010 14:00;69.34;69.34;63.86;69.34;58.16
29.11.2010 15:00;84.08;68.08;67.83;84.08;58.15
29.11.2010 16:00;118.54;118.54;69.83;118.54;59.46
29.11.2010 17:00;118.42;118.42;72.28;118.42;72.28
29.11.2010 18:00;82.97;82.97;68.22;82.97;68.22
29.11.2010 19:00;69.93;69.93;63.01;69.93;59.49
29.11.2010 20:00;67.35;67.35;62.96;67.35;57.48
29.11.2010 21:00;65.01;65.01;63.99;65.01;58.05
29.11.2010 22:00;64.94;64.94;64.94;64.94;57.85
29.11.2010 23:00;61.88;61.88;61.88;61.88;57.44
30.11.2010 00:00;62.92;62.92;62.92;62.92;57.75
30.11.2010 01:00;62.46;62.46;62.46;62.46;57.68
30.11.2010 02:00;62.35;62.35;62.35;62.35;57.66
30.11.2010 03:00;62.62;62.62;62.62;62.62;57.67
30.11.2010 04:00;63.92;63.92;63.92;63.92;57.71
30.11.2010 05:00;69.85;66.65;66.65;69.85;57.50
30.11.2010 06:00;80.04;64.98;64.98;80.04;57.76
30.11.2010 07:00;109.76;68.45;68.45;109.76;59.04
30.11.2010 08:00;118.48;72.49;71.87;118.48;69.30
30.11.2010 09:00;106.22;70.92;70.92;106.22;65.60
30.11.2010 10:00;99.93;70.88;70.88;99.93;63.00
30.11.2010 11:00;91.16;70.78;70.78;91.16;64.25
30.11.2010 12:00;88.78;69.56;69.56;88.78;62.70
30.11.2010 13:00;86.13;68.46;66.92;86.13;65.00
30.11.2010 14:00;107.69;69.34;66.17;107.69;60.60
30.11.2010 15:00;131.41;66.22;65.93;131.41;65.60
30.11.2010 16:00;150.52;74.92;74.92;150.52;74.92
30.11.2010 17:00;130.53;130.53;97.10;130.53;97.10
30.11.2010 18:00;96.54;96.54;73.80;96.54;73.80
30.11.2010 19:00;79.75;79.75;65.54;79.75;64.99
30.11.2010 20:00;70.50;70.50;65.46;70.50;58.51
30.11.2010 21:00;69.48;67.99;67.99;69.48;57.72
30.11.2010 22:00;66.95;66.07;66.07;66.95;57.78
30.11.2010 23:00;63.71;63.71;63.71;63.71;57.69
01.12.2010 00:00;66.12;66.12;66.12;66.12;58.33
01.12.2010 01:00;65.55;65.55;65.55;65.55;58.28
01.12.2010 02:00;65.01;65.01;65.01;65.01;58.26
01.12.2010 03:00;65.01;65.01;65.01;65.01;58.27
01.12.2010 04:00;66.53;66.53;66.53;66.53;58.29
01.12.2010 05:00;75.04;67.26;66.78;75.04;58.16
01.12.2010 06:00;96.83;66.02;65.86;96.83;58.25
01.12.2010 07:00;156.71;73.79;73.79;156.71;59.39
01.12.2010 08:00;201.46;160.91;160.91;201.46;60.07
01.12.2010 09:00;185.49;185.49;185.49;185.49;59.65
01.12.2010 10:00;185.53;111.34;111.34;185.53;59.00
01.12.2010 11:00;185.51;80.50;80.50;185.51;59.04
01.12.2010 12:00;143.19;76.44;76.44;143.19;58.80
01.12.2010 13:00;119.34;92.76;92.76;119.34;58.81
01.12.2010 14:00;119.39;111.26;111.26;119.39;58.75
01.12.2010 15:00;141.74;73.80;73.80;141.74;58.77
01.12.2010 16:00;199.92;185.46;92.73;199.92;59.35
01.12.2010 17:00;165.82;165.82;76.65;165.82;60.35
01.12.2010 18:00;119.38;119.38;76.59;119.38;59.29
01.12.2010 19:00;108.91;79.16;76.70;108.91;58.34
01.12.2010 20:00;77.50;77.50;77.50;77.50;58.33
01.12.2010 21:00;72.80;70.07;70.07;72.80;58.43
01.12.2010 22:00;65.86;65.86;65.86;65.86;58.47
01.12.2010 23:00;63.68;63.68;63.68;63.68;58.35
02.12.2010 00:00;65.16;65.16;65.16;65.16;59.03
02.12.2010 01:00;64.45;64.45;64.45;64.45;58.96
02.12.2010 02:00;64.07;64.07;64.07;64.07;58.94
02.12.2010 03:00;64.16;64.16;64.16;64.16;58.95
02.12.2010 04:00;65.47;65.47;65.47;65.47;58.96
02.12.2010 05:00;70.52;70.52;70.52;70.52;58.79
02.12.2010 06:00;72.54;71.81;71.81;72.54;58.97
02.12.2010 07:00;120.28;120.28;120.28;120.28;60.17
02.12.2010 08:00;120.26;120.26;120.26;120.26;66.39
02.12.2010 09:00;92.87;92.87;92.87;92.87;68.06
02.12.2010 10:00;92.00;92.00;92.00;92.00;66.88
02.12.2010 11:00;77.10;77.10;77.10;77.10;69.49
02.12.2010 12:00;74.61;74.61;74.61;74.61;69.69
02.12.2010 13:00;73.96;73.96;73.96;73.96;69.37
02.12.2010 14:00;78.01;78.01;78.01;78.01;66.81
02.12.2010 15:00;84.38;75.58;75.58;84.38;67.47
02.12.2010 16:00;99.19;99.19;99.19;99.19;83.20
02.12.2010 17:00;114.80;114.80;114.80;114.80;114.80
02.12.2010 18:00;86.01;86.01;86.01;86.01;86.01
02.12.2010 19:00;75.08;75.08;75.08;75.08;65.09
02.12.2010 20:00;70.41;70.41;70.41;70.41;60.96
02.12.2010 21:00;70.04;70.04;70.04;70.04;59.72
02.12.2010 22:00;66.66;66.66;66.66;66.66;59.04
02.12.2010 23:00;63.66;63.66;63.66;63.66;58.93
03.12.2010 00:00;64.08;64.08;64.08;64.08;59.36
03.12.2010 01:00;62.49;62.49;62.49;62.49;59.30
03.12.2010 02:00;62.34;62.34;62.34;62.34;59.28
03.12.2010 03:00;62.52;62.52;62.52;62.52;59.28
03.12.2010 04:00;64.93;64.93;64.93;64.93;59.30
03.12.2010 05:00;68.84;68.84;68.84;68.84;59.20
03.12.2010 06:00;71.55;68.99;68.99;71.55;60.19
03.12.2010 07:00;95.89;82.36;82.36;95.89;82.36
03.12.2010 08:00;102.79;98.94;98.94;102.79;98.94
03.12.2010 09:00;97.00;97.00;97.00;97.00;97.00
03.12.2010 10:00;97.30;97.30;97.30;97.30;97.30
03.12.2010 11:00;93.50;93.50;93.50;93.50;93.50
03.12.2010 12:00;85.29;85.21;85.21;85.29;85.21
03.12.2010 13:00;78.23;77.03;77.03;78.23;77.03
03.12.2010 14:00;73.67;73.41;73.41;73.67;73.41
03.12.2010 15:00;79.21;70.00;70.00;79.21;70.00
03.12.2010 16:00;87.10;75.40;75.40;87.10;75.40
03.12.2010 17:00;103.60;103.60;103.60;103.60;103.60
03.12.2010 18:00;86.00;86.00;86.00;86.00;86.00
03.12.2010 19:00;73.48;71.58;71.58;73.48;71.58
03.12.2010 20:00;67.88;67.88;67.88;67.88;63.40
03.12.2010 21:00;68.54;68.54;68.54;68.54;59.75
03.12.2010 22:00;66.44;66.44;66.44;66.44;59.20
03.12.2010 23:00;63.70;63.70;63.70;63.70;59.24
04.12.2010 00:00;64.21;64.21;64.21;64.21;60.61
04.12.2010 01:00;62.90;62.90;62.90;62.90;60.45
04.12.2010 02:00;62.26;62.26;62.26;62.26;60.44
04.12.2010 03:00;61.88;61.88;61.88;61.88;60.40
04.12.2010 04:00;62.11;62.11;62.11;62.11;60.41
04.12.2010 05:00;64.25;64.25;64.25;64.25;60.11
04.12.2010 06:00;65.31;65.31;65.31;65.31;60.02
04.12.2010 07:00;65.38;65.38;65.38;65.38;60.05
04.12.2010 08:00;65.17;65.17;65.17;65.17;60.47
04.12.2010 09:00;65.40;65.40;65.40;65.40;60.24
04.12.2010 10:00;67.08;67.08;67.08;67.08;60.20
04.12.2010 11:00;67.35;67.35;67.35;67.35;60.15
04.12.2010 12:00;66.72;66.72;66.72;66.72;60.08
04.12.2010 13:00;65.86;65.86;65.86;65.86;60.06
04.12.2010 14:00;66.41;66.41;66.41;66.41;60.04
04.12.2010 15:00;68.73;68.73;68.73;68.73;59.88
04.12.2010 16:00;73.31;73.31;73.31;73.31;60.42
04.12.2010 17:00;73.94;73.94;73.94;73.94;63.88
04.12.2010 18:00;70.19;70.19;70.19;70.19;61.34
04.12.2010 19:00;67.87;67.87;67.87;67.87;60.10
04.12.2010 20:00;65.15;65.15;65.15;65.15;60.05
04.12.2010 21:00;65.85;65.85;65.85;65.85;60.05
04.12.2010 22:00;64.09;64.09;64.09;64.09;60.04
04.12.2010 23:00;62.19;62.19;62.19;62.19;60.09
05.12.2010 00:00;63.10;63.10;63.10;63.10;61.46
05.12.2010 01:00;62.03;62.03;62.03;62.03;60.83
05.12.2010 02:00;61.66;61.66;61.66;61.66;60.49
05.12.2010 03:00;61.34;61.34;61.34;61.34;60.46
05.12.2010 04:00;61.42;61.42;61.42;61.42;60.44
05.12.2010 05:00;62.30;62.30;62.30;62.30;60.27
05.12.2010 06:00;62.60;62.60;64.73;62.60;60.08
05.12.2010 07:00;64.36;64.36;64.36;64.36;60.16
05.12.2010 08:00;63.50;63.50;63.50;63.50;60.33
05.12.2010 09:00;64.92;64.92;64.92;64.92;60.20
05.12.2010 10:00;65.31;65.31;65.31;65.31;60.28
05.12.2010 11:00;66.04;66.04;66.04;66.04;60.33
05.12.2010 12:00;65.84;65.84;65.84;65.84;60.28
05.12.2010 13:00;65.79;65.79;65.79;65.79;60.28
05.12.2010 14:00;66.49;66.49;66.49;66.49;60.27
05.12.2010 15:00;68.49;68.49;68.49;68.49;60.10
05.12.2010 16:00;71.76;71.76;71.76;71.76;60.24
05.12.2010 17:00;72.00;72.00;72.00;72.00;61.99
05.12.2010 18:00;70.90;70.90;70.90;70.90;70.90
05.12.2010 19:00;68.59;68.59;68.59;68.59;62.56
05.12.2010 20:00;65.95;65.95;65.95;65.95;61.22
05.12.2010 21:00;66.52;66.52;66.52;66.52;61.46
05.12.2010 22:00;64.29;64.29;64.29;64.29;62.61
05.12.2010 23:00;61.44;61.44;61.44;61.44;60.37
06.12.2010 00:00;61.26;61.26;61.26;61.26;60.33
06.12.2010 01:00;60.73;60.73;60.73;60.73;60.25
06.12.2010 02:00;60.61;60.61;60.61;60.61;60.21
06.12.2010 03:00;60.67;60.67;60.67;60.67;60.22
06.12.2010 04:00;61.21;61.21;61.21;61.21;60.25
06.12.2010 05:00;62.56;62.56;62.56;62.56;60.01
06.12.2010 06:00;65.60;65.60;65.60;65.60;60.66
06.12.2010 07:00;70.40;70.40;70.40;70.40;67.03
06.12.2010 08:00;74.97;74.97;74.97;74.97;74.97
06.12.2010 09:00;80.83;80.83;80.83;80.83;80.83
06.12.2010 10:00;83.92;83.92;83.92;83.92;83.92
06.12.2010 11:00;82.73;82.73;82.73;82.73;82.73
06.12.2010 12:00;81.31;81.31;81.31;81.31;81.31
06.12.2010 13:00;80.91;80.91;80.91;80.91;80.91
06.12.2010 14:00;78.48;78.48;78.48;78.48;78.48
06.12.2010 15:00;81.32;81.32;81.32;81.32;81.32
06.12.2010 16:00;109.32;95.00;95.00;109.32;95.00
06.12.2010 17:00;125.00;125.00;125.00;125.00;125.00
06.12.2010 18:00;91.31;91.31;91.31;91.31;91.31
06.12.2010 19:00;79.58;79.58;79.58;79.58;79.58
06.12.2010 20:00;67.82;67.82;67.82;67.82;67.49
06.12.2010 21:00;68.46;68.46;68.46;68.46;61.43
06.12.2010 22:00;66.44;66.44;66.44;66.44;59.93
06.12.2010 23:00;63.14;63.14;63.14;63.14;59.87
07.12.2010 00:00;64.67;64.67;64.67;64.67;61.98
07.12.2010 01:00;63.72;63.72;63.72;63.72;61.69
07.12.2010 02:00;63.27;63.27;63.27;63.27;61.59
07.12.2010 03:00;63.44;63.44;63.44;63.44;61.63
07.12.2010 04:00;65.22;65.22;65.22;65.22;61.73
07.12.2010 05:00;68.76;68.76;68.76;68.76;61.19
07.12.2010 06:00;77.84;71.45;71.45;77.84;62.81
07.12.2010 07:00;94.61;82.00;82.00;94.61;82.00
07.12.2010 08:00;110.60;110.60;110.60;110.60;110.60
07.12.2010 09:00;94.82;94.82;94.82;94.82;94.82
07.12.2010 10:00;93.32;93.32;93.32;93.32;93.32
07.12.2010 11:00;96.92;90.30;90.30;96.92;90.30
07.12.2010 12:00;90.83;82.95;82.95;90.83;82.95
07.12.2010 13:00;90.09;81.60;81.60;90.09;81.60
07.12.2010 14:00;95.03;77.48;77.48;95.03;77.48
07.12.2010 15:00;116.58;74.69;74.69;116.58;74.69
07.12.2010 16:00;124.21;79.94;79.94;124.21;79.94
07.12.2010 17:00;104.99;104.99;104.99;104.99;104.99
07.12.2010 18:00;98.06;98.06;98.06;98.06;98.06
07.12.2010 19:00;84.18;84.17;84.17;84.18;84.17
07.12.2010 20:00;82.31;71.91;71.91;82.31;69.69
07.12.2010 21:00;85.97;72.83;72.83;85.97;63.00
07.12.2010 22:00;72.00;72.00;72.00;72.00;62.17
07.12.2010 23:00;68.11;68.11;68.11;68.11;61.77
08.12.2010 00:00;69.33;69.33;69.33;69.33;63.20
08.12.2010 01:00;68.81;68.81;68.81;68.81;63.00
08.12.2010 02:00;68.70;68.70;68.70;68.70;62.97
08.12.2010 03:00;68.43;68.43;68.43;68.43;62.98
08.12.2010 04:00;69.43;69.43;69.43;69.43;63.09
08.12.2010 05:00;74.25;74.25;74.25;74.25;62.87
08.12.2010 06:00;90.26;73.45;73.45;90.26;63.58
08.12.2010 07:00;118.05;75.95;75.95;118.05;68.93
08.12.2010 08:00;110.09;80.88;80.88;110.09;80.88
08.12.2010 09:00;109.79;78.00;78.00;109.79;76.88
08.12.2010 10:00;108.94;76.15;76.15;108.94;74.04
08.12.2010 11:00;162.80;74.46;74.46;162.80;70.62
08.12.2010 12:00;151.02;75.12;75.12;151.02;71.20
08.12.2010 13:00;131.76;73.93;73.93;131.76;68.92
08.12.2010 14:00;143.90;73.89;73.89;143.90;67.52
08.12.2010 15:00;131.78;75.85;75.85;131.78;65.20
08.12.2010 16:00;115.03;77.81;77.81;115.03;68.35
08.12.2010 17:00;103.63;81.72;81.72;103.63;79.70
08.12.2010 18:00;121.59;79.20;79.20;121.59;79.20
08.12.2010 19:00;118.55;75.91;75.91;118.55;72.44
08.12.2010 20:00;86.86;77.35;77.35;86.86;64.83
08.12.2010 21:00;80.68;75.92;75.92;80.68;63.21
08.12.2010 22:00;73.99;73.99;73.99;73.99;63.02
08.12.2010 23:00;69.14;69.14;69.14;69.14;63.00
09.12.2010 00:00;73.52;73.52;73.52;73.52;66.66
09.12.2010 01:00;72.70;72.70;72.70;72.70;66.50
09.12.2010 02:00;71.18;71.18;71.18;71.18;66.47
09.12.2010 03:00;71.45;71.45;71.45;71.45;66.49
09.12.2010 04:00;73.67;73.67;73.67;73.67;66.57
09.12.2010 05:00;77.82;76.50;76.50;77.82;66.14
09.12.2010 06:00;88.29;76.16;76.16;88.29;66.25
09.12.2010 07:00;97.69;80.16;80.16;97.69;66.84
09.12.2010 08:00;105.05;77.53;77.53;105.05;68.26
09.12.2010 09:00;95.31;77.58;77.58;95.31;67.97
09.12.2010 10:00;93.10;76.82;76.82;93.10;67.31
09.12.2010 11:00;104.17;76.59;76.59;104.17;67.59
09.12.2010 12:00;101.03;76.35;76.35;101.03;67.54
09.12.2010 13:00;93.98;76.14;76.14;93.98;67.40
09.12.2010 14:00;99.12;76.24;76.24;99.12;67.30
09.12.2010 15:00;107.57;78.36;78.36;107.57;66.52
09.12.2010 16:00;105.04;78.12;78.12;105.04;67.20
09.12.2010 17:00;105.10;78.05;78.05;105.10;68.84
09.12.2010 18:00;98.45;77.57;77.57;98.45;68.65
09.12.2010 19:00;96.20;77.56;77.56;96.20;66.82
09.12.2010 20:00;81.52;76.75;76.75;81.52;66.74
09.12.2010 21:00;76.16;76.16;76.16;76.16;66.79
09.12.2010 22:00;73.80;73.80;73.80;73.80;66.57
09.12.2010 23:00;70.30;70.30;70.30;70.30;66.60
10.12.2010 00:00;74.84;74.84;74.84;74.84;67.87
10.12.2010 01:00;73.97;73.97;73.97;73.97;67.77
10.12.2010 02:00;74.06;74.06;74.06;74.06;67.75
10.12.2010 03:00;74.79;74.79;74.79;74.79;67.76
10.12.2010 04:00;75.94;75.94;75.94;75.94;67.81
10.12.2010 05:00;80.98;80.98;80.98;80.98;67.55
10.12.2010 06:00;91.98;78.58;78.58;91.98;67.70
10.12.2010 07:00;109.51;81.33;81.33;109.51;69.28
10.12.2010 08:00;124.72;80.83;80.83;124.72;73.07
10.12.2010 09:00;116.79;80.79;80.79;116.79;72.56
10.12.2010 10:00;108.69;79.28;79.28;108.69;76.20
10.12.2010 11:00;121.58;81.36;81.36;121.58;81.36
10.12.2010 12:00;107.25;77.93;77.93;107.25;73.70
10.12.2010 13:00;92.36;77.65;77.65;92.36;69.26
10.12.2010 14:00;93.06;77.72;77.72;93.06;68.67
10.12.2010 15:00;121.61;78.28;78.28;121.61;68.03
10.12.2010 16:00;121.56;79.98;79.98;121.56;68.97
10.12.2010 17:00;121.60;79.31;79.31;121.60;74.38
10.12.2010 18:00;131.34;79.32;79.32;131.34;69.52
10.12.2010 19:00;107.87;77.74;77.74;107.87;68.12
10.12.2010 20:00;93.09;77.78;77.78;93.09;67.78
10.12.2010 21:00;95.06;77.51;77.51;95.06;67.68
10.12.2010 22:00;80.50;77.71;77.71;80.50;67.85
10.12.2010 23:00;75.98;75.98;75.98;75.98;67.79
11.12.2010 00:00;78.75;78.75;78.75;78.75;69.07
11.12.2010 01:00;76.87;76.87;76.87;76.87;68.92
11.12.2010 02:00;76.02;76.02;76.02;76.02;68.86
11.12.2010 03:00;74.91;74.91;74.91;74.91;68.83
11.12.2010 04:00;74.31;74.31;74.31;74.31;68.83
11.12.2010 05:00;76.02;76.02;76.02;76.02;68.75
11.12.2010 06:00;77.05;77.05;77.05;77.05;68.83
11.12.2010 07:00;78.95;78.95;78.95;78.95;68.87
11.12.2010 08:00;77.46;77.46;77.46;77.46;69.10
11.12.2010 09:00;78.59;78.59;78.59;78.59;69.17
11.12.2010 10:00;79.82;79.82;79.82;79.82;69.34
11.12.2010 11:00;79.42;79.42;79.42;79.42;69.31
11.12.2010 12:00;78.39;78.39;78.39;78.39;69.17
11.12.2010 13:00;77.45;77.45;77.45;77.45;69.06
11.12.2010 14:00;78.06;78.06;78.06;78.06;69.03
11.12.2010 15:00;82.69;82.69;82.69;82.69;68.82
11.12.2010 16:00;93.74;93.74;93.74;93.74;68.81
11.12.2010 17:00;95.03;95.03;95.03;95.03;68.99
11.12.2010 18:00;88.17;88.17;88.17;88.17;69.58
11.12.2010 19:00;81.82;81.82;81.82;81.82;68.78
11.12.2010 20:00;77.83;77.83;77.83;77.83;68.81
11.12.2010 21:00;77.48;77.48;77.48;77.48;68.74
11.12.2010 22:00;75.91;75.91;75.91;75.91;68.95
11.12.2010 23:00;74.04;74.04;74.04;74.04;68.97
12.12.2010 00:00;78.46;78.46;78.46;78.46;69.55
12.12.2010 01:00;76.96;76.96;76.96;76.96;69.48
12.12.2010 02:00;76.18;76.18;76.18;76.18;69.42
12.12.2010 03:00;76.10;76.10;76.10;76.10;69.40
12.12.2010 04:00;77.16;77.16;77.16;77.16;69.40
12.12.2010 05:00;78.14;78.14;78.14;78.14;69.30
12.12.2010 06:00;79.32;79.32;79.32;79.32;69.39
12.12.2010 07:00;80.17;80.17;80.17;80.17;69.41
12.12.2010 08:00;79.22;79.22;79.22;79.22;69.63
12.12.2010 09:00;81.84;81.84;81.84;81.84;69.77
12.12.2010 10:00;88.19;88.19;88.19;88.19;69.85
12.12.2010 11:00;89.99;89.99;89.99;89.99;69.89
12.12.2010 12:00;89.33;89.33;89.33;89.33;69.86
12.12.2010 13:00;87.95;87.95;87.95;87.95;69.83
12.12.2010 14:00;89.65;89.65;89.65;89.65;69.82
12.12.2010 15:00;99.41;99.41;99.41;99.41;69.63
12.12.2010 16:00;114.38;114.38;114.38;114.38;69.61
12.12.2010 17:00;119.42;115.32;115.32;119.42;69.73
12.12.2010 18:00;114.54;114.54;114.54;114.54;69.87
12.12.2010 19:00;111.19;111.19;111.19;111.19;69.59
12.12.2010 20:00;100.90;100.90;100.90;100.90;69.65
12.12.2010 21:00;99.86;99.86;99.86;99.86;69.57
12.12.2010 22:00;88.17;88.17;88.17;88.17;69.80
12.12.2010 23:00;80.56;80.56;80.56;80.56;69.80
13.12.2010 00:00;80.66;80.66;80.66;80.66;69.71
13.12.2010 01:00;79.51;79.51;79.51;79.51;69.64
13.12.2010 02:00;79.08;79.08;79.08;79.08;69.62
13.12.2010 03:00;79.34;79.34;79.34;79.34;69.64
13.12.2010 04:00;82.99;82.99;80.76;82.99;69.69
13.12.2010 05:00;93.14;85.76;82.63;93.14;69.70
13.12.2010 06:00;125.62;85.68;84.77;125.62;69.76
13.12.2010 07:00;200.00;92.04;92.04;200.00;70.97
13.12.2010 08:00;172.43;86.88;86.88;172.43;77.69
13.12.2010 09:00;159.00;86.47;86.47;159.00;77.00
13.12.2010 10:00;141.51;86.88;86.88;141.51;74.68
13.12.2010 11:00;199.08;86.60;86.60;199.08;74.66
13.12.2010 12:00;180.00;85.77;85.77;180.00;72.96
13.12.2010 13:00;154.31;85.50;85.50;154.31;72.28
13.12.2010 14:00;179.86;85.93;85.93;179.86;71.72
13.12.2010 15:00;156.97;90.37;90.37;156.97;71.59
13.12.2010 16:00;199.96;95.34;95.34;199.96;74.51
13.12.2010 17:00;172.44;94.36;94.36;172.44;92.19
13.12.2010 18:00;150.01;97.58;97.58;150.01;97.58
13.12.2010 19:00;160.78;90.35;90.35;160.78;75.70
13.12.2010 20:00;135.48;89.83;89.83;135.48;70.90
13.12.2010 21:00;117.26;89.90;89.90;117.26;69.87
13.12.2010 22:00;86.83;86.83;86.83;86.83;69.99
13.12.2010 23:00;81.09;81.09;81.09;81.09;69.90
14.12.2010 00:00;85.77;85.77;82.96;85.77;71.09
14.12.2010 01:00;84.05;84.05;81.99;84.05;70.88
14.12.2010 02:00;83.08;83.08;81.63;83.08;70.82
14.12.2010 03:00;83.88;83.88;81.66;83.88;70.85
14.12.2010 04:00;86.94;86.94;81.80;86.94;70.49
14.12.2010 05:00;93.04;88.97;82.58;93.04;70.75
14.12.2010 06:00;103.23;86.98;86.98;103.23;71.81
14.12.2010 07:00;199.98;89.94;89.94;199.98;84.78
14.12.2010 08:00;178.33;87.91;87.91;178.33;79.59
14.12.2010 09:00;150.60;87.27;87.27;150.60;78.99
14.12.2010 10:00;150.05;86.59;86.59;150.05;79.50
14.12.2010 11:00;199.07;86.92;86.92;199.07;78.07
14.12.2010 12:00;152.72;86.30;86.30;152.72;73.58
14.12.2010 13:00;150.01;85.92;85.92;150.01;74.08
14.12.2010 14:00;172.40;86.06;86.06;172.40;73.27
14.12.2010 15:00;182.31;86.08;86.08;182.31;73.04
14.12.2010 16:00;237.94;87.69;87.69;237.94;87.69
14.12.2010 17:00;229.89;94.10;94.10;229.89;94.10
14.12.2010 18:00;252.35;92.74;92.74;252.35;92.74
14.12.2010 19:00;150.72;87.90;87.90;150.72;77.60
14.12.2010 20:00;150.46;86.97;86.97;150.46;71.84
14.12.2010 21:00;142.17;85.97;85.97;142.17;71.06
14.12.2010 22:00;89.64;84.71;84.71;89.64;71.10
14.12.2010 23:00;82.92;82.92;82.92;82.92;70.96
15.12.2010 00:00;81.17;81.17;81.17;81.17;72.16
15.12.2010 01:00;80.14;80.14;80.14;80.14;71.94
15.12.2010 02:00;79.13;79.13;79.13;79.13;71.86
15.12.2010 03:00;80.05;80.05;80.05;80.05;71.88
15.12.2010 04:00;81.81;81.81;81.81;81.81;72.22
15.12.2010 05:00;90.63;83.83;83.83;90.63;71.94
15.12.2010 06:00;91.91;83.67;83.67;91.91;72.22
15.12.2010 07:00;121.90;85.68;85.68;121.90;73.33
15.12.2010 08:00;125.11;85.66;85.66;125.11;77.70
15.12.2010 09:00;124.65;85.42;85.42;124.65;79.09
15.12.2010 10:00;124.44;84.29;84.29;124.44;80.16
15.12.2010 11:00;130.37;83.99;83.99;130.37;80.39
15.12.2010 12:00;131.28;83.91;83.91;131.28;78.30
15.12.2010 13:00;126.93;83.75;83.75;126.93;77.68
15.12.2010 14:00;150.21;83.62;83.62;150.21;78.47
15.12.2010 15:00;142.03;84.43;84.43;142.03;79.61
15.12.2010 16:00;149.82;88.36;88.36;149.82;88.36
15.12.2010 17:00;145.29;93.29;93.29;145.29;93.29
15.12.2010 18:00;130.50;104.56;104.56;130.50;104.56
15.12.2010 19:00;122.46;87.27;87.27;122.46;87.27
15.12.2010 20:00;108.39;83.74;83.74;108.39;74.71
15.12.2010 21:00;104.93;83.84;83.84;104.93;72.38
15.12.2010 22:00;83.27;83.27;83.27;83.27;73.28
15.12.2010 23:00;80.02;80.02;80.02;80.02;72.86
16.12.2010 00:00;77.50;77.50;77.50;77.50;69.32
16.12.2010 01:00;76.41;76.41;76.41;76.41;68.62
16.12.2010 02:00;75.64;75.64;75.64;75.64;68.56
16.12.2010 03:00;75.57;75.57;75.57;75.57;68.56
16.12.2010 04:00;76.15;76.15;76.15;76.15;68.65
16.12.2010 05:00;77.77;77.77;77.77;77.77;68.97
16.12.2010 06:00;78.54;78.54;78.54;78.54;69.09
16.12.2010 07:00;80.90;80.90;80.90;80.90;69.40
16.12.2010 08:00;80.74;80.74;80.74;80.74;69.91
16.12.2010 09:00;80.05;80.05;80.05;80.05;70.25
16.12.2010 10:00;80.03;80.03;80.03;80.03;69.87
16.12.2010 11:00;79.96;79.96;79.96;79.96;69.93
16.12.2010 12:00;79.36;79.36;79.36;79.36;69.39
16.12.2010 13:00;78.88;78.88;78.88;78.88;69.34
16.12.2010 14:00;78.92;78.92;78.92;78.92;69.35
16.12.2010 15:00;81.11;80.06;80.06;81.11;70.20
16.12.2010 16:00;88.53;80.68;80.68;88.53;74.60
16.12.2010 17:00;89.06;83.28;83.28;89.06;83.28
16.12.2010 18:00;85.01;83.80;83.80;85.01;83.80
16.12.2010 19:00;80.05;80.05;80.05;80.05;75.76
16.12.2010 20:00;78.83;78.83;78.83;78.83;71.12
16.12.2010 21:00;77.52;77.52;77.52;77.52;69.92
16.12.2010 22:00;76.21;76.21;76.21;76.21;70.28
16.12.2010 23:00;74.72;74.72;74.72;74.72;69.73
17.12.2010 00:00;75.72;75.72;75.72;75.72;69.35
17.12.2010 01:00;75.21;75.21;75.21;75.21;69.20
17.12.2010 02:00;75.05;75.05;75.05;75.05;69.17
17.12.2010 03:00;75.36;75.36;75.36;75.36;69.21
17.12.2010 04:00;77.37;77.37;77.37;77.37;69.29
17.12.2010 05:00;80.32;80.32;80.32;80.32;69.31
17.12.2010 06:00;82.32;80.62;80.62;82.32;72.38
17.12.2010 07:00;89.15;82.49;82.49;89.15;77.99
17.12.2010 08:00;90.05;84.56;84.56;90.05;79.39
17.12.2010 09:00;86.95;84.13;84.13;86.95;77.98
17.12.2010 10:00;84.91;83.62;83.62;84.91;79.66
17.12.2010 11:00;84.68;83.15;83.15;84.68;78.99
17.12.2010 12:00;89.44;82.52;82.52;89.44;74.40
17.12.2010 13:00;86.34;82.21;82.21;86.34;72.34
17.12.2010 14:00;81.36;81.36;81.36;81.36;72.51
17.12.2010 15:00;81.15;81.15;81.15;81.15;72.42
17.12.2010 16:00;84.38;81.20;81.20;84.38;76.20
17.12.2010 17:00;86.78;85.06;85.06;86.78;85.06
17.12.2010 18:00;85.26;85.26;85.26;85.26;85.26
17.12.2010 19:00;79.52;79.52;79.52;79.52;74.87
17.12.2010 20:00;77.77;77.77;77.77;77.77;69.87
17.12.2010 21:00;77.18;77.18;77.18;77.18;68.77
17.12.2010 22:00;75.84;75.84;75.84;75.84;69.01
17.12.2010 23:00;73.76;73.76;73.76;73.76;69.00
18.12.2010 00:00;77.35;77.35;77.35;77.35;71.70
18.12.2010 01:00;75.22;75.22;75.22;75.22;71.51
18.12.2010 02:00;74.61;74.61;74.61;74.61;71.43
18.12.2010 03:00;74.76;74.76;74.76;74.76;71.41
18.12.2010 04:00;77.18;77.18;77.18;77.18;71.39
18.12.2010 05:00;77.91;77.91;77.91;77.91;70.82
18.12.2010 06:00;77.98;77.98;77.98;77.98;70.70
18.12.2010 07:00;78.51;78.51;78.51;78.51;70.67
18.12.2010 08:00;77.70;77.70;77.70;77.70;70.68
18.12.2010 09:00;79.11;79.11;79.11;79.11;71.12
18.12.2010 10:00;80.11;80.11;80.11;80.11;71.21
18.12.2010 11:00;80.07;80.07;80.07;80.07;71.33
18.12.2010 12:00;79.50;79.50;79.50;79.50;70.95
18.12.2010 13:00;79.45;79.45;79.45;79.45;70.81
18.12.2010 14:00;79.99;79.99;79.99;79.99;70.81
18.12.2010 15:00;83.26;83.26;83.26;83.26;70.80
18.12.2010 16:00;87.45;86.31;86.31;87.45;71.69
18.12.2010 17:00;87.88;86.49;86.49;87.88;75.42
18.12.2010 18:00;84.89;84.89;84.89;84.89;75.17
18.12.2010 19:00;82.33;82.33;82.33;82.33;72.36
18.12.2010 20:00;79.86;79.86;79.86;79.86;70.75
18.12.2010 21:00;80.26;80.26;80.26;80.26;70.57
18.12.2010 22:00;79.52;79.52;79.52;79.52;70.77
18.12.2010 23:00;77.57;77.57;77.57;77.57;71.78
19.12.2010 00:00;80.11;80.11;80.11;80.11;71.93
19.12.2010 01:00;79.77;79.77;79.77;79.77;71.99
19.12.2010 02:00;79.69;79.69;79.69;79.69;71.94
19.12.2010 03:00;79.51;79.51;79.51;79.51;71.93
19.12.2010 04:00;79.85;79.85;79.85;79.85;71.95
19.12.2010 05:00;80.27;80.27;80.27;80.27;71.75
19.12.2010 06:00;80.86;80.86;80.86;80.86;71.60
19.12.2010 07:00;80.54;80.54;80.54;80.54;71.56
19.12.2010 08:00;80.84;80.84;80.84;80.84;71.91
19.12.2010 09:00;82.39;82.39;82.39;82.39;71.96
19.12.2010 10:00;85.44;85.44;85.44;85.44;71.98
19.12.2010 11:00;86.59;86.59;86.59;86.59;72.02
19.12.2010 12:00;86.13;86.13;86.13;86.13;72.01
19.12.2010 13:00;85.38;85.38;85.38;85.38;71.99
19.12.2010 14:00;86.07;86.07;86.07;86.07;71.99
19.12.2010 15:00;88.70;88.70;88.70;88.70;72.07
19.12.2010 16:00;94.46;90.71;90.71;94.46;72.43
19.12.2010 17:00;97.57;91.02;91.02;97.57;72.80
19.12.2010 18:00;94.96;93.50;93.50;94.96;72.44
19.12.2010 19:00;92.59;92.59;92.59;92.59;71.93
19.12.2010 20:00;88.63;88.63;88.63;88.63;71.77
19.12.2010 21:00;88.18;88.18;88.18;88.18;71.70
19.12.2010 22:00;85.54;85.54;85.54;85.54;71.87
19.12.2010 23:00;81.94;81.94;81.94;81.94;71.86
20.12.2010 00:00;82.79;82.79;82.79;82.79;72.67
20.12.2010 01:00;82.07;82.07;82.07;82.07;72.55
20.12.2010 02:00;82.20;82.20;82.20;82.20;72.52
20.12.2010 03:00;82.56;82.56;82.56;82.56;72.58
20.12.2010 04:00;84.46;84.46;84.46;84.46;72.66
20.12.2010 05:00;87.21;87.21;87.21;87.21;72.45
20.12.2010 06:00;90.73;88.60;88.60;90.73;73.22
20.12.2010 07:00;106.19;91.95;91.95;106.19;72.96
20.12.2010 08:00;106.86;92.83;92.83;106.86;74.99
20.12.2010 09:00;105.66;92.58;92.58;105.66;74.99
20.12.2010 10:00;99.43;91.27;91.27;99.43;77.96
20.12.2010 11:00;102.28;89.98;89.98;102.28;77.92
20.12.2010 12:00;99.28;89.38;89.38;99.28;79.79
20.12.2010 13:00;98.92;89.35;89.35;98.92;79.29
20.12.2010 14:00;101.96;89.84;89.84;101.96;77.00
20.12.2010 15:00;115.70;94.99;94.99;115.70;76.90
20.12.2010 16:00;123.97;95.70;95.70;123.97;76.91
20.12.2010 17:00;114.90;95.05;95.05;114.90;90.00
20.12.2010 18:00;99.16;94.47;94.47;99.16;88.20
20.12.2010 19:00;95.07;93.83;93.83;95.07;73.44
20.12.2010 20:00;92.76;91.65;91.65;92.76;72.95
20.12.2010 21:00;91.67;91.67;91.67;91.67;72.99
20.12.2010 22:00;88.61;88.61;88.61;88.61;72.98
20.12.2010 23:00;84.04;84.04;84.04;84.04;72.71
21.12.2010 00:00;83.86;83.86;83.86;83.86;72.72
21.12.2010 01:00;82.86;82.86;82.86;82.86;72.54
21.12.2010 02:00;82.06;82.06;82.06;82.06;72.46
21.12.2010 03:00;82.07;82.07;82.07;82.07;72.14
21.12.2010 04:00;84.95;84.95;84.95;84.95;72.22
21.12.2010 05:00;87.77;87.77;87.77;87.77;72.35
21.12.2010 06:00;90.06;88.01;88.01;90.06;74.43
21.12.2010 07:00;114.08;91.92;91.92;114.08;78.41
21.12.2010 08:00;107.70;94.74;94.74;107.70;94.74
21.12.2010 09:00;99.54;92.44;92.44;99.54;85.78
21.12.2010 10:00;99.03;91.62;91.62;99.03;83.91
21.12.2010 11:00;97.18;90.16;90.16;97.18;80.48
21.12.2010 12:00;104.68;88.97;88.97;104.68;78.36
21.12.2010 13:00;105.76;88.87;88.87;105.76;79.00
21.12.2010 14:00;119.51;89.06;89.06;119.51;79.97
21.12.2010 15:00;119.50;88.91;88.91;119.50;77.70
21.12.2010 16:00;133.19;91.13;91.13;133.19;84.14
21.12.2010 17:00;133.26;96.41;96.41;133.26;96.41
21.12.2010 18:00;119.60;89.48;89.48;119.60;87.10
21.12.2010 19:00;110.95;89.47;89.47;110.95;76.98
21.12.2010 20:00;97.29;89.05;89.05;97.29;75.93
21.12.2010 21:00;104.65;89.26;89.26;104.65;76.91
21.12.2010 22:00;95.86;87.87;87.87;95.86;75.17
21.12.2010 23:00;86.02;86.02;86.02;86.02;74.54
22.12.2010 00:00;88.59;88.59;88.59;88.59;74.55
22.12.2010 01:00;86.20;86.20;86.20;86.20;74.52
22.12.2010 02:00;86.21;86.21;86.21;86.21;74.51
22.12.2010 03:00;87.39;87.39;87.39;87.39;74.51
22.12.2010 04:00;89.21;89.21;89.21;89.21;74.52
22.12.2010 05:00;92.98;92.13;92.13;92.98;73.93
22.12.2010 06:00;122.89;88.67;88.02;122.89;74.52
22.12.2010 07:00;174.81;94.28;94.28;174.81;74.59
22.12.2010 08:00;167.00;96.43;96.43;167.00;75.59
22.12.2010 09:00;136.48;96.44;96.44;136.48;74.79
22.12.2010 10:00;122.87;94.68;94.68;122.87;74.58
22.12.2010 11:00;169.25;92.69;92.69;169.25;73.97
22.12.2010 12:00;140.43;92.06;92.06;140.43;73.64
22.12.2010 13:00;122.91;93.32;93.32;122.91;74.50
22.12.2010 14:00;140.10;92.56;92.56;140.10;73.91
22.12.2010 15:00;132.32;92.12;92.12;132.32;73.67
22.12.2010 16:00;150.07;93.02;93.02;150.07;73.47
22.12.2010 17:00;135.47;92.02;92.02;135.47;73.62
22.12.2010 18:00;134.23;90.14;90.14;134.23;73.00
22.12.2010 19:00;122.91;89.97;89.97;122.91;73.24
22.12.2010 20:00;98.85;90.28;90.28;98.85;73.80
22.12.2010 21:00;94.92;94.92;94.92;94.92;74.52
22.12.2010 22:00;88.84;88.84;88.84;88.84;74.54
22.12.2010 23:00;86.93;86.93;86.93;86.93;74.52
23.12.2010 00:00;89.28;89.28;89.28;89.28;76.91
23.12.2010 01:00;88.59;88.59;88.59;88.59;73.40
23.12.2010 02:00;88.65;88.65;88.65;88.65;73.32
23.12.2010 03:00;88.62;88.62;88.62;88.62;73.38
23.12.2010 04:00;89.63;89.63;89.63;89.63;73.45
23.12.2010 05:00;91.59;91.59;91.59;91.59;73.65
23.12.2010 06:00;89.97;89.97;89.97;89.97;73.68
23.12.2010 07:00;96.65;96.65;96.65;96.65;73.19
23.12.2010 08:00;97.52;97.52;97.52;97.52;73.12
23.12.2010 09:00;96.71;96.71;96.71;96.71;73.09
23.12.2010 10:00;96.02;96.02;96.02;96.02;73.09
23.12.2010 11:00;98.94;98.94;98.94;98.94;72.97
23.12.2010 12:00;95.40;95.40;95.40;95.40;73.34
23.12.2010 13:00;92.97;92.97;92.97;92.97;73.27
23.12.2010 14:00;93.44;93.44;93.44;93.44;73.19
23.12.2010 15:00;90.86;90.86;90.86;90.86;73.20
23.12.2010 16:00;93.72;93.72;93.72;93.72;72.85
23.12.2010 17:00;92.56;92.56;92.56;92.56;72.74
23.12.2010 18:00;92.01;92.01;92.01;92.01;72.51
23.12.2010 19:00;91.22;91.22;91.22;91.22;72.41
23.12.2010 20:00;89.42;89.42;89.42;89.42;72.84
23.12.2010 21:00;88.93;88.93;88.93;88.93;73.46
23.12.2010 22:00;85.55;85.55;85.55;85.55;73.95
23.12.2010 23:00;84.39;84.39;84.39;84.39;73.87
24.12.2010 00:00;81.07;81.07;81.07;81.07;73.20
24.12.2010 01:00;80.14;80.14;80.14;80.14;72.86
24.12.2010 02:00;79.57;79.57;79.57;79.57;72.69
24.12.2010 03:00;79.21;79.21;79.21;79.21;72.66
24.12.2010 04:00;79.78;79.78;79.78;79.78;72.69
24.12.2010 05:00;80.55;80.55;80.55;80.55;72.69
24.12.2010 06:00;80.57;80.57;80.57;80.57;72.95
24.12.2010 07:00;80.75;80.75;80.75;80.75;72.60
24.12.2010 08:00;81.61;81.61;81.61;81.61;72.92
24.12.2010 09:00;81.44;81.44;81.44;81.44;73.31
24.12.2010 10:00;82.29;82.29;82.29;82.29;73.58
24.12.2010 11:00;82.35;82.35;82.35;82.35;73.65
24.12.2010 12:00;81.50;81.50;81.50;81.50;73.60
24.12.2010 13:00;80.45;80.45;80.45;80.45;73.54
24.12.2010 14:00;80.83;80.83;80.83;80.83;73.61
24.12.2010 15:00;82.22;82.22;82.22;82.22;73.71
24.12.2010 16:00;82.86;82.86;82.86;82.86;73.81
24.12.2010 17:00;80.84;80.84;80.84;80.84;73.23
24.12.2010 18:00;79.02;79.02;79.02;79.02;72.80
24.12.2010 19:00;76.58;76.77;76.77;76.58;72.97
24.12.2010 20:00;76.77;76.77;76.77;76.77;73.00
24.12.2010 21:00;79.33;79.33;79.33;79.33;72.90
24.12.2010 22:00;79.96;79.96;79.96;79.96;72.79
24.12.2010 23:00;79.94;79.94;79.94;79.94;72.80
25.12.2010 00:00;84.06;84.06;84.06;84.06;73.37
25.12.2010 01:00;82.74;82.74;82.74;82.74;73.10
25.12.2010 02:00;81.98;81.98;81.98;81.98;72.96
25.12.2010 03:00;81.82;81.82;81.82;81.82;72.94
25.12.2010 04:00;82.10;82.10;82.10;82.10;72.97
25.12.2010 05:00;82.41;82.41;82.41;82.41;73.03
25.12.2010 06:00;82.66;82.66;82.66;82.66;73.24
25.12.2010 07:00;81.57;81.57;81.57;81.57;72.88
25.12.2010 08:00;81.56;81.56;81.56;81.56;73.00
25.12.2010 09:00;82.11;82.11;82.11;82.11;73.13
25.12.2010 10:00;82.02;82.02;82.02;82.02;73.43
25.12.2010 11:00;81.96;81.96;81.96;81.96;73.56
25.12.2010 12:00;81.48;81.48;81.48;81.48;73.57
25.12.2010 13:00;81.38;81.38;81.38;81.38;73.49
25.12.2010 14:00;81.57;81.57;81.57;81.57;73.46
25.12.2010 15:00;82.74;82.74;82.74;82.74;73.54
25.12.2010 16:00;83.58;83.58;83.58;83.58;73.61
25.12.2010 17:00;83.52;83.52;83.52;83.52;73.71
25.12.2010 18:00;82.84;82.84;82.84;82.84;73.66
25.12.2010 19:00;82.16;82.16;82.16;82.16;73.89
25.12.2010 20:00;81.57;81.57;81.57;81.57;74.35
25.12.2010 21:00;81.91;81.91;81.91;81.91;74.07
25.12.2010 22:00;82.07;82.07;82.07;82.07;73.85
25.12.2010 23:00;81.53;81.53;81.53;81.53;73.60
26.12.2010 00:00;84.04;84.04;84.04;84.04;74.23
26.12.2010 01:00;83.18;83.18;83.18;83.18;74.08
26.12.2010 02:00;82.54;82.54;82.54;82.54;73.98
26.12.2010 03:00;82.12;82.12;82.12;82.12;73.96
26.12.2010 04:00;82.25;82.25;82.25;82.25;73.97
26.12.2010 05:00;82.73;82.73;82.73;82.73;74.02
26.12.2010 06:00;82.58;82.58;82.58;82.58;74.13
26.12.2010 07:00;82.51;82.51;82.51;82.51;73.73
26.12.2010 08:00;82.70;82.70;82.70;82.70;73.75
26.12.2010 09:00;83.12;83.12;83.12;83.12;74.11
26.12.2010 10:00;82.86;82.86;82.86;82.86;74.72
26.12.2010 11:00;83.12;83.12;83.12;83.12;74.87
26.12.2010 12:00;83.57;83.57;83.57;83.57;74.81
26.12.2010 13:00;83.90;83.90;83.90;83.90;74.26
26.12.2010 14:00;83.61;83.61;83.61;83.61;74.12
26.12.2010 15:00;83.20;83.20;83.20;83.20;74.99
26.12.2010 16:00;84.96;84.96;84.96;84.96;78.04
26.12.2010 17:00;84.77;84.77;84.77;84.77;79.94
26.12.2010 18:00;84.69;84.69;84.69;84.69;79.91
26.12.2010 19:00;83.60;83.60;83.60;83.60;79.93
26.12.2010 20:00;82.95;82.95;82.95;82.95;79.91
26.12.2010 21:00;83.48;83.48;83.48;83.48;75.29
26.12.2010 22:00;83.60;83.60;83.60;83.60;74.67
26.12.2010 23:00;82.96;82.96;82.96;82.96;74.41
27.12.2010 00:00;83.00;83.00;83.00;83.00;74.74
27.12.2010 01:00;82.69;82.69;82.69;82.69;74.53
27.12.2010 02:00;82.26;82.26;82.26;82.26;74.43
27.12.2010 03:00;82.51;82.51;82.51;82.51;74.44
27.12.2010 04:00;82.80;82.80;82.80;82.80;74.51
27.12.2010 05:00;84.94;84.94;84.94;84.94;74.67
27.12.2010 06:00;86.67;86.67;86.67;86.67;75.09
27.12.2010 07:00;88.64;88.64;88.64;88.64;75.52
27.12.2010 08:00;89.17;89.17;89.17;89.17;78.45
27.12.2010 09:00;90.77;90.77;90.77;90.77;79.90
27.12.2010 10:00;92.18;92.18;92.18;92.18;79.92
27.12.2010 11:00;94.90;94.90;94.90;94.90;79.90
27.12.2010 12:00;94.50;94.50;94.50;94.50;76.91
27.12.2010 13:00;93.18;93.18;93.18;93.18;75.91
27.12.2010 14:00;94.98;94.18;94.18;94.98;75.72
27.12.2010 15:00;94.91;94.91;94.91;94.91;76.08
27.12.2010 16:00;102.08;96.80;96.80;102.08;79.93
27.12.2010 17:00;99.71;96.73;96.73;99.71;80.01
27.12.2010 18:00;95.05;95.05;95.05;95.05;79.94
27.12.2010 19:00;93.41;93.41;93.41;93.41;77.24
27.12.2010 20:00;91.56;91.56;91.56;91.56;75.77
27.12.2010 21:00;90.60;90.60;90.60;90.60;76.26
27.12.2010 22:00;85.91;85.91;85.91;85.91;75.75
27.12.2010 23:00;84.59;84.59;84.59;84.59;74.94
28.12.2010 00:00;83.68;83.68;83.68;83.68;77.95
28.12.2010 01:00;83.08;83.08;83.08;83.08;77.92
28.12.2010 02:00;82.70;82.70;82.70;82.70;77.90
28.12.2010 03:00;82.83;82.83;82.83;82.83;77.90
28.12.2010 04:00;83.69;83.69;83.69;83.69;77.91
28.12.2010 05:00;85.78;85.78;85.78;85.78;77.93
28.12.2010 06:00;87.09;87.09;87.09;87.09;77.94
28.12.2010 07:00;89.22;89.22;89.22;89.22;76.50
28.12.2010 08:00;89.47;89.47;89.47;89.47;75.77
28.12.2010 09:00;91.08;91.08;91.08;91.08;75.97
28.12.2010 10:00;92.82;92.82;92.82;92.82;76.10
28.12.2010 11:00;93.12;93.12;93.12;93.12;75.97
28.12.2010 12:00;91.49;91.49;91.49;91.49;77.92
28.12.2010 13:00;90.78;90.78;90.78;90.78;77.90
28.12.2010 14:00;91.81;91.81;91.81;91.81;77.90
28.12.2010 15:00;93.23;93.23;93.23;93.23;76.70
28.12.2010 16:00;94.83;94.83;94.83;94.83;76.00
28.12.2010 17:00;94.34;94.34;94.34;94.34;76.97
28.12.2010 18:00;91.43;91.43;91.43;91.43;80.28
28.12.2010 19:00;91.03;91.03;91.03;91.03;78.49
28.12.2010 20:00;89.62;89.62;89.62;89.62;78.44
28.12.2010 21:00;89.03;89.03;89.03;89.03;77.98
28.12.2010 22:00;86.23;86.23;86.23;86.23;77.96
28.12.2010 23:00;86.06;86.06;86.06;86.06;77.98
29.12.2010 00:00;87.07;87.07;87.07;87.07;78.15
29.12.2010 01:00;85.64;85.64;85.64;85.64;77.82
29.12.2010 02:00;84.55;84.55;84.55;84.55;77.63
29.12.2010 03:00;84.79;84.79;84.79;84.79;77.64
29.12.2010 04:00;86.30;86.30;86.30;86.30;77.79
29.12.2010 05:00;89.53;89.53;89.53;89.53;78.05
29.12.2010 06:00;87.84;87.84;87.84;87.84;78.75
29.12.2010 07:00;90.41;90.41;90.41;90.41;78.33
29.12.2010 08:00;92.03;92.03;92.03;92.03;80.01
29.12.2010 09:00;94.00;94.00;94.00;94.00;81.88
29.12.2010 10:00;95.60;95.60;95.60;95.60;82.51
29.12.2010 11:00;98.10;97.51;97.51;98.10;81.98
29.12.2010 12:00;95.91;95.91;95.91;95.91;81.50
29.12.2010 13:00;95.01;95.01;95.01;95.01;80.84
29.12.2010 14:00;94.72;94.72;94.72;94.72;79.22
29.12.2010 15:00;95.04;94.54;94.54;95.04;80.04
29.12.2010 16:00;98.47;95.50;95.50;98.47;82.14
29.12.2010 17:00;98.24;94.64;94.64;98.24;83.58
29.12.2010 18:00;94.99;92.99;92.99;94.99;82.94
29.12.2010 19:00;92.92;92.42;92.42;92.92;82.67
29.12.2010 20:00;92.30;92.30;92.30;92.30;81.95
29.12.2010 21:00;91.61;91.61;91.61;91.61;80.77
29.12.2010 22:00;89.58;89.58;89.58;89.58;79.39
29.12.2010 23:00;87.53;87.53;87.53;87.53;78.48
30.12.2010 00:00;88.98;88.98;88.98;88.98;78.99
30.12.2010 01:00;87.48;87.48;87.48;87.48;78.73
30.12.2010 02:00;86.07;86.07;86.07;86.07;78.63
30.12.2010 03:00;86.05;86.05;86.05;86.05;78.60
30.12.2010 04:00;87.17;87.17;87.17;87.17;78.63
30.12.2010 05:00;88.91;88.91;88.91;88.91;78.80
30.12.2010 06:00;88.74;88.74;88.74;88.74;79.54
30.12.2010 07:00;88.71;88.71;88.71;88.71;78.98
30.12.2010 08:00;89.83;89.83;89.83;89.83;80.75
30.12.2010 09:00;90.68;90.68;90.68;90.68;83.30
30.12.2010 10:00;92.01;92.01;92.01;92.01;83.70
30.12.2010 11:00;90.59;90.59;90.59;90.59;82.76
30.12.2010 12:00;89.32;89.32;89.32;89.32;81.91
30.12.2010 13:00;88.41;88.41;88.41;88.41;79.83
30.12.2010 14:00;88.32;88.32;88.32;88.32;78.69
30.12.2010 15:00;89.60;89.60;89.60;89.60;78.74
30.12.2010 16:00;91.24;91.24;91.24;91.24;80.07
30.12.2010 17:00;89.99;89.99;89.99;89.99;80.94
30.12.2010 18:00;89.23;89.23;89.23;89.23;79.47
30.12.2010 19:00;87.95;87.95;87.95;87.95;78.85
30.12.2010 20:00;86.76;86.76;86.76;86.76;78.70
30.12.2010 21:00;86.75;86.75;86.75;86.75;78.65
30.12.2010 22:00;86.28;87.15;87.15;86.28;78.94
30.12.2010 23:00;85.99;87.02;87.02;85.99;78.63
31.12.2010 00:00;87.68;87.68;87.68;87.68;79.00
31.12.2010 01:00;86.37;87.03;87.03;86.37;78.81
31.12.2010 02:00;83.66;85.59;85.59;83.66;78.70
31.12.2010 03:00;83.87;85.44;85.44;83.87;78.66
31.12.2010 04:00;85.64;85.75;85.75;85.64;78.73
31.12.2010 05:00;87.31;87.31;87.31;87.31;78.81
31.12.2010 06:00;87.11;87.11;87.11;87.11;79.19
31.12.2010 07:00;87.50;87.50;87.50;87.50;78.72
31.12.2010 08:00;85.61;86.06;86.06;85.61;78.66
31.12.2010 09:00;85.65;87.68;87.68;85.65;78.75
31.12.2010 10:00;88.25;88.25;88.25;88.25;78.65
31.12.2010 11:00;86.92;86.92;87.14;86.92;78.64
31.12.2010 12:00;85.30;85.30;86.83;85.30;78.62
31.12.2010 13:00;83.19;83.19;85.78;83.19;78.52
31.12.2010 14:00;85.19;85.19;85.78;85.19;78.50
31.12.2010 15:00;87.85;87.85;87.85;87.85;78.54
31.12.2010 16:00;90.04;90.04;90.04;90.04;78.68
31.12.2010 17:00;90.26;90.26;90.26;90.26;78.60
31.12.2010 18:00;87.64;89.81;89.81;87.64;78.56
31.12.2010 19:00;82.65;89.13;89.13;82.65;78.36
31.12.2010 20:00;79.74;88.17;88.17;79.74;78.46
31.12.2010 21:00;82.69;86.77;86.77;82.69;78.42
31.12.2010 22:00;81.79;88.30;88.30;81.79;78.71
31.12.2010 23:00;80.77;87.05;87.05;80.77;78.52
01.01.2011 00:00;75.39;88.30;88.30;75.39;79.19
01.01.2011 01:00;72.52;88.42;88.42;72.52;79.05
01.01.2011 02:00;70.79;87.80;87.80;70.79;78.98
01.01.2011 03:00;68.99;87.45;87.45;68.99;78.91
01.01.2011 04:00;68.49;87.05;87.05;68.49;78.91
01.01.2011 05:00;67.91;87.05;87.05;67.91;78.97
01.01.2011 06:00;67.58;87.38;87.38;67.58;79.04
01.01.2011 07:00;67.96;87.44;87.44;67.96;79.07
01.01.2011 08:00;67.94;87.72;87.72;67.94;78.93
01.01.2011 09:00;66.73;88.32;88.32;66.73;78.81
01.01.2011 10:00;67.58;89.02;89.02;67.58;79.04
01.01.2011 11:00;68.27;89.99;89.99;70.12;78.80
01.01.2011 12:00;70.24;89.47;89.47;70.38;78.86
01.01.2011 13:00;72.11;89.19;89.19;72.11;78.87
01.01.2011 14:00;74.23;89.25;89.25;74.23;78.87
01.01.2011 15:00;78.48;88.91;88.91;78.48;78.96
01.01.2011 16:00;82.77;89.27;89.27;82.77;79.10
01.01.2011 17:00;85.26;88.96;88.96;85.26;79.11
01.01.2011 18:00;82.88;88.11;88.11;82.88;79.18
01.01.2011 19:00;81.31;88.79;89.03;81.31;79.08
01.01.2011 20:00;80.44;88.14;88.14;80.44;79.44
01.01.2011 21:00;82.68;87.55;87.55;82.68;79.43
01.01.2011 22:00;82.81;87.40;87.40;82.81;79.64
01.01.2011 23:00;81.25;86.54;86.54;81.25;79.38
02.01.2011 00:00;87.00;89.12;89.12;87.00;79.21
02.01.2011 01:00;83.32;87.72;87.72;83.32;78.82
02.01.2011 02:00;82.03;86.69;86.69;82.03;78.74
02.01.2011 03:00;82.49;86.27;86.27;82.49;78.72
02.01.2011 04:00;82.81;85.88;85.88;82.81;78.73
02.01.2011 05:00;85.42;85.42;85.42;85.42;78.81
02.01.2011 06:00;85.72;85.72;85.72;85.72;78.75
02.01.2011 07:00;86.75;86.75;86.75;86.75;78.81
02.01.2011 08:00;87.53;87.53;87.53;87.53;78.64
02.01.2011 09:00;88.62;88.62;88.62;88.62;78.83
02.01.2011 10:00;87.87;89.34;89.34;87.87;79.08
02.01.2011 11:00;86.71;89.95;89.95;86.71;79.15
02.01.2011 12:00;85.14;89.73;89.73;85.14;79.06
02.01.2011 13:00;85.37;89.33;89.33;85.37;78.79
02.01.2011 14:00;85.89;89.42;89.42;85.89;78.81
02.01.2011 15:00;89.10;89.75;89.75;89.10;78.89
02.01.2011 16:00;90.81;90.81;90.81;90.81;79.05
02.01.2011 17:00;90.96;90.96;90.96;90.96;79.47
02.01.2011 18:00;90.51;90.51;90.51;90.51;79.44
02.01.2011 19:00;90.18;90.18;90.18;90.18;79.09
02.01.2011 20:00;89.84;89.84;89.84;89.84;79.46
02.01.2011 21:00;89.88;89.88;89.88;89.88;79.45
02.01.2011 22:00;89.09;89.09;89.09;89.09;79.61
02.01.2011 23:00;87.30;87.30;87.30;87.30;79.33
03.01.2011 00:00;87.57;87.57;87.57;87.57;79.58
03.01.2011 01:00;86.11;86.11;86.11;86.11;79.46
03.01.2011 02:00;85.29;85.29;85.29;85.29;79.38
03.01.2011 03:00;85.41;85.41;85.41;85.41;79.39
03.01.2011 04:00;87.98;87.98;87.98;87.98;79.47
03.01.2011 05:00;90.66;90.66;90.66;90.66;79.65
03.01.2011 06:00;90.83;90.83;90.83;90.83;79.96
03.01.2011 07:00;91.48;91.48;91.48;91.48;81.46
03.01.2011 08:00;91.67;91.67;91.67;91.67;83.14
03.01.2011 09:00;91.81;91.81;91.81;91.81;83.15
03.01.2011 10:00;92.03;92.03;92.03;92.03;83.16
03.01.2011 11:00;92.01;92.01;92.01;92.01;83.11
03.01.2011 12:00;91.91;91.91;91.91;91.91;81.98
03.01.2011 13:00;91.72;91.72;91.72;91.72;81.64
03.01.2011 14:00;92.02;92.02;92.02;92.02;81.48
03.01.2011 15:00;92.33;92.33;92.33;92.33;81.57
03.01.2011 16:00;93.11;93.11;93.11;93.11;81.95
03.01.2011 17:00;92.91;92.91;92.91;92.91;85.55
03.01.2011 18:00;91.62;91.62;91.62;91.62;84.56
03.01.2011 19:00;90.69;90.69;90.69;90.69;81.23
03.01.2011 20:00;90.12;90.12;90.12;90.12;81.10
03.01.2011 21:00;90.56;90.56;90.56;90.56;79.71
03.01.2011 22:00;90.07;90.07;90.07;90.07;79.55
03.01.2011 23:00;88.84;88.84;88.84;88.84;79.42
04.01.2011 00:00;88.91;88.91;88.91;88.91;79.40
04.01.2011 01:00;87.36;87.36;87.36;87.36;79.22
04.01.2011 02:00;86.35;86.35;86.35;86.35;79.15
04.01.2011 03:00;86.43;86.43;86.43;86.43;79.17
04.01.2011 04:00;88.26;88.26;88.26;88.26;79.24
04.01.2011 05:00;90.09;90.09;90.09;90.09;79.50
04.01.2011 06:00;90.19;90.19;90.19;90.19;79.54
04.01.2011 07:00;90.53;90.53;90.53;90.53;80.33
04.01.2011 08:00;90.19;90.19;90.19;90.19;80.72
04.01.2011 09:00;90.32;90.32;90.32;90.32;80.48
04.01.2011 10:00;90.39;90.39;90.39;90.39;80.47
04.01.2011 11:00;90.14;90.14;90.14;90.14;79.89
04.01.2011 12:00;89.92;89.92;89.92;89.92;79.80
04.01.2011 13:00;89.81;89.81;89.81;89.81;79.74
04.01.2011 14:00;89.79;89.79;89.79;89.79;79.70
04.01.2011 15:00;90.17;90.17;90.17;90.17;79.68
04.01.2011 16:00;90.51;90.51;90.51;90.51;79.80
04.01.2011 17:00;90.37;90.37;90.37;90.37;80.02
04.01.2011 18:00;89.83;89.83;89.83;89.83;79.73
04.01.2011 19:00;89.34;89.34;89.34;89.34;79.94
04.01.2011 20:00;88.51;88.51;88.51;88.51;80.03
04.01.2011 21:00;88.46;88.46;88.46;88.46;79.80
04.01.2011 22:00;88.00;88.00;88.00;88.00;79.57
04.01.2011 23:00;87.44;87.44;87.44;87.44;79.41
05.01.2011 00:00;84.33;84.33;84.33;84.33;78.54
05.01.2011 01:00;83.91;83.91;83.91;83.91;78.30
05.01.2011 02:00;83.37;83.37;83.37;83.37;78.21
05.01.2011 03:00;83.66;83.66;83.66;83.66;78.22
05.01.2011 04:00;84.62;84.62;84.62;84.62;78.31
05.01.2011 05:00;85.73;85.73;85.73;85.73;78.51
05.01.2011 06:00;84.83;84.83;84.83;84.83;78.02
05.01.2011 07:00;85.06;85.06;85.06;85.06;78.68
05.01.2011 08:00;85.85;85.85;85.85;85.85;78.86
05.01.2011 09:00;85.98;85.98;85.98;85.98;78.82
05.01.2011 10:00;85.71;85.71;85.71;85.71;78.80
05.01.2011 11:00;85.07;85.07;85.07;85.07;78.71
05.01.2011 12:00;85.77;85.77;85.77;85.77;78.57
05.01.2011 13:00;85.62;85.62;85.62;85.62;78.50
05.01.2011 14:00;85.57;85.57;85.57;85.57;78.50
05.01.2011 15:00;85.89;85.89;85.89;85.89;78.47
05.01.2011 16:00;86.35;86.35;86.35;86.35;78.55
05.01.2011 17:00;86.28;86.28;86.28;86.28;78.54
05.01.2011 18:00;85.49;85.49;85.49;85.49;78.42
05.01.2011 19:00;84.79;84.79;84.79;84.79;78.45
05.01.2011 20:00;84.18;84.18;84.18;84.18;78.37
05.01.2011 21:00;83.14;83.14;83.14;83.14;78.60
05.01.2011 22:00;83.16;83.16;83.16;83.16;78.71
05.01.2011 23:00;79.54;80.53;80.53;79.54;78.52
06.01.2011 00:00;77.91;77.91;77.91;77.91;77.26
06.01.2011 01:00;76.95;76.95;77.16;76.95;76.95
06.01.2011 02:00;75.80;76.88;77.13;75.80;76.88
06.01.2011 03:00;75.06;76.89;77.13;75.06;76.89
06.01.2011 04:00;76.94;76.94;77.03;76.94;76.94
06.01.2011 05:00;77.55;77.55;77.55;77.55;77.27
06.01.2011 06:00;78.61;78.61;78.61;78.61;77.14
06.01.2011 07:00;80.27;80.27;80.27;80.27;77.33
06.01.2011 08:00;80.75;80.75;80.75;80.75;77.40
06.01.2011 09:00;79.86;79.86;79.86;79.86;77.45
06.01.2011 10:00;80.54;80.54;80.54;80.54;77.45
06.01.2011 11:00;80.76;80.76;80.76;80.76;77.38
06.01.2011 12:00;80.39;80.39;80.39;80.39;77.37
06.01.2011 13:00;80.43;80.43;80.43;80.43;77.28
06.01.2011 14:00;80.31;80.31;80.31;80.31;77.28
06.01.2011 15:00;81.42;81.42;81.42;81.42;77.17
06.01.2011 16:00;82.04;82.04;82.04;82.04;77.25
06.01.2011 17:00;82.00;82.00;82.00;82.00;77.23
06.01.2011 18:00;81.40;81.40;81.40;81.40;77.12
06.01.2011 19:00;81.16;81.16;81.16;81.16;77.02
06.01.2011 20:00;80.95;80.95;80.95;80.95;77.13
06.01.2011 21:00;81.55;81.55;81.55;81.55;77.14
06.01.2011 22:00;81.08;81.08;81.08;81.08;77.22
06.01.2011 23:00;79.35;79.35;79.35;79.35;77.08
07.01.2011 00:00;78.63;78.63;78.63;78.63;75.84
07.01.2011 01:00;77.98;77.98;77.98;77.98;75.56
07.01.2011 02:00;77.24;77.24;77.24;77.24;75.53
07.01.2011 03:00;77.64;77.64;77.64;77.64;75.54
07.01.2011 04:00;79.23;79.23;79.23;79.23;75.66
07.01.2011 05:00;81.69;81.69;81.69;81.69;75.98
07.01.2011 06:00;80.96;80.96;80.96;80.96;75.88
07.01.2011 07:00;81.77;81.77;81.77;81.77;77.18
07.01.2011 08:00;83.10;83.10;83.10;83.10;79.04
07.01.2011 09:00;83.22;83.22;83.22;83.22;79.12
07.01.2011 10:00;82.84;82.84;82.84;82.84;79.31
07.01.2011 11:00;82.53;82.53;82.53;82.53;79.24
07.01.2011 12:00;82.10;82.10;82.10;82.10;78.74
07.01.2011 13:00;81.90;81.90;81.90;81.90;77.70
07.01.2011 14:00;81.57;81.57;81.57;81.57;77.35
07.01.2011 15:00;82.02;82.02;82.02;82.02;77.11
07.01.2011 16:00;83.39;83.39;83.39;83.39;77.91
07.01.2011 17:00;83.58;83.58;83.58;83.58;78.99
07.01.2011 18:00;82.70;82.70;82.70;82.70;77.31
07.01.2011 19:00;81.80;81.80;81.80;81.80;76.20
07.01.2011 20:00;80.21;80.21;80.21;80.21;76.08
07.01.2011 21:00;81.12;81.12;81.12;81.12;75.92
07.01.2011 22:00;80.46;80.46;80.46;80.46;75.72
07.01.2011 23:00;79.17;79.17;79.17;79.17;75.39
08.01.2011 00:00;80.50;80.50;80.50;80.50;74.46
08.01.2011 01:00;79.54;79.54;79.54;79.54;74.26
08.01.2011 02:00;78.32;78.32;78.32;78.32;74.19
08.01.2011 03:00;78.03;78.03;78.03;78.03;74.20
08.01.2011 04:00;78.36;78.36;78.36;78.36;74.21
08.01.2011 05:00;79.47;79.47;79.47;79.47;74.23
08.01.2011 06:00;80.53;80.53;80.53;80.53;74.36
08.01.2011 07:00;80.48;80.48;80.48;80.48;74.64
08.01.2011 08:00;79.47;79.47;79.47;79.47;74.31
08.01.2011 09:00;79.72;79.72;79.72;79.72;74.39
08.01.2011 10:00;80.45;80.45;80.45;80.45;74.47
08.01.2011 11:00;80.48;80.48;80.48;80.48;74.48
08.01.2011 12:00;80.52;80.52;80.52;80.52;74.46
08.01.2011 13:00;80.32;80.32;80.32;80.32;74.50
08.01.2011 14:00;80.41;80.41;80.41;80.41;74.48
08.01.2011 15:00;81.07;81.07;81.07;81.07;74.51
08.01.2011 16:00;81.97;81.97;81.97;81.97;74.50
08.01.2011 17:00;81.92;81.92;81.92;81.92;74.57
08.01.2011 18:00;81.15;81.15;81.15;81.15;74.81
08.01.2011 19:00;80.52;80.52;80.52;80.52;74.68
08.01.2011 20:00;78.98;78.98;78.98;78.98;74.98
08.01.2011 21:00;79.41;79.41;79.41;79.41;74.79
08.01.2011 22:00;79.08;79.08;79.08;79.08;74.65
08.01.2011 23:00;77.93;77.93;77.93;77.93;74.48
09.01.2011 00:00;73.59;78.09;78.09;73.59;73.87
09.01.2011 01:00;69.12;76.71;76.71;69.12;73.66
09.01.2011 02:00;67.05;76.07;76.49;67.05;73.58
09.01.2011 03:00;65.95;75.87;76.40;65.95;73.57
09.01.2011 04:00;66.05;75.01;76.33;66.05;73.59
09.01.2011 05:00;67.43;73.78;76.33;67.43;73.63
09.01.2011 06:00;69.86;75.59;76.47;69.86;73.72
09.01.2011 07:00;70.68;73.81;76.35;70.68;73.81
09.01.2011 08:00;69.85;76.30;76.30;69.85;74.03
09.01.2011 09:00;71.11;76.39;76.39;71.11;74.09
09.01.2011 10:00;74.48;76.56;76.69;74.48;74.19
09.01.2011 11:00;74.98;76.32;76.88;74.98;74.12
09.01.2011 12:00;74.67;75.64;76.96;74.67;74.13
09.01.2011 13:00;74.38;75.05;77.38;74.38;74.12
09.01.2011 14:00;74.34;74.34;77.40;74.34;74.12
09.01.2011 15:00;76.24;76.24;77.35;76.24;74.15
09.01.2011 16:00;77.24;77.24;78.01;77.24;74.21
09.01.2011 17:00;78.06;78.06;78.08;78.06;74.22
09.01.2011 18:00;76.71;76.71;78.08;76.71;74.20
09.01.2011 19:00;76.64;76.64;78.10;76.64;74.19
09.01.2011 20:00;75.84;75.84;78.48;75.84;74.27
09.01.2011 21:00;75.65;75.65;78.57;75.65;74.15
09.01.2011 22:00;74.95;74.95;78.60;74.95;74.21
09.01.2011 23:00;70.51;73.77;78.15;70.51;73.77
10.01.2011 00:00;66.01;74.95;76.45;66.01;74.95
10.01.2011 01:00;65.60;74.41;76.15;65.60;74.41
10.01.2011 02:00;65.04;74.33;76.02;65.04;74.33
10.01.2011 03:00;65.00;74.01;75.92;65.00;74.01
10.01.2011 04:00;65.56;74.21;76.03;65.56;74.21
10.01.2011 05:00;66.46;74.81;75.78;66.46;74.81
10.01.2011 06:00;72.81;73.72;73.72;72.81;73.72
10.01.2011 07:00;76.09;76.09;76.09;76.09;76.09
10.01.2011 08:00;76.38;76.38;76.38;76.38;75.79
10.01.2011 09:00;76.01;76.01;76.01;76.01;75.76
10.01.2011 10:00;75.76;75.76;75.76;75.76;75.40
10.01.2011 11:00;75.65;75.65;75.65;75.65;75.57
10.01.2011 12:00;75.50;75.50;75.50;75.50;75.40
10.01.2011 13:00;75.32;75.32;75.32;75.32;75.32
10.01.2011 14:00;75.39;75.39;75.39;75.39;75.39
10.01.2011 15:00;75.96;75.96;75.96;75.96;75.38
10.01.2011 16:00;76.54;76.54;76.54;76.54;75.31
10.01.2011 17:00;76.85;76.85;76.85;76.85;75.47
10.01.2011 18:00;76.53;76.53;76.53;76.53;75.37
10.01.2011 19:00;76.04;76.04;76.14;76.04;74.89
10.01.2011 20:00;73.78;75.13;76.45;73.78;75.13
10.01.2011 21:00;74.56;74.87;76.30;74.56;74.87
10.01.2011 22:00;70.86;75.09;77.30;70.86;75.09
10.01.2011 23:00;67.27;74.82;76.65;67.27;74.82
11.01.2011 00:00;66.36;72.50;76.60;66.36;72.50
11.01.2011 01:00;66.16;72.23;76.24;66.16;72.23
11.01.2011 02:00;66.06;72.14;76.11;66.06;72.14
11.01.2011 03:00;66.06;72.11;76.08;66.06;72.11
11.01.2011 04:00;67.04;72.07;75.27;67.04;72.07
11.01.2011 05:00;69.42;72.07;76.03;69.42;72.07
11.01.2011 06:00;71.39;72.08;74.66;71.39;72.08
11.01.2011 07:00;73.30;73.30;76.49;73.30;73.30
11.01.2011 08:00;74.03;74.03;76.75;74.03;74.03
11.01.2011 09:00;73.87;73.87;76.72;73.87;73.87
11.01.2011 10:00;73.77;73.77;76.64;73.77;73.77
11.01.2011 11:00;73.49;73.49;76.53;73.49;73.49
11.01.2011 12:00;73.05;73.05;76.52;73.05;73.05
11.01.2011 13:00;73.14;73.14;76.83;73.14;73.14
11.01.2011 14:00;73.40;73.40;76.89;73.40;73.40
11.01.2011 15:00;73.88;73.88;76.28;73.88;73.88
11.01.2011 16:00;74.31;74.31;76.46;74.31;74.19
11.01.2011 17:00;74.77;74.77;76.44;74.77;74.09
11.01.2011 18:00;74.38;74.38;76.29;74.38;74.03
11.01.2011 19:00;73.61;73.61;76.76;73.61;73.61
11.01.2011 20:00;72.83;72.83;76.49;72.83;72.83
11.01.2011 21:00;72.93;72.93;76.18;72.93;72.93
11.01.2011 22:00;72.44;72.58;77.24;72.44;72.58
11.01.2011 23:00;68.52;72.46;76.64;69.11;72.46
12.01.2011 00:00;69.94;71.61;76.77;69.94;71.61
12.01.2011 01:00;70.38;71.34;76.48;70.38;71.34
12.01.2011 02:00;70.04;71.31;76.36;70.04;71.31
12.01.2011 03:00;69.95;71.31;76.34;69.95;71.31
12.01.2011 04:00;71.23;71.37;76.18;71.23;71.37
12.01.2011 05:00;74.24;74.24;76.36;74.24;71.61
12.01.2011 06:00;72.07;72.07;75.60;72.07;71.85
12.01.2011 07:00;72.79;72.79;76.71;72.79;71.87
12.01.2011 08:00;73.87;73.87;76.99;73.87;72.01
12.01.2011 09:00;72.11;72.11;76.34;72.11;71.96
12.01.2011 10:00;71.86;71.86;76.29;71.86;71.86
12.01.2011 11:00;71.87;71.87;76.25;71.87;71.87
12.01.2011 12:00;71.72;71.72;76.28;71.72;71.72
12.01.2011 13:00;71.73;71.73;76.53;71.73;71.73
12.01.2011 14:00;71.86;71.86;76.63;71.86;71.86
12.01.2011 15:00;72.31;72.31;76.63;72.31;71.97
12.01.2011 16:00;73.45;73.45;76.79;73.45;72.18
12.01.2011 17:00;73.79;73.79;76.77;73.79;72.65
12.01.2011 18:00;72.72;72.72;76.65;72.72;72.47
12.01.2011 19:00;72.00;72.00;77.24;72.00;72.00
12.01.2011 20:00;71.82;71.82;77.04;71.82;71.82
12.01.2011 21:00;71.56;71.56;76.35;71.56;71.56
12.01.2011 22:00;70.13;71.56;78.04;70.13;71.56
12.01.2011 23:00;68.47;71.45;76.83;68.47;71.45
13.01.2011 00:00;69.27;69.97;76.13;69.27;69.49
13.01.2011 01:00;68.85;68.95;75.68;68.85;68.95
13.01.2011 02:00;68.90;68.90;75.40;68.90;68.90
13.01.2011 03:00;68.99;68.99;75.45;68.99;68.99
13.01.2011 04:00;70.41;70.41;75.71;70.41;69.11
13.01.2011 05:00;72.61;72.61;76.17;72.61;69.31
13.01.2011 06:00;71.12;71.12;74.90;71.12;69.74
13.01.2011 07:00;72.59;72.59;74.45;72.59;70.61
13.01.2011 08:00;72.53;72.53;74.16;72.53;72.49
13.01.2011 09:00;73.34;73.34;74.15;73.34;70.52
13.01.2011 10:00;73.36;73.36;74.04;73.36;70.45
13.01.2011 11:00;73.36;73.36;73.95;73.36;70.32
13.01.2011 12:00;73.24;73.24;73.92;73.24;70.04
13.01.2011 13:00;73.27;73.27;74.12;73.27;69.94
13.01.2011 14:00;72.66;72.66;73.64;72.66;70.80
13.01.2011 15:00;73.90;73.90;74.20;73.90;70.69
13.01.2011 16:00;76.05;76.05;76.05;76.05;70.97
13.01.2011 17:00;76.52;76.52;76.52;76.52;70.86
13.01.2011 18:00;74.55;74.55;74.55;74.55;70.55
13.01.2011 19:00;73.81;73.81;74.17;73.81;70.15
13.01.2011 20:00;72.99;72.99;74.25;72.99;70.37
13.01.2011 21:00;72.52;72.52;73.99;72.52;70.01
13.01.2011 22:00;71.80;71.80;74.69;71.80;69.81
13.01.2011 23:00;70.98;71.99;74.64;70.98;69.53
14.01.2011 00:00;68.52;72.06;72.09;68.52;67.94
14.01.2011 01:00;68.59;71.71;71.71;68.59;67.87
14.01.2011 02:00;68.70;71.34;71.34;68.70;67.85
14.01.2011 03:00;68.92;70.53;70.99;68.92;67.85
14.01.2011 04:00;70.43;70.99;71.15;70.43;67.90
14.01.2011 05:00;72.62;72.62;72.62;72.62;67.99
14.01.2011 06:00;71.99;71.99;71.99;71.99;68.26
14.01.2011 07:00;72.00;72.00;72.00;72.00;68.25
14.01.2011 08:00;72.29;72.29;72.29;72.29;68.95
14.01.2011 09:00;71.97;71.97;71.97;71.97;68.85
14.01.2011 10:00;71.48;71.48;71.48;71.48;68.91
14.01.2011 11:00;71.37;71.37;71.37;71.37;68.74
14.01.2011 12:00;71.26;71.26;71.26;71.26;68.33
14.01.2011 13:00;70.96;70.96;71.53;70.96;68.17
14.01.2011 14:00;70.85;70.85;71.66;70.85;68.17
14.01.2011 15:00;71.18;71.18;71.65;71.18;68.17
14.01.2011 16:00;71.72;71.72;71.72;71.72;68.25
14.01.2011 17:00;71.79;71.79;71.79;71.79;68.53
14.01.2011 18:00;71.26;71.26;71.26;71.26;68.23
14.01.2011 19:00;70.06;71.04;71.04;70.06;68.15
14.01.2011 20:00;68.40;70.99;70.99;68.40;68.47
14.01.2011 21:00;68.33;70.59;70.63;68.33;68.34
14.01.2011 22:00;68.47;70.76;73.51;68.47;68.19
14.01.2011 23:00;68.22;70.89;73.14;68.22;68.03
15.01.2011 00:00;68.15;70.44;70.44;68.15;66.90
15.01.2011 01:00;67.94;69.43;69.43;67.94;66.74
15.01.2011 02:00;67.39;69.00;69.00;67.39;66.65
15.01.2011 03:00;67.72;68.96;68.96;67.72;66.60
15.01.2011 04:00;68.03;68.95;68.95;68.03;66.62
15.01.2011 05:00;68.98;69.09;69.09;68.98;66.66
15.01.2011 06:00;67.56;69.40;69.40;67.56;66.81
15.01.2011 07:00;68.35;69.86;69.86;68.35;67.06
15.01.2011 08:00;67.41;70.73;70.73;67.41;67.20
15.01.2011 09:00;66.96;71.72;71.72;66.96;67.24
15.01.2011 10:00;67.63;72.35;72.35;67.63;67.37
15.01.2011 11:00;67.84;71.98;71.98;67.84;67.20
15.01.2011 12:00;66.58;71.17;71.17;66.58;67.18
15.01.2011 13:00;66.15;71.02;71.02;66.15;67.12
15.01.2011 14:00;66.54;71.04;71.04;66.54;67.09
15.01.2011 15:00;68.81;70.89;70.89;68.81;67.09
15.01.2011 16:00;71.10;71.10;71.10;71.10;67.20
15.01.2011 17:00;71.31;71.56;71.56;71.31;67.27
15.01.2011 18:00;70.11;71.77;71.77;70.11;67.23
15.01.2011 19:00;68.84;71.73;71.73;68.84;67.14
15.01.2011 20:00;67.42;71.00;71.00;67.42;67.14
15.01.2011 21:00;68.06;70.17;70.17;68.06;67.04
15.01.2011 22:00;68.61;70.11;70.11;68.61;66.92
15.01.2011 23:00;67.16;70.14;70.14;67.16;66.83
16.01.2011 00:00;67.63;71.15;71.15;67.63;67.25
16.01.2011 01:00;66.91;70.61;70.61;66.91;67.34
16.01.2011 02:00;66.39;70.07;70.07;66.39;67.28
16.01.2011 03:00;65.93;69.90;69.90;65.93;67.25
16.01.2011 04:00;65.53;69.82;69.82;65.53;67.26
16.01.2011 05:00;65.92;69.60;69.68;65.92;67.07
16.01.2011 06:00;64.72;68.21;69.78;64.72;67.12
16.01.2011 07:00;65.72;69.84;69.84;65.72;67.23
16.01.2011 08:00;64.06;69.95;69.95;64.06;67.32
16.01.2011 09:00;64.07;69.61;69.61;64.07;67.26
16.01.2011 10:00;64.29;69.89;69.89;64.29;67.37
16.01.2011 11:00;64.36;70.01;70.01;64.36;67.43
16.01.2011 12:00;64.55;70.02;70.02;64.55;67.46
16.01.2011 13:00;64.34;69.99;70.61;64.34;67.44
16.01.2011 14:00;64.80;70.26;70.59;64.80;67.44
16.01.2011 15:00;66.21;70.37;70.37;66.21;67.46
16.01.2011 16:00;66.82;70.29;70.65;66.82;67.39
16.01.2011 17:00;67.18;69.55;70.54;67.18;67.37
16.01.2011 18:00;66.24;69.30;70.51;66.24;67.34
16.01.2011 19:00;65.66;70.13;70.46;65.66;67.32
16.01.2011 20:00;65.62;70.25;70.25;65.62;67.26
16.01.2011 21:00;65.83;70.18;70.58;65.83;67.17
16.01.2011 22:00;66.21;69.96;70.33;66.21;67.29
16.01.2011 23:00;64.81;69.07;69.88;64.81;67.21
17.01.2011 00:00;64.47;69.88;69.88;64.47;67.20
17.01.2011 01:00;63.25;69.63;69.63;63.25;67.13
17.01.2011 02:00;62.89;69.51;69.51;62.89;67.10
17.01.2011 03:00;63.23;69.43;69.43;63.23;67.10
17.01.2011 04:00;64.53;69.57;69.57;64.53;67.14
17.01.2011 05:00;66.98;69.89;69.89;66.98;67.27
17.01.2011 06:00;66.95;67.91;69.01;66.95;67.48
17.01.2011 07:00;66.65;67.74;69.45;66.65;67.74
17.01.2011 08:00;66.65;68.48;69.77;66.65;67.75
17.01.2011 09:00;66.24;67.86;69.42;66.24;67.69
17.01.2011 10:00;66.18;67.73;69.80;66.18;67.68
17.01.2011 11:00;66.14;67.68;69.75;66.14;67.64
17.01.2011 12:00;65.33;67.58;69.87;65.33;67.58
17.01.2011 13:00;65.78;67.58;69.87;65.78;67.55
17.01.2011 14:00;65.36;67.59;69.86;65.36;67.56
17.01.2011 15:00;66.42;67.46;69.85;66.42;67.46
17.01.2011 16:00;66.79;67.56;69.93;66.79;67.56
17.01.2011 17:00;67.36;67.57;69.60;67.36;67.57
17.01.2011 18:00;68.36;68.36;69.52;68.36;68.36
17.01.2011 19:00;65.97;67.71;69.45;65.97;67.54
17.01.2011 20:00;64.52;67.78;69.37;64.52;67.63
17.01.2011 21:00;64.22;67.57;69.21;64.22;67.54
17.01.2011 22:00;64.48;67.64;69.42;64.48;67.48
17.01.2011 23:00;63.92;67.84;69.36;63.92;67.26
18.01.2011 00:00;62.01;66.35;66.79;62.01;66.35
18.01.2011 01:00;61.65;66.21;66.21;61.65;66.21
18.01.2011 02:00;61.17;66.12;66.12;61.17;66.12
18.01.2011 03:00;61.67;66.12;66.12;61.67;66.12
18.01.2011 04:00;62.05;66.22;66.22;62.05;66.22
18.01.2011 05:00;65.37;66.66;66.66;65.37;66.40
18.01.2011 06:00;65.76;66.40;66.40;65.76;66.38
18.01.2011 07:00;67.33;67.33;68.85;67.33;67.33
18.01.2011 08:00;67.08;67.08;68.74;67.08;67.08
18.01.2011 09:00;66.63;66.78;68.74;66.63;66.63
18.01.2011 10:00;66.34;66.51;68.62;66.34;66.51
18.01.2011 11:00;66.28;66.42;68.49;66.28;66.42
18.01.2011 12:00;65.49;66.47;68.37;65.49;66.47
18.01.2011 13:00;65.50;66.44;68.39;65.50;66.44
18.01.2011 14:00;65.78;66.39;68.32;65.78;66.39
18.01.2011 15:00;66.44;66.44;68.27;66.44;66.44
18.01.2011 16:00;67.18;67.18;68.49;67.18;67.15
18.01.2011 17:00;67.90;67.90;67.92;67.90;67.90
18.01.2011 18:00;69.10;69.10;69.10;69.10;69.10
18.01.2011 19:00;66.99;66.99;67.70;66.99;66.99
18.01.2011 20:00;65.29;66.95;67.39;65.29;66.63
18.01.2011 21:00;65.24;66.86;68.12;65.24;66.56
18.01.2011 22:00;63.74;67.21;68.84;63.74;66.54
18.01.2011 23:00;63.02;67.17;67.49;63.02;66.55
19.01.2011 00:00;61.74;65.36;65.36;61.74;65.36
19.01.2011 01:00;61.72;65.23;65.23;61.72;65.23
19.01.2011 02:00;61.36;65.16;65.16;61.36;65.16
19.01.2011 03:00;61.87;65.18;65.18;61.87;65.18
19.01.2011 04:00;62.30;65.23;65.23;62.30;65.23
19.01.2011 05:00;64.02;65.39;65.39;64.02;65.39
19.01.2011 06:00;65.16;65.43;65.43;65.16;65.43
19.01.2011 07:00;65.88;65.88;65.88;65.88;65.88
19.01.2011 08:00;66.46;66.46;66.46;66.46;66.46
19.01.2011 09:00;66.05;66.05;66.05;66.05;66.05
19.01.2011 10:00;65.89;65.89;65.89;65.89;65.89
19.01.2011 11:00;65.97;65.97;65.97;65.97;65.97
19.01.2011 12:00;65.49;65.50;65.50;65.49;65.50
19.01.2011 13:00;65.05;65.37;65.37;65.05;65.37
19.01.2011 14:00;65.00;65.38;65.38;65.00;65.38
19.01.2011 15:00;65.53;65.53;65.53;65.53;65.53
19.01.2011 16:00;65.95;65.95;65.95;65.95;65.95
19.01.2011 17:00;66.88;66.88;66.88;66.88;66.88
19.01.2011 18:00;69.21;69.21;69.21;69.21;69.21
19.01.2011 19:00;66.45;66.45;66.45;66.45;66.45
19.01.2011 20:00;64.04;65.51;65.51;64.04;65.51
19.01.2011 21:00;63.67;65.45;65.45;63.67;65.45
19.01.2011 22:00;63.59;65.42;65.42;63.59;65.42
19.01.2011 23:00;62.61;65.33;65.33;62.61;65.33
20.01.2011 00:00;63.31;64.17;64.17;63.31;64.17
20.01.2011 01:00;63.10;63.94;63.94;63.10;63.94
20.01.2011 02:00;63.05;63.87;63.87;63.05;63.87
20.01.2011 03:00;63.01;63.85;63.85;63.01;63.85
20.01.2011 04:00;63.27;63.85;63.85;63.27;63.85
20.01.2011 05:00;64.11;64.11;64.11;64.11;64.11
20.01.2011 06:00;64.41;64.41;64.41;64.41;64.41
20.01.2011 07:00;65.12;65.12;65.12;65.12;65.12
20.01.2011 08:00;66.09;66.09;66.09;66.09;66.09
20.01.2011 09:00;66.09;66.09;66.09;66.09;66.09
20.01.2011 10:00;65.79;65.83;65.83;65.79;65.83
20.01.2011 11:00;65.64;65.64;65.64;65.64;65.64
20.01.2011 12:00;64.96;64.96;64.96;64.96;64.96
20.01.2011 13:00;64.27;64.27;64.27;64.27;64.27
20.01.2011 14:00;64.33;64.33;64.33;64.33;64.33
20.01.2011 15:00;64.52;64.52;64.52;64.52;64.52
20.01.2011 16:00;64.97;64.97;64.97;64.97;64.97
20.01.2011 17:00;66.62;66.62;66.62;66.62;66.62
20.01.2011 18:00;67.66;69.72;69.72;67.66;69.72
20.01.2011 19:00;66.52;66.52;66.52;66.52;66.52
20.01.2011 20:00;63.72;64.41;64.41;63.72;64.41
20.01.2011 21:00;62.92;64.32;64.32;62.92;64.32
20.01.2011 22:00;62.38;64.45;64.45;62.38;64.45
20.01.2011 23:00;61.07;64.23;64.23;61.07;64.23
21.01.2011 00:00;62.49;63.52;63.52;62.49;63.52
21.01.2011 01:00;62.53;63.39;63.39;62.53;63.39
21.01.2011 02:00;62.41;63.34;63.34;62.41;63.34
21.01.2011 03:00;62.40;63.36;63.36;62.40;63.36
21.01.2011 04:00;62.59;63.43;63.43;62.59;63.43
21.01.2011 05:00;63.52;63.52;63.52;63.52;63.52
21.01.2011 06:00;63.82;63.82;63.82;63.82;63.82
21.01.2011 07:00;64.74;64.74;64.74;64.74;64.74
21.01.2011 08:00;66.61;66.61;66.61;66.61;66.61
21.01.2011 09:00;66.23;66.23;66.23;66.23;66.23
21.01.2011 10:00;66.00;66.00;66.00;66.00;66.00
21.01.2011 11:00;65.21;65.21;65.21;65.21;65.21
21.01.2011 12:00;64.52;64.52;64.52;64.52;64.52
21.01.2011 13:00;63.72;63.72;63.72;63.72;63.72
21.01.2011 14:00;63.52;63.52;63.52;63.52;63.52
21.01.2011 15:00;63.57;63.57;63.57;63.57;63.57
21.01.2011 16:00;63.72;63.72;63.72;63.72;63.72
21.01.2011 17:00;65.70;65.70;65.70;65.70;65.70
21.01.2011 18:00;67.84;67.84;67.84;67.84;67.84
21.01.2011 19:00;65.27;65.27;65.27;65.27;65.27
21.01.2011 20:00;61.81;63.81;63.81;61.81;63.81
21.01.2011 21:00;61.08;63.70;63.70;61.08;63.70
21.01.2011 22:00;61.09;63.79;63.79;61.09;63.79
21.01.2011 23:00;60.06;63.57;63.57;60.06;63.57
22.01.2011 00:00;60.43;63.50;63.50;60.43;63.50
22.01.2011 01:00;60.32;63.35;63.35;60.32;63.35
22.01.2011 02:00;59.94;63.28;63.28;59.94;63.28
22.01.2011 03:00;59.63;63.25;63.25;59.63;63.25
22.01.2011 04:00;59.59;63.26;63.26;59.59;63.26
22.01.2011 05:00;59.72;63.31;63.31;59.72;63.31
22.01.2011 06:00;59.67;63.41;63.41;59.67;63.41
22.01.2011 07:00;58.88;63.26;63.26;58.88;63.26
22.01.2011 08:00;59.36;63.04;63.04;59.36;63.04
22.01.2011 09:00;59.78;63.22;63.22;59.78;63.22
22.01.2011 10:00;60.41;63.37;63.37;60.41;63.37
22.01.2011 11:00;61.05;63.54;63.54;61.05;63.39
22.01.2011 12:00;61.12;63.40;63.40;61.12;63.37
22.01.2011 13:00;60.13;63.26;63.26;60.13;63.26
22.01.2011 14:00;60.20;63.15;63.15;60.20;63.15
22.01.2011 15:00;60.15;63.09;63.09;60.15;63.09
22.01.2011 16:00;61.93;63.11;63.11;61.93;63.11
22.01.2011 17:00;63.28;63.28;63.28;63.28;63.28
22.01.2011 18:00;64.81;64.81;64.81;64.81;64.81
22.01.2011 19:00;62.63;63.20;63.20;62.63;63.20
22.01.2011 20:00;60.37;63.08;63.08;60.37;63.08
22.01.2011 21:00;59.77;63.06;63.06;59.77;63.06
22.01.2011 22:00;58.83;63.00;63.00;58.83;63.00
22.01.2011 23:00;58.25;62.83;62.83;58.25;62.83
23.01.2011 00:00;61.69;63.35;63.35;61.69;63.35
23.01.2011 01:00;61.60;63.21;63.21;61.60;63.21
23.01.2011 02:00;61.26;63.11;63.11;61.26;63.11
23.01.2011 03:00;61.16;63.06;63.06;61.16;63.06
23.01.2011 04:00;61.34;63.04;63.04;61.34;63.04
23.01.2011 05:00;61.66;63.06;63.06;61.66;63.06
23.01.2011 06:00;60.70;63.17;63.17;60.70;63.17
23.01.2011 07:00;59.33;62.97;62.97;59.33;62.97
23.01.2011 08:00;59.73;62.74;62.74;59.73;62.74
23.01.2011 09:00;59.72;62.89;62.89;59.72;62.89
23.01.2011 10:00;59.90;62.97;62.97;59.90;62.97
23.01.2011 11:00;60.14;63.06;63.06;60.14;63.06
23.01.2011 12:00;60.31;63.06;63.06;60.31;63.06
23.01.2011 13:00;60.08;63.06;63.06;60.08;63.06
23.01.2011 14:00;60.31;63.04;63.04;60.31;63.04
23.01.2011 15:00;60.50;63.06;63.06;60.50;63.06
23.01.2011 16:00;60.83;63.14;63.14;60.83;63.14
23.01.2011 17:00;62.84;63.14;63.14;62.84;63.14
23.01.2011 18:00;63.72;63.72;63.72;63.72;63.72
23.01.2011 19:00;63.41;63.41;63.41;63.41;63.41
23.01.2011 20:00;60.38;63.16;63.16;60.38;63.16
23.01.2011 21:00;59.75;63.18;63.18;59.75;63.18
23.01.2011 22:00;59.41;63.19;63.19;59.41;63.19
23.01.2011 23:00;59.12;62.96;62.96;59.12;62.96
24.01.2011 00:00;59.71;63.32;63.32;59.71;63.32
24.01.2011 01:00;59.67;63.20;63.20;59.67;63.20
24.01.2011 02:00;59.45;63.16;63.16;59.45;63.16
24.01.2011 03:00;59.58;63.19;63.19;59.58;63.19
24.01.2011 04:00;60.10;63.26;63.26;60.10;63.26
24.01.2011 05:00;61.91;63.42;63.42;61.91;63.42
24.01.2011 06:00;61.40;63.27;63.27;61.40;63.27
24.01.2011 07:00;65.07;65.07;65.07;65.07;65.07
24.01.2011 08:00;66.75;66.75;66.75;66.75;66.75
24.01.2011 09:00;66.37;66.37;66.37;66.37;66.37
24.01.2011 10:00;66.12;66.12;66.12;66.12;66.12
24.01.2011 11:00;65.71;65.71;65.71;65.71;65.71
24.01.2011 12:00;64.98;64.98;64.98;64.98;64.98
24.01.2011 13:00;64.71;64.71;64.71;64.71;64.71
24.01.2011 14:00;63.89;63.89;63.89;63.89;63.89
24.01.2011 15:00;63.05;63.10;63.10;63.05;63.10
24.01.2011 16:00;63.59;63.59;63.59;63.59;63.59
24.01.2011 17:00;65.95;65.95;65.95;65.95;65.95
24.01.2011 18:00;66.73;66.73;66.73;66.73;66.73
24.01.2011 19:00;64.88;64.88;64.88;64.88;64.88
24.01.2011 20:00;61.09;63.76;63.76;61.09;63.76
24.01.2011 21:00;60.70;63.36;63.36;60.70;63.36
24.01.2011 22:00;58.91;63.40;63.40;58.91;63.40
24.01.2011 23:00;58.03;63.24;63.24;58.03;63.24
25.01.2011 00:00;58.98;63.01;63.01;58.98;63.01
25.01.2011 01:00;59.46;62.91;62.91;59.46;62.91
25.01.2011 02:00;59.35;62.88;62.88;59.35;62.88
25.01.2011 03:00;59.57;62.91;62.91;59.57;62.91
25.01.2011 04:00;60.06;62.98;62.98;60.06;62.98
25.01.2011 05:00;60.94;63.08;63.08;60.94;63.08
25.01.2011 06:00;61.40;63.27;63.27;61.40;63.27
25.01.2011 07:00;62.06;63.40;63.40;62.06;63.40
25.01.2011 08:00;63.52;63.87;63.87;63.52;63.87
25.01.2011 09:00;62.80;63.91;63.91;62.80;63.91
25.01.2011 10:00;62.81;63.78;63.78;62.81;63.78
25.01.2011 11:00;62.69;63.68;63.68;62.69;63.68
25.01.2011 12:00;62.35;63.40;63.40;62.35;63.40
25.01.2011 13:00;62.02;62.94;62.94;62.02;62.94
25.01.2011 14:00;62.02;62.95;62.95;62.02;62.95
25.01.2011 15:00;62.52;62.91;62.91;62.52;62.91
25.01.2011 16:00;63.21;63.21;63.21;63.21;63.21
25.01.2011 17:00;65.17;65.17;65.17;65.17;64.94
25.01.2011 18:00;66.50;66.50;66.50;66.50;66.50
25.01.2011 19:00;64.67;64.67;64.67;64.67;64.67
25.01.2011 20:00;62.32;63.14;63.14;62.32;63.14
25.01.2011 21:00;62.51;62.99;62.99;62.51;62.99
25.01.2011 22:00;61.45;63.09;63.09;61.45;63.09
25.01.2011 23:00;59.65;62.89;62.89;59.65;62.89
26.01.2011 00:00;60.96;62.32;62.32;60.96;62.32
26.01.2011 01:00;61.08;62.18;62.18;61.08;62.18
26.01.2011 02:00;61.07;62.15;62.15;61.07;62.15
26.01.2011 03:00;61.17;62.15;62.15;61.17;62.15
26.01.2011 04:00;61.46;62.24;62.24;61.46;62.24
26.01.2011 05:00;62.38;62.38;62.38;62.38;62.38
26.01.2011 06:00;62.81;62.81;62.81;62.81;62.73
26.01.2011 07:00;67.31;67.31;64.69;67.31;64.01
26.01.2011 08:00;68.41;68.41;68.41;68.41;68.41
26.01.2011 09:00;67.79;67.79;67.79;67.79;67.79
26.01.2011 10:00;67.47;67.47;67.47;67.47;67.47
26.01.2011 11:00;67.55;67.55;67.55;67.55;67.55
26.01.2011 12:00;66.27;66.27;66.27;66.27;66.27
26.01.2011 13:00;65.43;65.43;65.43;65.43;65.43
26.01.2011 14:00;64.37;64.37;64.37;64.37;64.37
26.01.2011 15:00;63.42;63.42;63.42;63.42;63.42
26.01.2011 16:00;63.84;63.84;63.84;63.84;63.84
26.01.2011 17:00;67.18;67.18;67.18;67.18;67.18
26.01.2011 18:00;69.98;69.98;69.98;69.98;69.98
26.01.2011 19:00;66.04;66.04;65.88;66.04;65.88
26.01.2011 20:00;62.95;63.00;63.00;62.95;63.00
26.01.2011 21:00;62.92;62.92;62.92;62.92;62.74
26.01.2011 22:00;61.74;62.68;62.68;61.74;62.68
26.01.2011 23:00;60.07;62.43;62.43;60.07;62.43
27.01.2011 00:00;61.65;63.27;63.27;61.65;63.27
27.01.2011 01:00;61.69;63.09;63.09;61.69;63.09
27.01.2011 02:00;61.60;63.03;63.03;61.60;63.03
27.01.2011 03:00;61.69;63.05;63.05;61.69;63.05
27.01.2011 04:00;62.19;63.13;63.13;62.19;63.13
27.01.2011 05:00;63.30;63.30;63.30;63.30;63.30
27.01.2011 06:00;63.55;63.55;63.55;63.55;63.55
27.01.2011 07:00;65.53;65.53;65.53;65.53;65.53
27.01.2011 08:00;66.47;66.47;66.47;66.47;66.47
27.01.2011 09:00;66.30;66.30;66.30;66.30;66.30
27.01.2011 10:00;65.99;65.99;65.99;65.99;65.99
27.01.2011 11:00;66.33;66.33;66.33;66.33;66.33
27.01.2011 12:00;65.22;65.22;65.22;65.22;65.22
27.01.2011 13:00;64.40;64.40;64.40;64.40;64.40
27.01.2011 14:00;63.65;63.65;63.65;63.65;63.65
27.01.2011 15:00;63.41;63.41;63.41;63.41;63.41
27.01.2011 16:00;63.92;63.92;63.92;63.92;63.92
27.01.2011 17:00;66.63;66.63;66.63;66.63;66.63
27.01.2011 18:00;71.31;71.31;71.31;71.31;71.31
27.01.2011 19:00;67.04;67.04;67.04;67.04;67.04
27.01.2011 20:00;63.61;63.61;63.61;63.61;63.61
27.01.2011 21:00;61.92;63.16;63.16;61.92;63.16
27.01.2011 22:00;60.16;63.21;63.21;60.16;63.21
27.01.2011 23:00;58.40;63.02;63.02;58.40;63.02
28.01.2011 00:00;60.20;63.05;63.05;60.20;63.05
28.01.2011 01:00;60.30;62.87;62.87;60.30;62.87
28.01.2011 02:00;60.08;62.80;62.80;60.08;62.80
28.01.2011 03:00;60.08;62.81;62.81;60.08;62.81
28.01.2011 04:00;60.40;62.91;62.91;60.40;62.91
28.01.2011 05:00;60.93;63.02;63.02;60.93;63.02
28.01.2011 06:00;61.22;63.02;63.02;61.22;63.02
28.01.2011 07:00;65.44;65.44;64.68;65.44;64.68
28.01.2011 08:00;66.74;66.74;66.74;66.74;66.74
28.01.2011 09:00;66.24;66.24;66.24;66.24;66.24
28.01.2011 10:00;65.94;65.94;65.94;65.94;65.94
28.01.2011 11:00;65.28;65.28;65.28;65.28;65.28
28.01.2011 12:00;64.16;64.16;64.16;64.16;64.16
28.01.2011 13:00;63.11;63.13;63.13;63.11;63.13
28.01.2011 14:00;61.01;62.76;62.76;61.01;62.76
28.01.2011 15:00;60.48;62.70;62.70;60.48;62.70
28.01.2011 16:00;61.19;62.72;62.72;61.19;62.72
28.01.2011 17:00;63.82;63.82;63.82;63.82;63.82
28.01.2011 18:00;66.02;66.02;66.02;66.02;66.02
28.01.2011 19:00;63.96;63.96;63.96;63.96;63.96
28.01.2011 20:00;60.17;62.90;62.90;60.17;62.90
28.01.2011 21:00;58.07;62.96;62.96;58.07;62.96
28.01.2011 22:00;56.84;62.99;62.99;56.84;62.99
28.01.2011 23:00;56.73;62.92;62.92;56.73;62.92
29.01.2011 00:00;59.14;63.05;62.63;59.14;62.32
29.01.2011 01:00;59.15;62.32;62.32;59.15;62.23
29.01.2011 02:00;58.86;62.13;62.13;58.86;62.13
29.01.2011 03:00;58.77;62.07;62.07;58.77;62.07
29.01.2011 04:00;58.67;62.02;62.02;58.67;62.02
29.01.2011 05:00;58.96;62.05;62.05;58.96;62.05
29.01.2011 06:00;59.43;62.27;62.27;59.43;62.18
29.01.2011 07:00;59.66;62.08;62.08;59.66;62.05
29.01.2011 08:00;59.42;62.03;62.03;59.42;62.03
29.01.2011 09:00;59.98;62.05;62.05;59.98;62.05
29.01.2011 10:00;60.15;62.29;62.29;60.15;62.17
29.01.2011 11:00;60.45;62.18;62.18;60.45;62.16
29.01.2011 12:00;60.19;62.00;62.00;60.19;62.00
29.01.2011 13:00;60.09;61.91;61.91;60.09;61.91
29.01.2011 14:00;60.00;61.87;61.87;60.00;61.87
29.01.2011 15:00;60.08;61.85;61.85;60.08;61.85
29.01.2011 16:00;60.33;61.96;61.96;60.33;61.96
29.01.2011 17:00;60.96;62.22;62.22;60.96;62.13
29.01.2011 18:00;62.82;62.82;62.82;62.82;62.82
29.01.2011 19:00;62.08;62.49;62.49;62.08;62.08
29.01.2011 20:00;60.87;62.57;62.57;60.87;62.04
29.01.2011 21:00;60.25;62.75;62.75;60.25;62.03
29.01.2011 22:00;60.01;62.53;62.53;60.01;62.10
29.01.2011 23:00;59.93;62.08;62.08;59.93;62.02
30.01.2011 00:00;59.64;62.04;62.04;59.64;62.04
30.01.2011 01:00;59.35;61.89;61.89;59.35;61.89
30.01.2011 02:00;59.23;61.79;61.79;59.23;61.79
30.01.2011 03:00;59.16;61.74;61.74;59.16;61.74
30.01.2011 04:00;59.31;61.71;61.71;59.31;61.71
30.01.2011 05:00;59.59;61.71;61.71;59.59;61.71
30.01.2011 06:00;59.81;61.86;61.86;59.81;61.86
30.01.2011 07:00;60.45;61.74;61.74;60.45;61.74
30.01.2011 08:00;60.00;61.74;61.74;60.00;61.74
30.01.2011 09:00;59.65;61.65;61.65;59.65;61.65
30.01.2011 10:00;59.62;61.75;61.75;59.62;61.75
30.01.2011 11:00;59.68;61.75;61.75;59.68;61.75
30.01.2011 12:00;59.77;61.72;61.72;59.77;61.72
30.01.2011 13:00;59.73;61.66;61.66;59.73;61.66
30.01.2011 14:00;59.77;61.61;61.61;59.77;61.61
30.01.2011 15:00;59.96;61.63;61.63;59.96;61.63
30.01.2011 16:00;61.44;61.71;61.71;61.44;61.71
30.01.2011 17:00;62.29;62.29;62.29;62.29;62.29
30.01.2011 18:00;63.36;63.36;63.36;63.36;63.36
30.01.2011 19:00;63.30;63.30;63.30;63.30;63.30
30.01.2011 20:00;61.60;61.87;61.87;61.60;61.87
30.01.2011 21:00;61.42;61.89;61.89;61.42;61.89
30.01.2011 22:00;60.79;61.84;61.84;60.79;61.84
30.01.2011 23:00;60.10;61.74;61.74;60.10;61.74
31.01.2011 00:00;59.58;61.69;61.69;59.58;61.69
31.01.2011 01:00;59.31;61.58;61.58;59.31;61.58
31.01.2011 02:00;59.06;61.53;61.53;59.06;61.53
31.01.2011 03:00;59.20;61.53;61.53;59.20;61.53
31.01.2011 04:00;59.98;61.59;61.59;59.98;61.59
31.01.2011 05:00;60.13;61.71;61.71;60.13;61.71
31.01.2011 06:00;62.16;62.22;62.22;62.16;62.22
31.01.2011 07:00;65.36;65.36;65.31;65.36;65.31
31.01.2011 08:00;68.42;68.42;68.42;68.42;68.42
31.01.2011 09:00;66.82;66.82;66.82;66.82;66.82
31.01.2011 10:00;65.10;65.10;65.10;65.10;65.10
31.01.2011 11:00;64.46;64.46;64.46;64.46;64.46
31.01.2011 12:00;63.33;63.33;63.33;63.33;63.33
31.01.2011 13:00;62.92;62.92;62.92;62.92;62.92
31.01.2011 14:00;62.11;62.11;62.11;62.11;62.11
31.01.2011 15:00;61.68;61.68;61.68;61.68;61.68
31.01.2011 16:00;62.55;62.55;62.55;62.55;62.55
31.01.2011 17:00;65.64;65.64;65.64;65.64;65.64
31.01.2011 18:00;64.71;64.71;64.71;64.71;64.71
31.01.2011 19:00;63.99;63.99;63.99;63.99;63.99
31.01.2011 20:00;63.30;63.30;63.30;63.30;63.30
31.01.2011 21:00;61.22;61.89;61.89;61.22;61.89
31.01.2011 22:00;60.27;61.74;61.74;60.27;61.74
31.01.2011 23:00;59.98;61.50;61.50;59.98;61.50
01.02.2011 00:00;59.32;61.34;61.34;59.32;61.34
01.02.2011 01:00;58.65;61.21;61.21;58.65;61.21
01.02.2011 02:00;58.33;61.14;61.14;58.33;61.14
01.02.2011 03:00;58.17;61.11;61.11;58.17;61.11
01.02.2011 04:00;58.33;61.15;61.15;58.33;61.15
01.02.2011 05:00;59.03;61.25;61.25;59.03;61.25
01.02.2011 06:00;60.23;61.67;61.67;60.23;61.67
01.02.2011 07:00;63.51;63.51;63.51;63.51;63.51
01.02.2011 08:00;64.05;64.05;64.05;64.05;64.05
01.02.2011 09:00;63.45;63.62;63.62;63.45;63.62
01.02.2011 10:00;62.77;63.75;63.75;62.77;63.75
01.02.2011 11:00;62.27;63.29;63.29;62.27;63.29
01.02.2011 12:00;62.35;62.35;62.35;62.35;62.35
01.02.2011 13:00;61.73;61.73;61.73;61.73;61.73
01.02.2011 14:00;61.11;61.21;61.21;61.11;61.21
01.02.2011 15:00;61.23;61.07;61.07;61.23;61.07
01.02.2011 16:00;61.64;61.64;61.64;61.64;61.64
01.02.2011 17:00;63.90;63.90;63.90;63.90;63.90
01.02.2011 18:00;63.73;63.73;63.73;63.73;63.73
01.02.2011 19:00;62.63;62.63;62.63;62.63;62.63
01.02.2011 20:00;60.83;61.59;61.59;60.83;61.59
01.02.2011 21:00;60.50;61.48;61.48;60.50;61.48
01.02.2011 22:00;60.13;61.45;61.45;60.13;61.45
01.02.2011 23:00;59.79;61.33;61.33;59.79;61.33
02.02.2011 00:00;57.82;61.22;61.22;57.82;61.22
02.02.2011 01:00;57.02;61.10;61.10;57.02;61.10
02.02.2011 02:00;56.49;61.04;61.04;56.49;61.04
02.02.2011 03:00;55.24;60.88;60.88;55.24;60.88
02.02.2011 04:00;55.93;61.01;61.01;55.93;61.01
02.02.2011 05:00;57.51;61.08;61.08;57.51;61.08
02.02.2011 06:00;58.59;60.87;60.87;58.59;60.87
02.02.2011 07:00;62.08;62.08;62.08;62.08;62.08
02.02.2011 08:00;63.09;63.09;63.09;63.09;63.09
02.02.2011 09:00;62.86;62.86;62.86;62.86;62.86
02.02.2011 10:00;62.71;62.71;62.71;62.71;62.71
02.02.2011 11:00;62.41;62.41;62.41;62.41;62.41
02.02.2011 12:00;61.92;61.92;61.92;61.92;61.92
02.02.2011 13:00;61.25;61.25;61.25;61.25;61.25
02.02.2011 14:00;59.66;60.49;60.49;59.66;60.49
02.02.2011 15:00;59.84;59.68;59.68;59.84;59.68
02.02.2011 16:00;60.55;60.55;60.55;60.55;60.55
02.02.2011 17:00;62.29;62.29;62.29;62.29;62.29
02.02.2011 18:00;62.57;62.57;62.57;62.57;62.57
02.02.2011 19:00;61.45;61.45;61.45;61.45;61.45
02.02.2011 20:00;60.02;61.11;61.11;60.02;61.11
02.02.2011 21:00;59.38;61.39;61.39;59.38;61.39
02.02.2011 22:00;58.86;61.30;61.30;58.86;61.30
02.02.2011 23:00;58.36;61.12;61.12;58.36;61.12
03.02.2011 00:00;57.20;60.78;60.78;57.20;60.78
03.02.2011 01:00;56.62;60.38;60.38;56.62;60.38
03.02.2011 02:00;56.14;60.27;60.27;56.14;60.27
03.02.2011 03:00;55.68;60.22;60.22;55.68;60.22
03.02.2011 04:00;55.89;60.31;60.31;55.89;60.31
03.02.2011 05:00;57.12;60.64;60.64;57.12;60.64
03.02.2011 06:00;58.06;60.54;60.54;58.06;60.54
03.02.2011 07:00;59.57;61.25;61.25;59.57;61.25
03.02.2011 08:00;59.67;61.67;61.67;59.67;61.67
03.02.2011 09:00;59.71;61.71;61.71;59.71;61.71
03.02.2011 10:00;60.26;61.61;61.61;60.26;61.61
03.02.2011 11:00;60.14;61.45;61.45;60.14;61.45
03.02.2011 12:00;59.69;61.15;61.15;59.69;61.15
03.02.2011 13:00;59.80;61.02;61.02;59.80;61.02
03.02.2011 14:00;59.01;60.38;60.38;59.01;60.38
03.02.2011 15:00;58.77;59.62;59.62;58.77;59.62
03.02.2011 16:00;58.92;60.01;60.01;58.92;60.01
03.02.2011 17:00;61.83;61.83;61.83;61.83;61.83
03.02.2011 18:00;62.36;62.36;62.36;62.36;62.36
03.02.2011 19:00;61.06;61.20;61.20;61.06;61.20
03.02.2011 20:00;58.80;61.23;61.23;58.80;61.23
03.02.2011 21:00;58.44;61.18;61.18;58.44;61.18
03.02.2011 22:00;58.18;61.17;61.17;58.18;61.17
03.02.2011 23:00;57.98;60.91;60.91;57.98;60.91
04.02.2011 00:00;57.43;61.24;61.24;57.43;61.24
04.02.2011 01:00;57.22;61.07;61.07;57.22;61.07
04.02.2011 02:00;57.12;61.00;61.00;57.12;61.00
04.02.2011 03:00;57.09;60.98;60.98;57.09;60.98
04.02.2011 04:00;57.16;61.05;61.05;57.16;61.05
04.02.2011 05:00;57.77;61.17;61.17;57.77;61.17
04.02.2011 06:00;58.49;61.33;61.33;58.49;61.33
04.02.2011 07:00;59.29;61.47;61.47;59.29;61.47
04.02.2011 08:00;59.74;62.31;62.31;59.74;62.31
04.02.2011 09:00;59.55;62.73;62.73;59.55;62.73
04.02.2011 10:00;59.57;62.70;62.70;59.57;62.70
04.02.2011 11:00;59.44;62.53;62.53;59.44;62.53
04.02.2011 12:00;59.26;62.34;62.34;59.26;62.34
04.02.2011 13:00;59.10;61.78;61.78;59.10;61.78
04.02.2011 14:00;59.00;61.47;61.47;59.00;61.47
04.02.2011 15:00;58.88;61.20;61.20;58.88;61.20
04.02.2011 16:00;58.81;61.34;61.34;58.81;61.34
04.02.2011 17:00;59.19;61.33;61.33;59.19;61.33
04.02.2011 18:00;58.92;61.77;61.77;58.92;61.77
04.02.2011 19:00;59.00;61.44;61.44;59.00;61.44
04.02.2011 20:00;58.66;61.60;61.60;58.66;61.60
04.02.2011 21:00;58.25;61.54;61.54;58.25;61.54
04.02.2011 22:00;58.04;61.56;61.56;58.04;61.56
04.02.2011 23:00;57.80;61.43;61.43;57.80;61.43
05.02.2011 00:00;60.01;65.54;65.54;60.01;62.88
05.02.2011 01:00;59.44;65.31;65.31;59.44;62.79
05.02.2011 02:00;59.33;65.30;65.30;59.33;62.75
05.02.2011 03:00;59.26;65.28;65.28;59.26;62.73
05.02.2011 04:00;59.28;65.25;65.25;59.28;62.73
05.02.2011 05:00;59.41;65.34;65.34;59.41;62.72
05.02.2011 06:00;59.63;65.56;65.56;59.63;62.77
05.02.2011 07:00;59.77;65.83;65.83;59.77;62.82
05.02.2011 08:00;60.11;65.89;65.89;60.11;62.91
05.02.2011 09:00;60.79;66.28;66.28;60.79;62.97
05.02.2011 10:00;61.06;66.77;66.77;61.06;63.07
05.02.2011 11:00;61.08;66.14;66.14;61.08;63.07
05.02.2011 12:00;60.95;65.89;65.89;60.95;62.96
05.02.2011 13:00;60.72;65.58;65.58;60.72;62.91
05.02.2011 14:00;60.67;65.52;65.52;60.67;62.86
05.02.2011 15:00;60.72;65.45;65.45;60.72;62.86
05.02.2011 16:00;60.78;65.59;65.59;60.78;62.91
05.02.2011 17:00;60.98;65.77;65.77;60.98;63.07
05.02.2011 18:00;61.62;65.71;65.71;61.62;63.38
05.02.2011 19:00;61.07;65.59;65.59;61.07;62.97
05.02.2011 20:00;61.16;65.48;65.48;61.16;62.94
05.02.2011 21:00;60.92;65.42;65.42;60.92;62.87
05.02.2011 22:00;60.54;65.33;65.33;60.54;62.88
05.02.2011 23:00;60.51;65.26;65.26;60.51;62.88
06.02.2011 00:00;59.28;64.52;64.52;59.28;63.93
06.02.2011 01:00;58.77;63.98;63.98;58.77;63.87
06.02.2011 02:00;58.53;63.89;63.89;58.53;63.84
06.02.2011 03:00;58.42;63.82;63.82;58.42;63.82
06.02.2011 04:00;58.63;64.14;64.14;58.63;63.83
06.02.2011 05:00;59.36;64.24;64.24;59.36;63.85
06.02.2011 06:00;60.01;64.54;64.54;60.01;63.89
06.02.2011 07:00;60.22;64.04;64.04;60.22;63.85
06.02.2011 08:00;58.99;63.90;63.90;58.99;63.85
06.02.2011 09:00;59.04;63.85;63.85;59.04;63.85
06.02.2011 10:00;59.65;63.90;63.90;59.65;63.90
06.02.2011 11:00;59.74;63.87;63.87;59.74;63.87
06.02.2011 12:00;59.49;63.75;63.75;59.49;63.75
06.02.2011 13:00;59.42;63.72;63.72;59.42;63.72
06.02.2011 14:00;59.30;63.67;63.67;59.30;63.67
06.02.2011 15:00;59.42;63.71;63.71;59.42;63.71
06.02.2011 16:00;60.86;63.80;63.80;60.86;63.80
06.02.2011 17:00;62.47;63.95;63.95;62.47;63.95
06.02.2011 18:00;62.43;64.43;64.43;62.43;64.01
06.02.2011 19:00;61.25;64.47;64.47;61.25;64.01
06.02.2011 20:00;60.42;65.04;65.04;60.42;64.01
06.02.2011 21:00;60.61;65.05;65.05;60.61;63.94
06.02.2011 22:00;59.89;64.94;64.94;59.89;63.91
06.02.2011 23:00;59.24;63.85;63.85;59.24;63.85
07.02.2011 00:00;60.24;65.04;65.04;60.24;63.73
07.02.2011 01:00;59.40;64.72;64.72;59.40;63.66
07.02.2011 02:00;59.28;64.78;64.78;59.28;63.65
07.02.2011 03:00;59.72;64.84;64.84;59.72;63.66
07.02.2011 04:00;61.00;65.03;65.03;61.00;63.68
07.02.2011 05:00;61.14;65.09;65.09;61.14;63.67
07.02.2011 06:00;61.79;65.01;65.01;61.79;63.75
07.02.2011 07:00;66.02;66.02;66.02;66.02;65.66
07.02.2011 08:00;65.60;65.60;65.60;65.60;65.60
07.02.2011 09:00;63.03;64.12;64.12;63.03;64.12
07.02.2011 10:00;62.01;63.98;63.98;62.01;63.98
07.02.2011 11:00;61.79;63.76;63.76;61.79;63.76
07.02.2011 12:00;61.53;63.72;63.72;61.53;63.72
07.02.2011 13:00;61.18;63.67;63.67;61.18;63.67
07.02.2011 14:00;60.89;63.67;63.67;60.89;63.67
07.02.2011 15:00;61.28;63.66;63.66;61.28;63.66
07.02.2011 16:00;61.79;63.72;63.72;61.79;63.72
07.02.2011 17:00;62.05;63.73;63.73;62.05;63.73
07.02.2011 18:00;62.11;64.21;64.21;62.11;64.21
07.02.2011 19:00;61.50;64.25;64.25;61.50;64.25
07.02.2011 20:00;60.58;63.87;63.87;60.58;63.83
07.02.2011 21:00;60.60;63.97;63.97;60.60;63.82
07.02.2011 22:00;60.00;63.97;63.97;60.00;63.79
07.02.2011 23:00;59.26;63.64;63.64;59.26;63.64
08.02.2011 00:00;59.79;64.54;64.54;59.79;64.54
08.02.2011 01:00;59.58;64.50;64.50;59.58;64.50
08.02.2011 02:00;59.45;64.41;64.41;59.45;64.41
08.02.2011 03:00;59.47;64.42;64.42;59.47;64.42
08.02.2011 04:00;59.61;64.49;64.49;59.61;64.49
08.02.2011 05:00;59.85;64.57;64.57;59.85;64.57
08.02.2011 06:00;61.05;64.58;64.58;61.05;64.58
08.02.2011 07:00;62.76;64.93;64.93;62.76;64.93
08.02.2011 08:00;63.54;65.10;65.10;63.54;65.10
08.02.2011 09:00;63.20;64.97;64.97;63.20;64.97
08.02.2011 10:00;63.15;65.25;65.25;63.15;65.25
08.02.2011 11:00;62.70;64.82;64.82;62.70;64.82
08.02.2011 12:00;62.54;64.71;64.71;62.54;64.71
08.02.2011 13:00;62.42;64.64;64.64;62.42;64.64
08.02.2011 14:00;62.55;64.64;64.64;62.55;64.64
08.02.2011 15:00;62.61;64.65;64.65;62.61;64.65
08.02.2011 16:00;62.50;64.73;64.73;62.50;64.73
08.02.2011 17:00;64.54;65.45;65.45;64.54;65.45
08.02.2011 18:00;67.12;67.12;67.12;67.12;67.12
08.02.2011 19:00;65.93;65.93;65.93;65.93;65.93
08.02.2011 20:00;61.59;65.00;65.00;61.59;65.00
08.02.2011 21:00;61.48;64.93;64.93;61.48;64.93
08.02.2011 22:00;60.71;64.96;64.96;60.71;64.96
08.02.2011 23:00;60.39;64.75;64.75;60.39;64.75
09.02.2011 00:00;60.96;64.71;64.71;60.96;64.71
09.02.2011 01:00;60.30;64.62;64.62;60.30;64.62
09.02.2011 02:00;60.14;64.59;64.59;60.14;64.59
09.02.2011 03:00;60.36;64.61;64.61;60.36;64.61
09.02.2011 04:00;61.25;64.68;64.68;61.25;64.68
09.02.2011 05:00;61.44;64.74;64.74;61.44;64.74
09.02.2011 06:00;62.85;64.79;64.79;62.85;64.79
09.02.2011 07:00;65.33;65.33;65.33;65.33;65.33
09.02.2011 08:00;67.11;67.11;67.11;67.11;67.11
09.02.2011 09:00;66.04;66.04;66.04;66.04;66.04
09.02.2011 10:00;65.87;65.87;65.87;65.87;65.87
09.02.2011 11:00;65.00;65.00;65.00;65.00;65.00
09.02.2011 12:00;63.88;64.74;64.74;63.88;64.74
09.02.2011 13:00;63.48;64.72;64.72;63.48;64.72
09.02.2011 14:00;63.38;64.70;64.70;63.38;64.70
09.02.2011 15:00;63.77;64.69;64.69;63.77;64.69
09.02.2011 16:00;64.97;64.97;64.97;64.97;64.97
09.02.2011 17:00;66.02;66.02;66.02;66.02;65.55
09.02.2011 18:00;68.50;68.50;68.50;68.50;68.50
09.02.2011 19:00;66.58;66.58;66.58;66.58;66.58
09.02.2011 20:00;64.30;64.90;64.90;64.30;64.90
09.02.2011 21:00;64.90;64.93;64.93;64.90;64.93
09.02.2011 22:00;62.92;65.01;65.01;62.92;65.01
09.02.2011 23:00;61.68;64.90;64.90;61.68;64.90
10.02.2011 00:00;61.81;64.46;64.46;61.81;64.46
10.02.2011 01:00;61.36;64.22;64.22;61.36;64.22
10.02.2011 02:00;61.18;64.03;64.03;61.18;64.03
10.02.2011 03:00;61.32;64.04;64.04;61.32;64.04
10.02.2011 04:00;61.97;64.11;64.11;61.97;64.11
10.02.2011 05:00;62.64;64.22;64.22;62.64;64.22
10.02.2011 06:00;64.21;64.60;64.60;64.21;64.42
10.02.2011 07:00;65.57;65.57;65.57;65.57;64.77
10.02.2011 08:00;65.91;65.91;65.91;65.91;65.91
10.02.2011 09:00;65.36;65.36;65.36;65.36;64.79
10.02.2011 10:00;64.85;64.85;64.85;64.85;64.85
10.02.2011 11:00;64.04;64.54;64.54;64.04;64.54
10.02.2011 12:00;63.52;64.64;64.64;63.52;64.64
10.02.2011 13:00;62.92;64.49;64.49;62.92;64.49
10.02.2011 14:00;62.87;64.56;64.56;62.87;64.56
10.02.2011 15:00;63.58;64.52;64.52;63.58;64.52
10.02.2011 16:00;64.64;64.64;64.64;64.64;64.52
10.02.2011 17:00;64.81;64.81;64.81;64.81;64.50
10.02.2011 18:00;66.14;66.14;66.14;66.14;66.14
10.02.2011 19:00;65.08;65.08;65.08;65.08;65.08
10.02.2011 20:00;62.97;64.84;64.84;62.97;64.68
10.02.2011 21:00;63.56;64.95;64.95;63.56;64.74
10.02.2011 22:00;61.73;64.70;64.70;61.73;64.70
10.02.2011 23:00;61.15;64.49;64.49;61.15;64.49
11.02.2011 00:00;60.41;64.08;64.08;60.41;64.08
11.02.2011 01:00;59.53;63.94;63.94;59.53;63.94
11.02.2011 02:00;59.36;63.96;63.96;59.36;63.96
11.02.2011 03:00;59.56;63.93;63.93;59.56;63.93
11.02.2011 04:00;60.61;63.90;63.90;60.61;63.90
11.02.2011 05:00;61.41;63.93;63.93;61.41;63.93
11.02.2011 06:00;61.86;64.19;64.19;61.86;64.19
11.02.2011 07:00;63.70;65.54;65.54;63.70;64.51
11.02.2011 08:00;64.08;65.41;65.41;64.08;64.62
11.02.2011 09:00;63.40;65.41;65.41;63.40;64.55
11.02.2011 10:00;63.29;64.47;64.47;63.29;64.47
11.02.2011 11:00;62.32;64.35;64.35;62.32;64.35
11.02.2011 12:00;61.87;64.21;64.21;61.87;64.21
11.02.2011 13:00;61.51;63.97;63.97;61.51;63.97
11.02.2011 14:00;61.55;63.98;63.98;61.55;63.98
11.02.2011 15:00;61.54;63.98;63.98;61.54;63.98
11.02.2011 16:00;61.82;63.97;63.97;61.82;63.97
11.02.2011 17:00;63.34;64.01;64.01;63.34;64.01
11.02.2011 18:00;65.68;65.68;65.68;65.68;65.68
11.02.2011 19:00;64.38;64.38;64.38;64.38;64.38
11.02.2011 20:00;61.56;64.30;64.30;61.56;64.30
11.02.2011 21:00;62.00;64.21;64.21;62.00;64.21
11.02.2011 22:00;61.66;64.23;64.23;61.66;64.23
11.02.2011 23:00;61.25;64.18;64.18;61.25;64.18
12.02.2011 00:00;61.84;64.72;64.72;61.84;64.72
12.02.2011 01:00;61.52;64.66;64.66;61.52;64.66
12.02.2011 02:00;61.30;64.55;64.55;61.30;64.55
12.02.2011 03:00;61.37;64.54;64.54;61.37;64.54
12.02.2011 04:00;61.66;64.50;64.50;61.66;64.50
12.02.2011 05:00;61.99;64.34;64.34;61.99;64.34
12.02.2011 06:00;62.60;64.29;64.29;62.60;64.29
12.02.2011 07:00;62.44;64.38;64.38;62.44;64.38
12.02.2011 08:00;61.94;64.35;64.35;61.94;64.35
12.02.2011 09:00;62.85;64.24;64.24;62.85;64.24
12.02.2011 10:00;64.10;64.44;64.44;64.10;64.44
12.02.2011 11:00;63.72;64.39;64.39;63.72;64.39
12.02.2011 12:00;62.57;64.23;64.23;62.57;64.23
12.02.2011 13:00;61.75;64.16;64.16;61.75;64.16
12.02.2011 14:00;61.67;64.14;64.14;61.67;64.14
12.02.2011 15:00;61.87;64.06;64.06;61.87;64.06
12.02.2011 16:00;63.81;64.17;64.17;63.81;64.17
12.02.2011 17:00;65.62;65.62;65.62;65.62;64.48
12.02.2011 18:00;65.71;65.71;65.71;65.71;64.55
12.02.2011 19:00;64.66;64.72;64.72;64.66;64.51
12.02.2011 20:00;62.57;64.45;64.45;62.57;64.45
12.02.2011 21:00;63.73;64.62;64.62;63.73;64.62
12.02.2011 22:00;62.53;65.04;65.04;62.53;65.00
12.02.2011 23:00;62.25;64.82;64.82;62.25;64.82
13.02.2011 00:00;65.06;65.76;65.76;65.06;64.91
13.02.2011 01:00;64.22;65.59;65.59;64.22;65.03
13.02.2011 02:00;63.67;65.53;65.53;63.67;64.98
13.02.2011 03:00;63.35;65.50;65.50;63.35;64.97
13.02.2011 04:00;63.71;65.46;65.46;63.71;64.99
13.02.2011 05:00;64.01;65.44;65.44;64.01;65.02
13.02.2011 06:00;64.36;65.65;65.65;64.36;64.77
13.02.2011 07:00;63.98;65.70;65.70;63.98;64.69
13.02.2011 08:00;62.79;65.83;65.83;62.79;64.64
13.02.2011 09:00;62.43;65.96;65.96;62.43;64.45
13.02.2011 10:00;62.52;65.92;65.92;62.52;64.50
13.02.2011 11:00;62.56;65.90;65.90;62.56;64.50
13.02.2011 12:00;62.31;65.75;65.75;62.31;64.48
13.02.2011 13:00;61.97;65.61;65.61;61.97;64.45
13.02.2011 14:00;61.60;65.36;65.36;61.60;64.39
13.02.2011 15:00;62.06;65.44;65.44;62.06;64.38
13.02.2011 16:00;64.45;65.20;65.20;64.45;64.43
13.02.2011 17:00;65.97;65.97;65.97;65.97;64.49
13.02.2011 18:00;66.21;66.21;66.21;66.21;64.52
13.02.2011 19:00;65.90;65.90;65.90;65.90;64.53
13.02.2011 20:00;64.78;66.14;66.14;64.78;64.51
13.02.2011 21:00;65.05;66.31;66.31;65.05;64.67
13.02.2011 22:00;64.09;66.23;66.23;64.09;64.95
13.02.2011 23:00;63.01;65.80;65.80;63.01;64.93
14.02.2011 00:00;63.27;65.88;65.88;63.27;65.03
14.02.2011 01:00;62.86;65.57;65.57;62.86;64.99
14.02.2011 02:00;62.95;65.51;65.51;62.95;64.98
14.02.2011 03:00;63.37;65.40;65.40;63.37;64.99
14.02.2011 04:00;65.71;65.71;65.71;65.71;65.04
14.02.2011 05:00;66.60;66.60;66.60;66.60;64.96
14.02.2011 06:00;67.50;67.50;67.50;67.50;64.63
14.02.2011 07:00;68.42;68.42;68.10;68.42;64.67
14.02.2011 08:00;69.01;69.01;69.01;69.01;64.94
14.02.2011 09:00;68.89;68.89;68.89;68.89;64.89
14.02.2011 10:00;67.88;67.88;67.88;67.88;64.84
14.02.2011 11:00;67.24;67.24;67.24;67.24;64.85
14.02.2011 12:00;66.80;66.80;66.80;66.80;64.73
14.02.2011 13:00;66.57;66.57;66.57;66.57;64.71
14.02.2011 14:00;66.67;66.67;66.67;66.67;64.68
14.02.2011 15:00;66.58;66.58;66.58;66.58;64.66
14.02.2011 16:00;67.18;67.18;67.18;67.18;64.69
14.02.2011 17:00;68.14;68.14;68.14;68.14;64.78
14.02.2011 18:00;69.22;69.22;68.15;69.22;65.81
14.02.2011 19:00;67.32;67.32;67.32;67.32;65.75
14.02.2011 20:00;66.50;66.50;66.50;66.50;64.70
14.02.2011 21:00;66.77;66.77;66.77;66.77;64.78
14.02.2011 22:00;66.01;66.01;66.01;66.01;65.51
14.02.2011 23:00;64.42;65.52;65.52;64.42;65.33
15.02.2011 00:00;65.91;65.91;65.91;65.91;64.84
15.02.2011 01:00;65.26;65.40;65.40;65.26;65.09
15.02.2011 02:00;65.11;65.36;65.36;65.11;65.06
15.02.2011 03:00;65.44;65.44;65.44;65.44;65.10
15.02.2011 04:00;66.10;66.10;66.10;66.10;65.15
15.02.2011 05:00;66.61;66.61;66.61;66.61;65.06
15.02.2011 06:00;66.79;66.79;66.51;66.79;64.78
15.02.2011 07:00;67.98;67.98;66.77;67.98;64.93
15.02.2011 08:00;68.17;68.17;66.98;68.17;66.29
15.02.2011 09:00;67.88;67.88;66.95;67.88;65.68
15.02.2011 10:00;66.94;66.94;66.86;66.94;65.67
15.02.2011 11:00;66.67;66.67;66.67;66.67;65.65
15.02.2011 12:00;66.50;66.50;66.50;66.50;64.79
15.02.2011 13:00;66.27;66.27;66.27;66.27;64.75
15.02.2011 14:00;66.19;66.19;66.19;66.19;64.74
15.02.2011 15:00;66.32;66.32;66.32;66.32;64.74
15.02.2011 16:00;66.53;66.53;66.53;66.53;64.74
15.02.2011 17:00;67.58;67.58;66.75;67.58;64.82
15.02.2011 18:00;69.15;68.95;68.49;69.15;68.49
15.02.2011 19:00;66.81;66.81;66.81;66.81;65.91
15.02.2011 20:00;66.50;66.50;66.50;66.50;64.82
15.02.2011 21:00;66.92;66.92;66.76;66.92;64.72
15.02.2011 22:00;66.56;66.56;66.56;66.56;65.03
15.02.2011 23:00;66.03;66.03;66.03;66.03;64.83
16.02.2011 00:00;66.08;66.08;66.08;66.08;64.47
16.02.2011 01:00;65.83;65.83;65.83;65.83;64.36
16.02.2011 02:00;65.59;65.59;65.59;65.59;64.33
16.02.2011 03:00;65.70;65.70;65.70;65.70;64.34
16.02.2011 04:00;66.28;66.28;66.28;66.28;64.56
16.02.2011 05:00;66.46;66.46;66.46;66.46;64.71
16.02.2011 06:00;67.16;67.16;66.55;67.16;64.36
16.02.2011 07:00;68.53;68.53;67.55;68.53;64.29
16.02.2011 08:00;68.82;68.82;68.63;68.82;64.78
16.02.2011 09:00;68.43;68.43;68.40;68.43;65.61
16.02.2011 10:00;67.41;67.41;67.41;67.41;65.05
16.02.2011 11:00;67.10;67.10;67.10;67.10;64.50
16.02.2011 12:00;66.88;66.88;66.88;66.88;64.25
16.02.2011 13:00;66.66;66.66;66.66;66.66;64.24
16.02.2011 14:00;66.70;66.70;66.70;66.70;64.22
16.02.2011 15:00;66.62;66.62;66.62;66.62;64.21
16.02.2011 16:00;67.16;67.16;67.16;67.16;64.21
16.02.2011 17:00;68.02;68.02;66.83;68.02;64.94
16.02.2011 18:00;69.97;69.97;69.97;69.97;69.97
16.02.2011 19:00;67.21;67.21;67.21;67.21;67.21
16.02.2011 20:00;66.05;66.05;66.05;66.05;64.90
16.02.2011 21:00;66.32;66.32;66.32;66.32;64.77
16.02.2011 22:00;65.86;65.86;65.86;65.86;64.67
16.02.2011 23:00;64.99;65.30;65.30;64.99;64.45
17.02.2011 00:00;66.40;66.40;66.40;66.40;64.64
17.02.2011 01:00;66.20;66.20;66.20;66.20;64.56
17.02.2011 02:00;66.12;66.12;66.12;66.12;64.53
17.02.2011 03:00;66.16;66.16;66.16;66.16;64.55
17.02.2011 04:00;66.72;66.72;66.72;66.72;64.59
17.02.2011 05:00;67.20;67.20;66.85;67.20;64.69
17.02.2011 06:00;67.93;67.93;66.52;67.93;64.75
17.02.2011 07:00;68.50;68.50;66.76;68.50;65.39
17.02.2011 08:00;68.95;68.95;66.80;68.95;65.54
17.02.2011 09:00;68.61;68.61;66.81;68.61;65.64
17.02.2011 10:00;67.45;67.45;66.91;67.45;65.25
17.02.2011 11:00;67.07;67.07;66.86;67.07;65.20
17.02.2011 12:00;66.77;66.77;66.67;66.77;65.40
17.02.2011 13:00;66.56;66.56;66.56;66.56;64.87
17.02.2011 14:00;66.46;66.46;66.46;66.46;64.84
17.02.2011 15:00;66.46;66.46;66.46;66.46;64.83
17.02.2011 16:00;67.36;67.36;66.58;67.36;64.68
17.02.2011 17:00;68.31;68.31;66.62;68.31;65.76
17.02.2011 18:00;74.89;70.23;70.23;74.89;70.23
17.02.2011 19:00;68.96;68.64;68.50;68.96;68.50
17.02.2011 20:00;66.77;66.77;66.77;66.77;64.95
17.02.2011 21:00;67.05;67.05;66.90;67.05;64.79
17.02.2011 22:00;66.65;66.65;66.65;66.65;64.63
17.02.2011 23:00;66.10;66.10;66.10;66.10;64.44
18.02.2011 00:00;66.34;66.34;66.34;66.34;64.52
18.02.2011 01:00;66.20;66.20;66.20;66.20;64.50
18.02.2011 02:00;66.17;66.17;66.17;66.17;64.59
18.02.2011 03:00;66.29;66.29;66.29;66.29;64.60
18.02.2011 04:00;66.91;66.91;66.91;66.91;64.48
18.02.2011 05:00;67.13;67.13;67.13;67.13;64.60
18.02.2011 06:00;68.11;68.11;68.11;68.11;64.45
18.02.2011 07:00;69.78;69.78;69.78;69.78;65.87
18.02.2011 08:00;70.84;70.84;70.84;70.84;68.47
18.02.2011 09:00;69.91;69.91;69.91;69.91;68.96
18.02.2011 10:00;68.84;68.84;68.84;68.84;66.10
18.02.2011 11:00;68.43;68.43;68.43;68.43;66.02
18.02.2011 12:00;67.58;67.58;67.58;67.58;65.93
18.02.2011 13:00;66.64;66.64;66.64;66.64;64.51
18.02.2011 14:00;66.34;66.34;66.34;66.34;64.35
18.02.2011 15:00;66.33;66.33;66.33;66.33;64.34
18.02.2011 16:00;66.81;66.81;66.81;66.81;64.25
18.02.2011 17:00;67.91;67.91;67.91;67.91;64.80
18.02.2011 18:00;68.41;68.41;68.41;68.41;68.41
18.02.2011 19:00;66.80;66.80;66.80;66.80;66.70
18.02.2011 20:00;66.59;66.59;66.59;66.59;64.48
18.02.2011 21:00;66.71;66.71;66.71;66.71;64.44
18.02.2011 22:00;66.48;66.48;66.48;66.48;64.48
18.02.2011 23:00;66.16;66.16;66.16;66.16;64.36
19.02.2011 00:00;67.46;67.46;67.46;67.46;64.22
19.02.2011 01:00;67.03;67.03;67.03;67.03;64.13
19.02.2011 02:00;66.90;66.90;66.90;66.90;64.28
19.02.2011 03:00;66.95;66.95;66.95;66.95;64.26
19.02.2011 04:00;67.13;67.13;67.13;67.13;64.27
19.02.2011 05:00;67.62;67.62;67.62;67.62;64.15
19.02.2011 06:00;67.57;67.57;67.57;67.57;64.07
19.02.2011 07:00;67.66;67.66;67.66;67.66;64.09
19.02.2011 08:00;66.87;66.87;66.87;66.87;64.27
19.02.2011 09:00;66.85;66.85;66.85;66.85;64.44
19.02.2011 10:00;67.13;67.13;67.13;67.13;64.54
19.02.2011 11:00;66.72;66.82;66.82;66.72;64.50
19.02.2011 12:00;66.01;66.67;66.67;66.01;64.42
19.02.2011 13:00;65.22;66.49;66.49;65.22;64.33
19.02.2011 14:00;64.60;66.38;66.38;64.60;64.26
19.02.2011 15:00;65.05;66.36;66.36;65.05;64.25
19.02.2011 16:00;66.70;66.70;66.70;66.70;64.25
19.02.2011 17:00;68.95;68.95;68.95;68.95;64.53
19.02.2011 18:00;69.47;69.47;69.47;69.47;64.65
19.02.2011 19:00;68.30;68.30;68.30;68.30;64.50
19.02.2011 20:00;67.44;67.44;67.44;67.44;64.40
19.02.2011 21:00;67.91;67.91;67.91;67.91;64.29
19.02.2011 22:00;67.66;67.66;67.66;67.66;64.30
19.02.2011 23:00;67.08;67.08;67.08;67.08;64.27
20.02.2011 00:00;68.28;68.28;68.28;68.28;64.25
20.02.2011 01:00;68.09;68.09;68.09;68.09;64.18
20.02.2011 02:00;67.90;67.90;67.90;67.90;64.13
20.02.2011 03:00;67.76;67.76;67.76;67.76;64.12
20.02.2011 04:00;68.02;68.02;68.02;68.02;64.12
20.02.2011 05:00;68.40;68.40;68.40;68.40;64.16
20.02.2011 06:00;68.56;68.56;68.56;68.56;64.05
20.02.2011 07:00;68.51;68.51;68.51;68.51;64.01
20.02.2011 08:00;68.31;68.31;68.31;68.31;63.98
20.02.2011 09:00;67.21;67.21;67.21;67.21;64.11
20.02.2011 10:00;67.45;67.45;67.45;67.45;64.19
20.02.2011 11:00;67.01;67.01;67.01;67.01;64.20
20.02.2011 12:00;66.89;66.89;66.89;66.89;64.15
20.02.2011 13:00;66.67;66.67;66.67;66.67;64.09
20.02.2011 14:00;66.22;66.45;66.45;66.22;64.04
20.02.2011 15:00;66.18;66.45;66.45;66.18;64.04
20.02.2011 16:00;66.84;66.84;66.84;66.84;64.02
20.02.2011 17:00;68.99;68.99;68.99;68.99;64.45
20.02.2011 18:00;69.92;69.92;69.92;69.92;64.83
20.02.2011 19:00;69.45;69.45;69.45;69.45;64.58
20.02.2011 20:00;68.50;68.50;68.50;68.50;64.25
20.02.2011 21:00;68.47;68.47;68.47;68.47;64.19
20.02.2011 22:00;67.30;67.30;67.30;67.30;64.17
20.02.2011 23:00;66.89;66.89;66.89;66.89;64.09
21.02.2011 00:00;67.49;67.49;67.49;67.49;64.33
21.02.2011 01:00;67.50;67.50;67.50;67.50;64.26
21.02.2011 02:00;67.43;67.43;67.43;67.43;64.23
21.02.2011 03:00;67.53;67.53;67.53;67.53;64.25
21.02.2011 04:00;68.45;68.45;68.33;68.45;64.29
21.02.2011 05:00;69.77;69.77;69.10;69.77;64.39
21.02.2011 06:00;69.20;69.20;69.20;69.20;65.37
21.02.2011 07:00;77.34;72.20;72.20;77.34;70.16
21.02.2011 08:00;86.42;72.15;72.15;86.42;67.30
21.02.2011 09:00;80.95;71.90;71.90;80.95;66.88
21.02.2011 10:00;71.76;71.19;71.19;71.76;66.68
21.02.2011 11:00;69.66;69.66;69.66;69.66;66.00
21.02.2011 12:00;68.42;68.42;68.42;68.42;65.69
21.02.2011 13:00;68.41;68.41;68.41;68.41;65.26
21.02.2011 14:00;68.25;68.25;68.25;68.25;64.96
21.02.2011 15:00;68.03;68.03;68.03;68.03;64.71
21.02.2011 16:00;68.01;68.01;68.01;68.01;64.70
21.02.2011 17:00;69.71;69.71;69.71;69.71;65.59
21.02.2011 18:00;72.29;71.59;71.59;72.29;71.59
21.02.2011 19:00;69.45;69.45;69.45;69.45;69.45
21.02.2011 20:00;67.71;67.71;67.71;67.71;64.79
21.02.2011 21:00;67.42;67.42;67.42;67.42;64.34
21.02.2011 22:00;66.68;66.68;66.68;66.68;64.01
21.02.2011 23:00;66.08;66.08;66.08;66.08;63.93
22.02.2011 00:00;66.72;66.72;66.72;66.72;64.68
22.02.2011 01:00;66.60;66.60;66.60;66.60;64.62
22.02.2011 02:00;66.54;66.54;66.54;66.54;64.59
22.02.2011 03:00;66.61;66.61;66.61;66.61;64.59
22.02.2011 04:00;67.41;67.41;67.41;67.41;64.64
22.02.2011 05:00;68.07;68.07;68.07;68.07;64.69
22.02.2011 06:00;67.63;67.63;67.63;67.63;65.17
22.02.2011 07:00;70.19;70.19;70.19;70.19;66.41
22.02.2011 08:00;71.22;71.22;71.22;71.22;66.99
22.02.2011 09:00;70.88;70.88;70.88;70.88;68.10
22.02.2011 10:00;69.55;69.55;69.55;69.55;67.84
22.02.2011 11:00;68.95;68.95;68.95;68.95;67.98
22.02.2011 12:00;67.98;67.98;67.98;67.98;66.91
22.02.2011 13:00;67.97;67.97;67.97;67.97;66.71
22.02.2011 14:00;67.83;67.83;67.83;67.83;65.41
22.02.2011 15:00;67.50;67.50;67.50;67.50;65.21
22.02.2011 16:00;67.64;67.64;67.64;67.64;65.19
22.02.2011 17:00;69.30;69.30;69.30;69.30;66.18
22.02.2011 18:00;76.24;75.13;75.13;76.24;75.13
22.02.2011 19:00;73.85;73.85;73.85;73.85;73.85
22.02.2011 20:00;67.79;67.79;67.79;67.79;66.93
22.02.2011 21:00;67.47;67.47;67.47;67.47;64.79
22.02.2011 22:00;67.22;67.22;67.22;67.22;64.74
22.02.2011 23:00;66.68;66.68;66.68;66.68;64.63
23.02.2011 00:00;68.82;68.82;68.82;68.82;64.95
23.02.2011 01:00;68.20;68.20;68.20;68.20;64.87
23.02.2011 02:00;67.89;67.89;67.89;67.89;64.84
23.02.2011 03:00;67.98;67.98;67.98;67.98;64.86
23.02.2011 04:00;68.92;68.92;68.92;68.92;64.89
23.02.2011 05:00;70.25;70.25;70.25;70.25;64.85
23.02.2011 06:00;69.42;69.42;69.42;69.42;65.24
23.02.2011 07:00;75.93;71.64;71.64;75.93;66.62
23.02.2011 08:00;83.56;74.19;74.19;83.56;69.57
23.02.2011 09:00;77.16;72.77;72.77;77.16;69.59
23.02.2011 10:00;71.98;71.88;71.88;71.98;68.38
23.02.2011 11:00;70.20;70.20;70.20;70.20;68.00
23.02.2011 12:00;69.64;69.64;69.64;69.64;66.95
23.02.2011 13:00;69.66;69.66;69.66;69.66;66.26
23.02.2011 14:00;68.35;68.35;68.35;68.35;65.31
23.02.2011 15:00;68.24;68.24;68.24;68.24;64.91
23.02.2011 16:00;68.39;68.39;68.39;68.39;64.82
23.02.2011 17:00;70.19;70.19;70.19;70.19;65.50
23.02.2011 18:00;74.99;71.72;71.72;74.99;71.72
23.02.2011 19:00;71.00;71.00;71.00;71.00;68.37
23.02.2011 20:00;68.90;68.90;68.90;68.90;65.13
23.02.2011 21:00;69.39;69.39;69.39;69.39;64.94
23.02.2011 22:00;68.20;68.20;68.20;68.20;65.05
23.02.2011 23:00;67.47;67.47;67.47;67.47;64.91
24.02.2011 00:00;68.62;68.62;68.62;68.62;64.36
24.02.2011 01:00;68.27;68.27;68.27;68.27;64.22
24.02.2011 02:00;68.19;68.19;68.19;68.19;64.20
24.02.2011 03:00;68.37;68.37;68.37;68.37;64.22
24.02.2011 04:00;69.10;69.10;69.10;69.10;64.27
24.02.2011 05:00;70.74;69.86;69.86;70.74;64.19
24.02.2011 06:00;75.09;69.60;69.60;75.09;63.96
24.02.2011 07:00;88.31;72.26;72.26;88.31;65.71
24.02.2011 08:00;103.84;74.71;74.71;103.84;66.37
24.02.2011 09:00;83.41;73.73;73.73;83.41;66.93
24.02.2011 10:00;72.56;72.56;72.56;72.56;67.09
24.02.2011 11:00;70.77;70.77;70.77;70.77;67.50
24.02.2011 12:00;69.35;69.35;69.35;69.35;65.82
24.02.2011 13:00;68.89;68.89;68.89;68.89;65.46
24.02.2011 14:00;68.99;68.99;68.99;68.99;64.34
24.02.2011 15:00;68.91;68.91;68.91;68.91;64.19
24.02.2011 16:00;69.21;69.21;69.21;69.21;64.30
24.02.2011 17:00;70.60;70.34;70.34;70.60;65.03
24.02.2011 18:00;73.58;71.19;71.19;73.58;71.19
24.02.2011 19:00;70.41;70.41;70.41;70.41;70.41
24.02.2011 20:00;68.32;68.32;68.32;68.32;65.09
24.02.2011 21:00;67.91;67.91;67.91;67.91;64.21
24.02.2011 22:00;67.93;67.93;67.93;67.93;64.31
24.02.2011 23:00;67.14;67.14;67.14;67.14;64.13
25.02.2011 00:00;67.97;67.97;67.97;67.97;64.15
25.02.2011 01:00;67.52;67.52;67.52;67.52;64.00
25.02.2011 02:00;67.34;67.34;67.34;67.34;63.97
25.02.2011 03:00;67.65;67.65;67.65;67.65;63.97
25.02.2011 04:00;68.58;68.58;68.58;68.58;64.00
25.02.2011 05:00;69.61;69.61;69.61;69.61;63.72
25.02.2011 06:00;69.65;69.65;69.65;69.65;63.63
25.02.2011 07:00;72.20;71.64;71.64;72.20;65.22
25.02.2011 08:00;75.04;73.72;73.72;75.04;68.10
25.02.2011 09:00;72.29;72.29;72.29;72.29;67.50
25.02.2011 10:00;70.00;70.00;70.00;70.00;67.15
25.02.2011 11:00;69.13;69.13;69.13;69.13;65.91
25.02.2011 12:00;68.98;68.98;68.98;68.98;64.49
25.02.2011 13:00;68.47;68.47;68.47;68.47;63.85
25.02.2011 14:00;68.03;68.03;68.03;68.03;63.86
25.02.2011 15:00;67.56;67.56;67.56;67.56;63.85
25.02.2011 16:00;67.64;67.64;67.64;67.64;63.80
25.02.2011 17:00;68.47;68.47;68.47;68.47;64.51
25.02.2011 18:00;69.90;69.90;69.90;69.90;66.96
25.02.2011 19:00;68.22;68.22;68.22;68.22;65.32
25.02.2011 20:00;67.23;67.23;67.23;67.23;63.96
25.02.2011 21:00;66.83;66.83;66.83;66.83;63.95
25.02.2011 22:00;66.24;66.40;66.40;66.24;64.10
25.02.2011 23:00;64.78;65.97;65.97;64.78;64.05
26.02.2011 00:00;65.08;65.08;65.08;65.08;64.31
26.02.2011 01:00;64.91;64.91;64.91;64.91;64.20
26.02.2011 02:00;64.52;64.52;64.52;64.52;64.15
26.02.2011 03:00;64.41;64.41;64.41;64.41;64.10
26.02.2011 04:00;64.53;64.53;64.53;64.53;64.12
26.02.2011 05:00;65.44;65.44;65.44;65.44;63.96
26.02.2011 06:00;65.84;65.84;65.84;65.84;63.80
26.02.2011 07:00;65.85;65.85;65.85;65.85;63.86
26.02.2011 08:00;66.40;66.40;66.40;66.40;63.98
26.02.2011 09:00;66.07;66.40;66.40;66.07;64.01
26.02.2011 10:00;66.50;66.50;66.53;66.50;64.11
26.02.2011 11:00;66.04;66.46;66.49;66.04;64.07
26.02.2011 12:00;65.52;66.29;66.35;65.52;64.16
26.02.2011 13:00;65.42;66.06;66.21;65.42;64.09
26.02.2011 14:00;64.90;65.93;66.05;64.90;64.06
26.02.2011 15:00;65.08;65.83;65.93;65.08;64.04
26.02.2011 16:00;66.04;66.04;66.04;66.04;64.07
26.02.2011 17:00;67.74;67.74;67.74;67.74;63.81
26.02.2011 18:00;68.25;68.25;68.25;68.25;64.67
26.02.2011 19:00;67.07;67.07;67.07;67.07;63.91
26.02.2011 20:00;66.18;66.18;66.33;66.18;64.04
26.02.2011 21:00;66.25;66.25;66.25;66.25;64.06
26.02.2011 22:00;66.09;66.09;66.09;66.09;64.07
26.02.2011 23:00;65.73;65.73;65.73;65.73;64.00
27.02.2011 00:00;64.73;64.73;64.73;64.73;63.97
27.02.2011 01:00;64.23;64.23;64.23;64.23;63.92
27.02.2011 02:00;64.14;64.14;64.14;64.14;63.88
27.02.2011 03:00;64.10;64.10;64.10;64.10;63.87
27.02.2011 04:00;64.52;64.52;64.52;64.52;63.88
27.02.2011 05:00;64.86;64.86;64.86;64.86;63.90
27.02.2011 06:00;64.82;64.82;64.82;64.82;63.68
27.02.2011 07:00;64.70;64.70;64.70;64.70;63.71
27.02.2011 08:00;65.02;65.02;65.02;65.02;63.74
27.02.2011 09:00;65.24;65.89;65.89;65.24;63.84
27.02.2011 10:00;65.64;66.25;66.25;65.64;63.92
27.02.2011 11:00;65.95;66.65;66.65;65.95;63.94
27.02.2011 12:00;65.19;66.35;66.35;65.19;63.93
27.02.2011 13:00;64.80;66.24;66.24;64.80;63.91
27.02.2011 14:00;64.56;66.17;66.17;64.56;63.88
27.02.2011 15:00;64.63;66.03;66.03;64.63;63.88
27.02.2011 16:00;65.51;65.93;65.93;65.51;63.88
27.02.2011 17:00;67.38;67.38;67.38;67.38;63.68
27.02.2011 18:00;68.39;68.39;68.39;68.39;65.05
27.02.2011 19:00;68.05;68.05;68.05;68.05;66.54
27.02.2011 20:00;67.49;67.49;67.49;67.49;64.33
27.02.2011 21:00;67.61;67.61;67.61;67.61;64.09
27.02.2011 22:00;67.29;67.29;67.29;67.29;63.96
27.02.2011 23:00;66.63;66.63;66.63;66.63;63.84
28.02.2011 00:00;65.30;67.47;67.47;65.30;63.71
28.02.2011 01:00;64.91;67.25;67.25;64.91;63.63
28.02.2011 02:00;64.77;67.06;67.06;64.77;63.60
28.02.2011 03:00;64.96;66.97;66.97;64.96;63.65
28.02.2011 04:00;66.40;67.05;67.05;66.40;63.72
28.02.2011 05:00;67.85;67.85;67.85;67.85;63.38
28.02.2011 06:00;68.38;68.38;68.38;68.38;64.04
28.02.2011 07:00;70.74;70.74;70.74;70.74;65.49
28.02.2011 08:00;70.99;70.99;70.99;70.99;70.99
28.02.2011 09:00;70.94;70.94;70.94;70.94;70.94
28.02.2011 10:00;68.90;68.90;68.90;68.90;68.90
28.02.2011 11:00;68.40;68.40;68.40;68.40;68.40
28.02.2011 12:00;67.98;67.98;67.98;67.98;67.98
28.02.2011 13:00;67.54;67.54;67.54;67.54;66.14
28.02.2011 14:00;67.29;67.29;67.29;67.29;64.49
28.02.2011 15:00;67.14;67.14;67.14;67.14;64.16
28.02.2011 16:00;67.26;67.26;67.26;67.26;64.19
28.02.2011 17:00;68.28;68.28;68.28;68.28;65.27
28.02.2011 18:00;73.98;73.98;73.98;73.98;73.98
28.02.2011 19:00;72.72;72.72;72.72;72.72;72.72
28.02.2011 20:00;67.48;67.55;67.55;67.48;65.70
28.02.2011 21:00;67.07;67.07;67.07;67.07;64.34
28.02.2011 22:00;66.55;67.33;67.33;66.55;63.66
28.02.2011 23:00;65.80;66.77;66.77;65.80;63.46
01.03.2011 00:00;64.65;65.71;65.71;64.65;64.61
01.03.2011 01:00;65.04;65.45;65.45;65.04;64.55
01.03.2011 02:00;65.06;65.19;65.19;65.06;64.51
01.03.2011 03:00;65.20;65.20;65.20;65.20;64.53
01.03.2011 04:00;65.73;65.73;65.73;65.73;64.56
01.03.2011 05:00;66.63;66.63;66.63;66.63;64.08
01.03.2011 06:00;66.49;66.49;66.49;66.49;64.65
01.03.2011 07:00;68.13;68.13;68.13;68.13;68.13
01.03.2011 08:00;69.53;69.53;69.53;69.53;69.53
01.03.2011 09:00;68.64;68.64;68.64;68.64;68.64
01.03.2011 10:00;67.67;67.67;67.67;67.67;67.67
01.03.2011 11:00;67.04;67.04;67.04;67.04;67.04
01.03.2011 12:00;66.60;66.60;66.60;66.60;65.82
01.03.2011 13:00;66.37;66.37;66.37;66.37;65.71
01.03.2011 14:00;66.10;66.10;66.10;66.10;65.37
01.03.2011 15:00;66.29;66.29;66.29;66.29;64.99
01.03.2011 16:00;66.35;66.35;66.35;66.35;65.00
01.03.2011 17:00;66.83;66.83;66.83;66.83;65.41
01.03.2011 18:00;69.92;69.92;69.92;69.92;69.92
01.03.2011 19:00;70.81;70.81;70.81;70.81;70.81
01.03.2011 20:00;66.45;66.45;66.45;66.45;66.45
01.03.2011 21:00;65.90;65.92;65.92;65.90;64.97
01.03.2011 22:00;64.97;65.99;65.99;64.97;64.52
01.03.2011 23:00;63.90;65.56;65.56;63.90;64.41
02.03.2011 00:00;63.88;64.72;64.72;63.88;64.59
02.03.2011 01:00;64.32;64.46;64.46;64.32;64.46
02.03.2011 02:00;64.42;64.42;64.42;64.42;64.42
02.03.2011 03:00;64.49;64.49;64.49;64.49;64.49
02.03.2011 04:00;65.02;65.02;65.02;65.02;64.52
02.03.2011 05:00;66.43;66.43;66.43;66.43;64.05
02.03.2011 06:00;66.14;66.14;66.14;66.14;64.35
02.03.2011 07:00;67.32;67.32;67.32;67.32;65.53
02.03.2011 08:00;67.90;67.90;67.90;67.90;67.90
02.03.2011 09:00;67.55;67.55;67.55;67.55;66.28
02.03.2011 10:00;66.93;67.00;67.00;66.93;65.71
02.03.2011 11:00;65.78;66.74;66.74;65.78;65.58
02.03.2011 12:00;65.51;66.52;66.52;65.51;65.39
02.03.2011 13:00;64.98;66.38;66.38;64.98;64.98
02.03.2011 14:00;64.67;66.26;66.26;64.67;64.67
02.03.2011 15:00;64.56;66.15;66.15;64.56;64.56
02.03.2011 16:00;64.62;65.53;65.53;64.62;64.69
02.03.2011 17:00;65.40;65.40;65.40;65.40;65.31
02.03.2011 18:00;68.27;68.27;68.27;68.27;68.27
02.03.2011 19:00;68.62;68.62;68.62;68.62;68.62
02.03.2011 20:00;65.65;65.65;65.65;65.65;65.65
02.03.2011 21:00;65.11;65.11;65.11;65.11;64.59
02.03.2011 22:00;64.47;64.89;64.89;64.47;64.52
02.03.2011 23:00;63.48;64.47;64.47;63.48;64.41
03.03.2011 00:00;60.93;64.36;64.36;60.93;64.36
03.03.2011 01:00;61.03;64.13;64.13;61.03;64.13
03.03.2011 02:00;61.10;64.04;64.04;61.10;64.04
03.03.2011 03:00;61.16;64.08;64.08;61.16;64.08
03.03.2011 04:00;61.76;64.20;64.20;61.76;64.20
03.03.2011 05:00;62.90;64.90;64.90;62.90;63.94
03.03.2011 06:00;63.82;64.44;64.44;63.82;64.24
03.03.2011 07:00;66.47;66.47;66.47;66.47;66.06
03.03.2011 08:00;67.24;67.24;67.24;67.24;67.24
03.03.2011 09:00;66.40;66.40;66.40;66.40;66.40
03.03.2011 10:00;65.74;65.74;65.74;65.74;65.74
03.03.2011 11:00;65.13;65.01;65.01;65.13;65.01
03.03.2011 12:00;64.92;64.45;64.45;64.92;64.45
03.03.2011 13:00;64.87;64.38;64.38;64.87;64.38
03.03.2011 14:00;64.86;63.99;63.99;64.86;63.99
03.03.2011 15:00;64.74;63.75;63.75;64.74;63.75
03.03.2011 16:00;64.75;63.88;63.88;64.75;63.88
03.03.2011 17:00;64.97;64.97;64.97;64.97;64.97
03.03.2011 18:00;68.40;68.40;68.40;68.40;68.40
03.03.2011 19:00;69.85;69.85;69.85;69.85;69.85
03.03.2011 20:00;65.75;65.75;65.75;65.75;65.75
03.03.2011 21:00;64.49;64.49;64.49;64.49;64.49
03.03.2011 22:00;62.82;64.45;64.45;62.82;64.45
03.03.2011 23:00;61.28;64.27;64.27;61.28;64.27
04.03.2011 00:00;61.57;64.25;64.25;61.57;64.25
04.03.2011 01:00;61.41;64.12;64.12;61.41;64.12
04.03.2011 02:00;61.29;64.07;64.07;61.29;64.07
04.03.2011 03:00;61.27;64.09;64.09;61.27;64.09
04.03.2011 04:00;61.36;64.13;64.13;61.36;64.13
04.03.2011 05:00;61.59;64.32;64.32;61.59;64.09
04.03.2011 06:00;63.54;64.54;64.54;63.54;64.54
04.03.2011 07:00;65.28;70.27;70.27;65.28;69.27
04.03.2011 08:00;66.51;71.81;71.81;66.51;71.81
04.03.2011 09:00;66.41;69.91;69.91;66.41;69.91
04.03.2011 10:00;66.35;67.81;67.81;66.35;67.81
04.03.2011 11:00;65.42;65.65;65.65;65.42;65.65
04.03.2011 12:00;64.56;64.56;64.56;64.56;64.56
04.03.2011 13:00;64.11;63.91;63.91;64.11;63.91
04.03.2011 14:00;64.24;63.85;63.85;64.24;63.85
04.03.2011 15:00;64.06;63.75;63.75;64.06;63.75
04.03.2011 16:00;63.91;63.91;63.91;63.91;63.91
04.03.2011 17:00;64.24;64.30;64.30;64.24;64.30
04.03.2011 18:00;66.31;66.31;66.31;66.31;66.28
04.03.2011 19:00;65.71;65.71;65.71;65.71;65.71
04.03.2011 20:00;64.49;64.72;64.72;64.49;64.72
04.03.2011 21:00;63.13;64.29;64.29;63.13;64.29
04.03.2011 22:00;62.31;64.15;64.15;62.31;64.15
04.03.2011 23:00;62.01;64.07;64.07;62.01;64.07
05.03.2011 00:00;60.52;64.19;64.19;60.52;64.19
05.03.2011 01:00;60.31;64.04;64.04;60.31;64.04
05.03.2011 02:00;60.11;63.85;63.85;60.11;63.85
05.03.2011 03:00;60.07;63.92;63.92;60.07;63.92
05.03.2011 04:00;60.15;64.05;64.05;60.15;64.05
05.03.2011 05:00;60.35;63.94;63.94;60.35;63.94
05.03.2011 06:00;60.76;63.43;63.43;60.76;63.43
05.03.2011 07:00;61.01;63.55;63.55;61.01;63.55
05.03.2011 08:00;61.13;63.65;63.65;61.13;63.65
05.03.2011 09:00;61.48;64.00;64.00;61.48;64.00
05.03.2011 10:00;61.55;64.16;64.16;61.55;64.16
05.03.2011 11:00;61.51;64.11;64.11;61.51;64.11
05.03.2011 12:00;61.46;64.03;64.03;61.46;64.03
05.03.2011 13:00;61.37;63.88;63.88;61.37;63.88
05.03.2011 14:00;61.32;63.80;63.80;61.32;63.80
05.03.2011 15:00;61.34;63.65;63.65;61.34;63.65
05.03.2011 16:00;61.55;63.97;63.97;61.55;63.97
05.03.2011 17:00;62.62;63.89;63.89;62.62;63.89
05.03.2011 18:00;64.18;64.18;64.18;64.18;64.15
05.03.2011 19:00;64.27;64.27;64.27;64.27;64.27
05.03.2011 20:00;61.78;64.27;64.27;61.78;64.27
05.03.2011 21:00;61.88;64.20;64.20;61.88;64.20
05.03.2011 22:00;61.11;64.25;64.25;61.11;64.25
05.03.2011 23:00;61.16;64.20;64.20;61.16;64.20
06.03.2011 00:00;60.82;64.21;64.21;60.82;64.21
06.03.2011 01:00;60.69;64.07;64.07;60.69;64.07
06.03.2011 02:00;60.56;63.98;63.98;60.56;63.98
06.03.2011 03:00;60.70;64.00;64.00;60.70;64.00
06.03.2011 04:00;60.96;64.03;64.03;60.96;64.03
06.03.2011 05:00;61.75;63.98;63.98;61.75;63.98
06.03.2011 06:00;62.37;64.10;64.10;62.37;64.10
06.03.2011 07:00;61.48;64.22;64.22;61.48;64.22
06.03.2011 08:00;63.44;64.25;64.25;63.44;64.25
06.03.2011 09:00;63.27;64.31;64.31;63.27;64.31
06.03.2011 10:00;63.25;64.40;64.40;63.25;64.40
06.03.2011 11:00;63.08;64.33;64.33;63.08;64.33
06.03.2011 12:00;62.50;64.26;64.26;62.50;64.26
06.03.2011 13:00;62.44;64.19;64.19;62.44;64.19
06.03.2011 14:00;61.74;64.20;64.20;61.74;64.20
06.03.2011 15:00;62.02;64.16;64.16;62.02;64.16
06.03.2011 16:00;62.37;64.19;64.19;62.37;64.19
06.03.2011 17:00;63.63;64.09;64.09;63.63;64.09
06.03.2011 18:00;64.80;64.80;64.80;64.80;64.80
06.03.2011 19:00;65.84;65.84;65.84;65.84;65.84
06.03.2011 20:00;64.06;64.35;64.35;64.06;64.35
06.03.2011 21:00;64.32;64.32;64.32;64.32;64.32
06.03.2011 22:00;63.07;64.16;64.16;63.07;64.16
06.03.2011 23:00;62.25;64.05;64.05;62.25;64.05
07.03.2011 00:00;61.55;64.03;64.03;61.55;64.03
07.03.2011 01:00;60.56;63.88;63.88;60.56;63.88
07.03.2011 02:00;60.29;63.84;63.84;60.29;63.84
07.03.2011 03:00;60.64;63.85;63.85;60.64;63.85
07.03.2011 04:00;62.07;63.89;63.89;62.07;63.89
07.03.2011 05:00;62.91;64.15;64.15;62.91;63.95
07.03.2011 06:00;62.89;64.08;64.08;62.89;64.08
07.03.2011 07:00;65.88;65.88;65.88;65.88;65.61
07.03.2011 08:00;66.43;66.43;66.43;66.43;66.43
07.03.2011 09:00;65.15;65.15;65.15;65.15;65.15
07.03.2011 10:00;64.53;64.53;64.53;64.53;64.53
07.03.2011 11:00;64.03;64.29;64.29;64.03;64.29
07.03.2011 12:00;63.52;64.19;64.19;63.52;64.19
07.03.2011 13:00;63.36;63.96;63.96;63.36;63.96
07.03.2011 14:00;62.89;63.83;63.83;62.89;63.83
07.03.2011 15:00;62.40;63.71;63.71;62.40;63.71
07.03.2011 16:00;61.96;63.58;63.58;61.96;63.58
07.03.2011 17:00;64.28;64.28;64.28;64.28;64.28
07.03.2011 18:00;66.49;66.49;66.49;66.49;66.49
07.03.2011 19:00;67.38;67.38;67.38;67.38;67.38
07.03.2011 20:00;64.88;64.88;64.88;64.88;64.88
07.03.2011 21:00;62.18;64.32;64.32;62.18;64.32
07.03.2011 22:00;61.15;64.00;64.00;61.15;64.00
07.03.2011 23:00;60.79;63.75;63.75;60.79;63.75
08.03.2011 00:00;60.56;63.79;63.79;60.56;63.79
08.03.2011 01:00;60.25;63.66;63.66;60.25;63.66
08.03.2011 02:00;60.17;63.61;63.61;60.17;63.61
08.03.2011 03:00;60.17;63.59;63.59;60.17;63.59
08.03.2011 04:00;61.15;63.63;63.63;61.15;63.63
08.03.2011 05:00;61.42;63.68;63.68;61.42;63.68
08.03.2011 06:00;61.98;63.58;63.58;61.98;63.58
08.03.2011 07:00;64.02;64.02;64.02;64.02;64.02
08.03.2011 08:00;64.86;64.14;64.14;64.86;64.14
08.03.2011 09:00;64.62;63.58;63.58;64.62;63.58
08.03.2011 10:00;64.37;63.45;63.45;64.37;63.45
08.03.2011 11:00;64.31;63.49;63.49;64.31;63.49
08.03.2011 12:00;64.18;63.62;63.62;64.18;63.62
08.03.2011 13:00;64.08;63.59;63.59;64.08;63.59
08.03.2011 14:00;64.19;63.53;63.53;64.19;63.53
08.03.2011 15:00;63.98;63.50;63.50;63.98;63.50
08.03.2011 16:00;64.00;63.54;63.54;64.00;63.54
08.03.2011 17:00;63.95;63.47;63.47;63.95;63.47
08.03.2011 18:00;64.58;64.58;64.58;64.58;64.58
08.03.2011 19:00;64.76;64.76;64.76;64.76;64.76
08.03.2011 20:00;62.45;63.53;63.53;62.45;63.53
08.03.2011 21:00;61.57;63.89;63.89;61.57;63.89
08.03.2011 22:00;61.27;63.93;63.93;61.27;63.93
08.03.2011 23:00;60.85;63.59;63.59;60.85;63.59
09.03.2011 00:00;60.29;63.68;63.68;60.29;63.68
09.03.2011 01:00;60.07;63.58;63.58;60.07;63.58
09.03.2011 02:00;60.04;63.54;63.54;60.04;63.54
09.03.2011 03:00;60.10;63.56;63.56;60.10;63.56
09.03.2011 04:00;60.71;63.58;63.58;60.71;63.58
09.03.2011 05:00;60.85;63.58;63.58;60.85;63.58
09.03.2011 06:00;61.32;63.64;63.64;61.32;63.64
09.03.2011 07:00;63.82;63.82;63.82;63.82;63.82
09.03.2011 08:00;63.11;63.73;63.73;63.11;63.73
09.03.2011 09:00;63.04;63.78;63.78;63.04;63.78
09.03.2011 10:00;62.97;63.68;63.68;62.97;63.68
09.03.2011 11:00;62.94;63.62;63.62;62.94;63.62
09.03.2011 12:00;62.70;63.64;63.64;62.70;63.64
09.03.2011 13:00;62.59;63.63;63.63;62.59;63.63
09.03.2011 14:00;62.73;63.59;63.59;62.73;63.59
09.03.2011 15:00;62.69;63.59;63.59;62.69;63.59
09.03.2011 16:00;62.25;63.58;63.58;62.25;63.58
09.03.2011 17:00;62.31;63.62;63.62;62.31;63.62
09.03.2011 18:00;64.39;64.39;64.39;64.39;64.39
09.03.2011 19:00;64.57;64.57;64.57;64.57;64.57
09.03.2011 20:00;62.23;64.38;64.38;62.23;64.38
09.03.2011 21:00;62.38;64.33;64.33;62.38;64.33
09.03.2011 22:00;61.66;64.06;64.06;61.66;64.06
09.03.2011 23:00;61.04;63.64;63.64;61.04;63.64
10.03.2011 00:00;58.87;63.36;63.36;58.87;63.36
10.03.2011 01:00;58.67;63.22;63.22;58.67;63.22
10.03.2011 02:00;58.59;63.16;63.16;58.59;63.16
10.03.2011 03:00;58.51;63.23;63.23;58.51;63.23
10.03.2011 04:00;58.77;63.30;63.30;58.77;63.30
10.03.2011 05:00;59.32;63.53;63.53;59.32;63.31
10.03.2011 06:00;60.28;63.85;63.85;60.28;63.38
10.03.2011 07:00;62.14;64.08;64.08;62.14;63.58
10.03.2011 08:00;63.18;64.23;64.23;63.18;63.55
10.03.2011 09:00;62.01;63.75;63.75;62.01;63.35
10.03.2011 10:00;61.03;63.42;63.42;61.03;63.42
10.03.2011 11:00;60.69;63.23;63.23;60.69;63.23
10.03.2011 12:00;60.58;63.19;63.19;60.58;63.19
10.03.2011 13:00;60.59;63.23;63.23;60.59;63.19
10.03.2011 14:00;60.82;63.18;63.18;60.82;63.16
10.03.2011 15:00;60.63;63.21;63.21;60.63;63.13
10.03.2011 16:00;60.63;63.44;63.44;60.63;63.10
10.03.2011 17:00;60.73;64.20;64.20;60.73;62.81
10.03.2011 18:00;61.56;64.15;64.15;61.56;62.85
10.03.2011 19:00;61.62;64.11;64.11;61.62;63.47
10.03.2011 20:00;60.96;63.57;63.57;60.96;63.57
10.03.2011 21:00;60.42;63.54;63.54;60.42;63.54
10.03.2011 22:00;60.21;63.58;63.58;60.21;63.46
10.03.2011 23:00;59.62;63.28;63.28;59.62;63.28
11.03.2011 00:00;59.26;63.50;63.50;59.26;63.50
11.03.2011 01:00;59.09;63.42;63.42;59.09;63.42
11.03.2011 02:00;58.87;63.41;63.41;58.87;63.41
11.03.2011 03:00;58.84;63.42;63.42;58.84;63.42
11.03.2011 04:00;59.06;63.48;63.48;59.06;63.48
11.03.2011 05:00;59.53;63.61;63.61;59.53;63.44
11.03.2011 06:00;60.07;63.60;63.60;60.07;63.46
11.03.2011 07:00;63.04;63.87;63.87;63.04;63.37
11.03.2011 08:00;64.50;64.50;64.50;64.50;64.50
11.03.2011 09:00;63.02;64.29;64.29;63.02;64.29
11.03.2011 10:00;61.68;64.09;64.09;61.68;64.09
11.03.2011 11:00;60.99;64.14;64.14;60.99;64.14
11.03.2011 12:00;60.52;63.87;63.87;60.52;63.48
11.03.2011 13:00;60.41;63.98;63.98;60.41;63.39
11.03.2011 14:00;60.45;63.91;63.91;60.45;63.37
11.03.2011 15:00;60.47;63.67;63.67;60.47;63.35
11.03.2011 16:00;60.38;63.58;63.58;60.38;63.33
11.03.2011 17:00;60.41;63.98;63.98;60.41;63.27
11.03.2011 18:00;64.16;64.16;64.16;64.16;64.16
11.03.2011 19:00;63.70;64.42;64.42;63.70;64.42
11.03.2011 20:00;61.29;64.21;64.21;61.29;64.21
11.03.2011 21:00;60.83;64.02;64.02;60.83;64.02
11.03.2011 22:00;60.40;63.61;63.61;60.40;63.49
11.03.2011 23:00;59.58;63.51;63.51;59.58;63.48
12.03.2011 00:00;59.55;63.82;63.82;59.55;63.82
12.03.2011 01:00;59.39;63.61;63.61;59.39;63.61
12.03.2011 02:00;59.27;63.54;63.54;59.27;63.54
12.03.2011 03:00;59.23;63.53;63.53;59.23;63.53
12.03.2011 04:00;59.26;63.52;63.52;59.26;63.52
12.03.2011 05:00;60.10;63.45;63.45;60.10;63.45
12.03.2011 06:00;60.34;63.46;63.46;65.03;63.46
12.03.2011 07:00;60.30;63.65;63.65;63.03;63.43
12.03.2011 08:00;60.46;63.88;63.88;63.83;63.45
12.03.2011 09:00;60.38;64.11;64.11;65.36;63.45
12.03.2011 10:00;60.42;63.87;63.87;65.37;63.80
12.03.2011 11:00;60.36;63.80;63.80;65.00;63.80
12.03.2011 12:00;60.25;63.60;63.60;63.91;63.60
12.03.2011 13:00;60.20;63.57;63.57;63.06;63.55
12.03.2011 14:00;60.18;63.55;63.55;62.89;63.49
12.03.2011 15:00;60.19;63.52;63.52;62.62;63.47
12.03.2011 16:00;60.23;63.55;63.55;64.18;63.40
12.03.2011 17:00;60.38;63.87;63.87;65.18;63.32
12.03.2011 18:00;63.13;64.44;64.44;67.94;63.37
12.03.2011 19:00;64.81;64.81;64.81;64.81;64.81
12.03.2011 20:00;60.40;63.74;63.74;60.40;63.42
12.03.2011 21:00;60.75;63.51;63.51;60.75;63.48
12.03.2011 22:00;60.49;63.43;63.43;60.49;63.43
12.03.2011 23:00;60.33;63.36;63.36;60.33;63.36
13.03.2011 00:00;60.28;63.82;63.82;60.28;63.82
13.03.2011 01:00;59.97;63.79;63.79;59.97;63.79
13.03.2011 02:00;59.89;63.71;63.71;59.89;63.71
13.03.2011 03:00;59.90;63.71;63.71;59.90;63.71
13.03.2011 04:00;59.95;63.67;63.67;59.95;63.67
13.03.2011 05:00;60.30;63.62;63.62;60.30;63.62
13.03.2011 06:00;60.14;63.60;63.60;65.52;63.60
13.03.2011 07:00;60.15;63.81;63.81;65.39;63.49
13.03.2011 08:00;60.26;63.87;63.87;64.54;63.49
13.03.2011 09:00;60.19;63.92;63.92;65.33;63.48
13.03.2011 10:00;60.25;63.82;63.82;65.65;63.82
13.03.2011 11:00;60.23;63.84;63.84;65.40;63.84
13.03.2011 12:00;60.13;63.71;63.71;64.65;63.71
13.03.2011 13:00;60.15;63.69;63.69;63.38;63.69
13.03.2011 14:00;60.19;63.68;63.68;62.58;63.68
13.03.2011 15:00;60.20;63.62;63.62;62.52;63.62
13.03.2011 16:00;60.28;63.74;63.74;62.99;63.55
13.03.2011 17:00;60.39;64.03;64.03;63.26;63.39
13.03.2011 18:00;62.67;63.98;63.98;62.67;63.44
13.03.2011 19:00;65.67;65.67;65.67;65.67;65.46
13.03.2011 20:00;63.96;63.97;63.97;63.96;63.97
13.03.2011 21:00;60.77;63.69;63.69;60.77;63.69
13.03.2011 22:00;60.85;63.61;63.61;60.85;63.61
13.03.2011 23:00;59.63;63.50;63.50;59.63;63.50
14.03.2011 00:00;59.80;63.42;63.42;59.80;63.42
14.03.2011 01:00;59.59;63.39;63.39;59.59;63.39
14.03.2011 02:00;59.62;63.39;63.39;59.62;63.39
14.03.2011 03:00;59.92;63.42;63.42;59.92;63.42
14.03.2011 04:00;60.21;63.45;63.45;60.21;63.45
14.03.2011 05:00;60.87;63.49;63.49;60.87;63.49
14.03.2011 06:00;63.62;63.62;63.62;63.62;63.62
14.03.2011 07:00;64.91;64.91;64.91;64.91;64.91
14.03.2011 08:00;69.71;69.71;69.71;69.71;69.71
14.03.2011 09:00;70.29;70.29;70.29;70.29;70.29
14.03.2011 10:00;67.16;67.16;67.16;67.16;67.16
14.03.2011 11:00;66.41;66.41;66.41;66.41;66.41
14.03.2011 12:00;65.61;65.61;65.61;65.61;65.61
14.03.2011 13:00;65.15;65.15;65.15;65.15;65.15
14.03.2011 14:00;63.67;63.67;63.67;63.67;63.67
14.03.2011 15:00;62.91;63.35;63.35;62.91;63.35
14.03.2011 16:00;61.19;63.36;63.36;61.19;63.36
14.03.2011 17:00;62.42;63.73;63.73;62.42;63.73
14.03.2011 18:00;65.91;65.91;65.91;65.91;65.91
14.03.2011 19:00;65.95;65.95;65.95;65.95;65.95
14.03.2011 20:00;63.99;63.99;63.99;63.99;63.99
14.03.2011 21:00;60.68;63.73;63.73;60.68;63.73
14.03.2011 22:00;60.27;63.70;63.70;60.27;63.70
14.03.2011 23:00;60.02;63.57;63.57;60.02;63.57
15.03.2011 00:00;60.28;63.94;63.94;60.28;63.94
15.03.2011 01:00;60.15;63.87;63.87;60.15;63.87
15.03.2011 02:00;60.05;63.85;63.85;60.05;63.85
15.03.2011 03:00;60.36;63.87;63.87;60.36;63.87
15.03.2011 04:00;60.93;63.89;63.89;60.93;63.89
15.03.2011 05:00;61.98;63.99;63.99;61.98;63.96
15.03.2011 06:00;62.85;64.07;64.07;62.85;63.88
15.03.2011 07:00;64.75;64.75;64.75;64.75;64.75
15.03.2011 08:00;65.99;65.99;65.99;65.99;65.99
15.03.2011 09:00;64.54;64.78;64.78;64.54;64.37
15.03.2011 10:00;62.53;64.38;64.38;62.53;63.64
15.03.2011 11:00;61.73;64.18;64.18;61.73;63.66
15.03.2011 12:00;61.96;64.26;64.26;61.96;63.64
15.03.2011 13:00;61.85;64.17;64.17;61.85;63.64
15.03.2011 14:00;61.78;64.11;64.11;61.78;63.68
15.03.2011 15:00;61.60;64.01;64.01;61.60;63.67
15.03.2011 16:00;61.07;64.07;64.07;61.07;63.64
15.03.2011 17:00;61.92;64.20;64.20;61.92;63.60
15.03.2011 18:00;64.22;64.22;64.22;64.22;64.22
15.03.2011 19:00;65.96;65.96;65.96;65.96;65.16
15.03.2011 20:00;62.22;64.00;64.00;62.22;63.91
15.03.2011 21:00;62.41;63.90;63.90;62.41;63.90
15.03.2011 22:00;61.84;63.95;63.95;61.84;63.95
15.03.2011 23:00;60.67;63.88;63.88;60.67;63.88
16.03.2011 00:00;63.17;65.71;65.71;63.17;65.71
16.03.2011 01:00;63.18;65.65;65.65;63.18;65.65
16.03.2011 02:00;63.30;65.64;65.64;63.30;65.64
16.03.2011 03:00;63.44;65.65;65.65;63.44;65.65
16.03.2011 04:00;64.96;65.71;65.71;64.96;65.71
16.03.2011 05:00;66.12;66.12;66.12;66.12;65.91
16.03.2011 06:00;66.45;66.45;66.45;66.45;65.64
16.03.2011 07:00;66.88;66.88;66.88;66.88;65.48
16.03.2011 08:00;66.78;66.78;66.78;66.78;66.39
16.03.2011 09:00;66.08;66.11;66.11;66.08;66.09
16.03.2011 10:00;64.99;66.25;66.25;64.99;66.25
16.03.2011 11:00;65.11;66.01;66.01;65.11;66.01
16.03.2011 12:00;65.40;66.15;66.15;65.40;66.15
16.03.2011 13:00;64.83;66.04;66.04;64.83;66.04
16.03.2011 14:00;64.04;65.94;65.94;64.04;65.94
16.03.2011 15:00;63.36;65.75;65.75;63.36;65.75
16.03.2011 16:00;63.36;65.75;65.75;63.36;65.75
16.03.2011 17:00;63.85;66.28;66.28;63.85;65.58
16.03.2011 18:00;64.90;66.37;66.37;64.90;65.37
16.03.2011 19:00;67.08;67.08;67.08;67.08;67.08
16.03.2011 20:00;63.45;65.88;65.88;63.45;65.88
16.03.2011 21:00;63.52;66.07;66.07;63.52;66.07
16.03.2011 22:00;63.18;65.99;65.99;63.18;65.99
16.03.2011 23:00;63.00;65.83;65.83;63.00;65.83
17.03.2011 00:00;64.74;67.82;67.82;64.74;67.82
17.03.2011 01:00;64.50;67.68;67.68;64.50;67.68
17.03.2011 02:00;64.32;67.64;67.64;64.32;67.64
17.03.2011 03:00;64.72;67.68;67.68;64.72;67.68
17.03.2011 04:00;65.64;67.72;67.72;65.64;67.72
17.03.2011 05:00;66.63;67.86;67.86;66.63;67.86
17.03.2011 06:00;69.31;69.31;69.31;69.31;67.87
17.03.2011 07:00;69.40;69.40;69.40;69.40;67.70
17.03.2011 08:00;69.64;69.64;69.64;69.64;68.19
17.03.2011 09:00;68.74;68.74;68.74;68.74;68.19
17.03.2011 10:00;68.29;68.29;68.29;68.29;68.29
17.03.2011 11:00;68.13;68.13;68.13;68.13;68.13
17.03.2011 12:00;68.15;68.15;68.15;68.15;68.15
17.03.2011 13:00;68.15;68.15;68.15;68.15;68.15
17.03.2011 14:00;67.99;67.99;67.99;67.99;67.99
17.03.2011 15:00;67.94;67.94;67.94;67.94;67.94
17.03.2011 16:00;67.99;67.99;67.99;67.99;67.99
17.03.2011 17:00;68.87;68.87;68.87;68.87;67.56
17.03.2011 18:00;69.60;69.60;69.60;69.60;69.60
17.03.2011 19:00;74.26;74.26;74.26;74.26;74.26
17.03.2011 20:00;68.59;68.59;68.59;68.59;68.59
17.03.2011 21:00;68.08;68.08;68.08;68.08;68.08
17.03.2011 22:00;66.61;67.96;67.96;66.61;67.96
17.03.2011 23:00;65.65;67.74;67.74;65.65;67.74
18.03.2011 00:00;65.93;68.32;68.32;65.93;68.32
18.03.2011 01:00;65.35;68.07;68.07;65.35;68.07
18.03.2011 02:00;65.38;68.05;68.05;65.38;68.05
18.03.2011 03:00;65.61;68.10;68.10;65.61;68.10
18.03.2011 04:00;66.49;68.17;68.17;66.49;68.17
18.03.2011 05:00;68.67;68.67;68.67;68.67;68.67
18.03.2011 06:00;68.73;68.73;68.73;68.73;68.42
18.03.2011 07:00;72.09;72.09;72.09;72.09;70.98
18.03.2011 08:00;72.36;72.36;72.36;72.36;72.36
18.03.2011 09:00;72.11;72.11;72.11;72.11;72.11
18.03.2011 10:00;71.93;71.93;71.93;71.93;71.93
18.03.2011 11:00;71.73;71.73;71.73;71.73;71.73
18.03.2011 12:00;70.18;70.18;70.18;70.18;70.18
18.03.2011 13:00;68.60;68.60;68.60;68.60;68.60
18.03.2011 14:00;67.89;67.89;67.89;67.89;67.89
18.03.2011 15:00;67.43;67.68;67.68;67.43;67.68
18.03.2011 16:00;66.88;67.63;67.63;66.88;67.63
18.03.2011 17:00;66.98;67.83;67.83;66.98;67.44
18.03.2011 18:00;68.17;68.17;68.17;68.17;68.02
18.03.2011 19:00;69.63;69.63;69.63;69.63;69.63
18.03.2011 20:00;65.58;67.83;67.83;65.58;67.83
18.03.2011 21:00;66.59;68.17;68.17;66.59;68.17
18.03.2011 22:00;66.85;68.15;68.15;66.85;68.15
18.03.2011 23:00;64.58;67.93;67.93;64.58;67.93
19.03.2011 00:00;64.97;68.98;68.98;64.97;68.98
19.03.2011 01:00;64.04;68.75;68.75;64.04;68.75
19.03.2011 02:00;64.14;68.62;68.62;64.14;68.62
19.03.2011 03:00;63.90;68.61;68.61;63.90;68.61
19.03.2011 04:00;63.97;68.65;68.65;63.97;68.65
19.03.2011 05:00;64.57;68.70;68.70;64.57;68.70
19.03.2011 06:00;64.99;69.36;69.36;64.99;68.35
19.03.2011 07:00;65.33;69.58;69.58;65.33;67.92
19.03.2011 08:00;68.37;68.90;68.90;68.37;68.61
19.03.2011 09:00;69.18;69.18;69.18;69.18;68.70
19.03.2011 10:00;69.27;69.27;69.27;69.27;69.02
19.03.2011 11:00;68.42;68.79;68.79;68.42;68.79
19.03.2011 12:00;66.73;68.50;68.50;66.73;68.50
19.03.2011 13:00;65.26;68.35;68.35;65.26;68.35
19.03.2011 14:00;64.34;68.15;68.15;64.34;68.15
19.03.2011 15:00;63.94;68.07;68.07;63.94;68.07
19.03.2011 16:00;64.76;68.04;68.04;64.76;68.04
19.03.2011 17:00;66.59;68.67;68.67;66.59;67.82
19.03.2011 18:00;69.44;69.44;69.44;69.44;67.64
19.03.2011 19:00;72.16;72.16;72.16;72.16;72.08
19.03.2011 20:00;68.84;68.84;68.84;68.84;68.47
19.03.2011 21:00;68.74;68.74;68.74;68.74;68.74
19.03.2011 22:00;67.83;68.47;68.47;67.83;68.47
19.03.2011 23:00;65.96;68.31;68.31;65.96;68.31
20.03.2011 00:00;65.38;68.92;68.92;65.38;68.92
20.03.2011 01:00;65.05;68.67;68.67;65.05;68.67
20.03.2011 02:00;65.23;68.56;68.56;65.23;68.56
20.03.2011 03:00;65.00;68.50;68.50;65.00;68.50
20.03.2011 04:00;65.47;68.62;68.62;65.47;68.62
20.03.2011 05:00;65.72;68.67;68.67;65.72;68.67
20.03.2011 06:00;65.51;69.16;69.16;65.51;68.29
20.03.2011 07:00;65.69;69.10;69.26;65.69;68.10
20.03.2011 08:00;66.70;68.60;69.17;66.70;68.57
20.03.2011 09:00;67.98;68.76;68.95;67.98;68.76
20.03.2011 10:00;68.33;68.96;68.96;68.33;68.96
20.03.2011 11:00;67.45;68.94;69.08;67.45;68.94
20.03.2011 12:00;66.77;68.87;69.05;66.77;68.81
20.03.2011 13:00;65.77;68.79;68.79;65.77;68.73
20.03.2011 14:00;64.96;68.68;69.07;64.96;68.66
20.03.2011 15:00;64.39;68.67;69.34;64.39;68.56
20.03.2011 16:00;65.16;68.75;69.38;65.16;68.48
20.03.2011 17:00;66.09;69.76;69.76;66.09;68.08
20.03.2011 18:00;69.85;69.85;69.90;69.85;67.82
20.03.2011 19:00;70.62;70.62;70.62;70.62;69.00
20.03.2011 20:00;69.96;69.96;69.96;69.96;68.80
20.03.2011 21:00;67.80;69.27;69.27;67.80;69.27
20.03.2011 22:00;66.43;69.04;69.04;66.43;69.04
20.03.2011 23:00;64.58;68.69;68.69;64.58;68.69
21.03.2011 00:00;61.66;68.24;68.24;61.66;68.24
21.03.2011 01:00;61.56;68.05;68.05;61.56;68.05
21.03.2011 02:00;61.60;68.03;68.03;61.60;68.03
21.03.2011 03:00;61.78;68.06;68.06;61.78;68.06
21.03.2011 04:00;62.84;68.11;68.11;62.84;68.11
21.03.2011 05:00;65.96;68.25;68.25;65.96;68.25
21.03.2011 06:00;65.46;68.17;68.17;65.46;68.10
21.03.2011 07:00;67.39;68.15;68.15;67.39;67.40
21.03.2011 08:00;68.47;68.47;68.47;68.47;68.47
21.03.2011 09:00;68.30;68.30;68.30;68.30;68.30
21.03.2011 10:00;65.42;67.80;67.80;65.42;67.80
21.03.2011 11:00;64.93;67.42;67.42;64.93;67.42
21.03.2011 12:00;65.22;67.90;67.90;65.22;67.90
21.03.2011 13:00;65.25;68.21;68.21;65.25;68.19
21.03.2011 14:00;65.27;68.27;68.27;65.27;68.27
21.03.2011 15:00;64.94;67.99;67.99;64.94;67.99
21.03.2011 16:00;63.85;68.04;68.04;63.85;68.04
21.03.2011 17:00;64.04;68.18;68.18;64.04;67.45
21.03.2011 18:00;67.42;68.27;68.27;67.42;68.27
21.03.2011 19:00;70.40;70.40;70.40;70.40;70.40
21.03.2011 20:00;65.41;68.45;68.45;65.41;68.45
21.03.2011 21:00;63.52;68.28;68.28;63.52;68.28
21.03.2011 22:00;62.92;68.46;68.46;62.92;68.46
21.03.2011 23:00;62.01;68.22;68.22;62.01;68.22
22.03.2011 00:00;63.70;67.16;67.16;63.70;67.16
22.03.2011 01:00;62.99;67.03;67.03;62.99;67.03
22.03.2011 02:00;63.72;67.00;67.00;63.72;67.00
22.03.2011 03:00;64.55;66.99;66.99;64.55;66.99
22.03.2011 04:00;65.61;67.01;67.01;65.61;67.01
22.03.2011 05:00;66.54;66.98;66.98;66.54;66.98
22.03.2011 06:00;66.75;67.11;67.11;66.75;67.11
22.03.2011 07:00;67.48;67.48;67.48;67.48;67.48
22.03.2011 08:00;68.52;68.52;68.52;68.52;68.52
22.03.2011 09:00;66.88;67.03;67.03;66.88;67.03
22.03.2011 10:00;64.94;66.82;66.82;64.94;66.82
22.03.2011 11:00;64.58;66.41;66.41;64.58;66.41
22.03.2011 12:00;65.28;66.57;66.57;65.28;66.57
22.03.2011 13:00;65.15;66.44;66.44;65.15;66.44
22.03.2011 14:00;65.16;66.56;66.56;65.16;66.56
22.03.2011 15:00;64.75;66.54;66.54;64.75;66.54
22.03.2011 16:00;64.59;66.56;66.56;64.59;66.56
22.03.2011 17:00;65.16;66.49;66.49;65.16;66.49
22.03.2011 18:00;66.92;66.92;66.92;66.92;66.92
22.03.2011 19:00;69.25;69.25;69.25;69.25;69.25
22.03.2011 20:00;67.01;67.13;67.13;67.01;67.13
22.03.2011 21:00;65.22;67.17;67.17;65.22;67.17
22.03.2011 22:00;65.44;67.46;67.46;65.44;67.46
22.03.2011 23:00;66.09;67.29;67.29;66.09;67.29
23.03.2011 00:00;62.61;65.50;65.50;62.61;65.50
23.03.2011 01:00;63.23;65.29;65.29;63.23;65.29
23.03.2011 02:00;63.13;65.23;65.23;63.13;65.23
23.03.2011 03:00;63.65;65.23;65.23;63.65;65.23
23.03.2011 04:00;64.32;65.25;65.25;64.32;65.25
23.03.2011 05:00;64.53;65.46;65.46;64.53;65.46
23.03.2011 06:00;64.81;65.77;65.77;64.81;65.77
23.03.2011 07:00;66.12;66.12;66.12;66.12;66.12
23.03.2011 08:00;66.88;66.88;66.88;66.88;66.88
23.03.2011 09:00;66.12;66.12;66.12;66.12;66.12
23.03.2011 10:00;65.40;65.40;65.40;65.40;65.40
23.03.2011 11:00;64.90;65.08;65.08;64.90;65.08
23.03.2011 12:00;64.51;65.04;65.04;64.51;65.04
23.03.2011 13:00;63.99;64.91;64.91;63.99;64.91
23.03.2011 14:00;63.90;64.91;64.91;63.90;64.91
23.03.2011 15:00;63.64;64.86;64.86;63.64;64.86
23.03.2011 16:00;63.61;65.06;65.06;63.61;65.06
23.03.2011 17:00;63.81;64.92;64.92;63.81;64.92
23.03.2011 18:00;66.19;66.19;66.19;66.19;66.19
23.03.2011 19:00;66.42;68.09;68.09;66.42;67.95
23.03.2011 20:00;64.78;65.81;65.81;64.78;65.81
23.03.2011 21:00;63.53;65.92;65.92;63.53;65.92
23.03.2011 22:00;62.95;65.83;65.83;62.95;65.83
23.03.2011 23:00;61.76;65.45;65.45;61.76;65.45
24.03.2011 00:00;60.50;64.22;64.22;60.50;64.22
24.03.2011 01:00;60.51;64.08;64.08;60.51;64.08
24.03.2011 02:00;60.55;64.05;64.05;60.55;64.05
24.03.2011 03:00;60.72;64.07;64.07;60.72;64.07
24.03.2011 04:00;61.59;64.10;64.10;61.59;64.10
24.03.2011 05:00;62.41;64.29;64.29;62.41;64.29
24.03.2011 06:00;63.22;64.48;64.48;63.22;64.48
24.03.2011 07:00;63.93;64.75;64.75;63.93;64.75
24.03.2011 08:00;65.60;65.60;65.60;65.60;65.60
24.03.2011 09:00;63.62;64.55;64.55;63.62;64.55
24.03.2011 10:00;63.35;64.61;64.61;63.35;64.61
24.03.2011 11:00;63.24;64.49;64.49;63.24;64.49
24.03.2011 12:00;63.19;64.45;64.45;63.19;64.45
24.03.2011 13:00;63.11;64.42;64.42;63.11;64.42
24.03.2011 14:00;63.13;64.50;64.50;63.13;64.50
24.03.2011 15:00;63.24;64.50;64.50;63.24;64.50
24.03.2011 16:00;63.28;64.60;64.60;63.28;64.60
24.03.2011 17:00;63.68;64.43;64.43;63.68;64.43
24.03.2011 18:00;65.61;65.61;65.61;65.61;65.61
24.03.2011 19:00;69.00;69.00;68.43;69.00;68.43
24.03.2011 20:00;65.34;65.91;65.91;65.34;65.91
24.03.2011 21:00;64.46;65.12;65.12;64.46;65.12
24.03.2011 22:00;63.98;65.61;65.61;63.98;65.61
24.03.2011 23:00;63.46;65.09;65.09;63.46;65.09
25.03.2011 00:00;63.14;64.15;64.15;63.14;64.15
25.03.2011 01:00;63.10;64.05;64.05;63.10;64.05
25.03.2011 02:00;63.18;64.00;64.00;63.18;64.00
25.03.2011 03:00;63.25;64.01;64.01;63.25;64.01
25.03.2011 04:00;63.60;64.08;64.08;63.60;64.08
25.03.2011 05:00;64.26;64.26;64.26;64.26;64.26
25.03.2011 06:00;64.43;64.43;64.43;64.43;64.43
25.03.2011 07:00;65.88;65.88;65.88;65.88;65.88
25.03.2011 08:00;66.61;66.61;66.61;66.61;66.61
25.03.2011 09:00;65.06;65.06;65.06;65.06;65.06
25.03.2011 10:00;64.45;64.45;64.45;64.45;64.45
25.03.2011 11:00;64.43;64.43;64.43;64.43;64.43
25.03.2011 12:00;64.35;64.35;64.35;64.35;64.35
25.03.2011 13:00;64.18;64.18;64.18;64.18;64.18
25.03.2011 14:00;63.80;64.14;64.14;63.80;64.14
25.03.2011 15:00;63.51;64.05;64.05;63.51;64.05
25.03.2011 16:00;63.57;64.02;64.02;63.57;64.02
25.03.2011 17:00;63.98;63.98;63.98;63.98;63.98
25.03.2011 18:00;64.38;64.38;64.38;64.38;64.38
25.03.2011 19:00;65.66;65.66;65.66;65.66;65.66
25.03.2011 20:00;63.79;64.02;64.02;63.79;64.02
25.03.2011 21:00;64.08;64.08;64.08;64.08;64.08
25.03.2011 22:00;64.11;64.23;64.23;64.11;64.23
25.03.2011 23:00;64.25;64.25;64.25;64.25;64.25
26.03.2011 00:00;63.94;63.94;63.94;63.94;63.94
26.03.2011 01:00;63.86;63.86;63.86;63.86;63.86
26.03.2011 02:00;63.82;63.82;63.82;63.82;63.82
26.03.2011 03:00;63.77;63.77;63.77;63.77;63.77
26.03.2011 04:00;63.82;63.82;63.82;63.82;63.82
26.03.2011 05:00;63.92;63.92;63.92;63.92;63.92
26.03.2011 06:00;63.93;63.93;63.93;63.93;63.93
26.03.2011 07:00;63.80;63.80;63.80;63.80;63.80
26.03.2011 08:00;63.90;63.90;63.90;63.90;63.90
26.03.2011 09:00;63.94;63.94;63.94;63.94;63.94
26.03.2011 10:00;63.98;63.98;63.98;63.98;63.98
26.03.2011 11:00;63.88;63.88;63.88;63.88;63.88
26.03.2011 12:00;63.66;63.66;63.66;63.66;63.66
26.03.2011 13:00;63.53;63.63;63.63;63.53;63.63
26.03.2011 14:00;63.44;63.61;63.61;63.44;63.61
26.03.2011 15:00;63.23;63.60;63.60;63.23;63.60
26.03.2011 16:00;63.61;63.61;63.61;63.61;63.61
26.03.2011 17:00;63.81;63.81;63.81;63.81;63.81
26.03.2011 18:00;64.96;64.96;64.96;64.96;64.96
26.03.2011 19:00;65.75;65.75;65.75;65.75;65.75
26.03.2011 20:00;63.98;63.98;63.98;63.98;63.98
26.03.2011 21:00;63.79;63.79;63.79;63.79;63.79
26.03.2011 22:00;63.80;63.80;63.80;63.80;63.80
26.03.2011 23:00;63.75;63.79;63.79;63.75;63.79
27.03.2011 00:00;63.72;63.92;63.92;63.72;63.92
27.03.2011 01:00;63.64;63.89;63.89;63.64;63.89
27.03.2011 03:00;63.21;63.85;63.85;63.21;63.85
27.03.2011 04:00;63.56;63.87;63.87;63.56;63.87
27.03.2011 05:00;63.71;63.94;63.94;63.71;63.94
27.03.2011 06:00;63.81;63.94;63.94;63.81;63.94
27.03.2011 07:00;63.10;63.99;63.99;63.10;63.99
27.03.2011 08:00;62.95;63.84;63.84;62.95;63.84
27.03.2011 09:00;63.74;63.74;63.74;63.74;63.74
27.03.2011 10:00;63.76;63.76;63.76;63.76;63.76
27.03.2011 11:00;63.77;63.77;63.77;63.77;63.77
27.03.2011 12:00;63.75;63.75;63.75;63.75;63.75
27.03.2011 13:00;63.71;63.71;63.71;63.71;63.71
27.03.2011 14:00;63.62;63.69;63.69;63.62;63.69
27.03.2011 15:00;63.29;63.71;63.71;63.29;63.71
27.03.2011 16:00;63.48;63.74;63.74;63.48;63.74
27.03.2011 17:00;63.66;63.73;63.73;63.66;63.73
27.03.2011 18:00;63.58;63.60;63.60;63.58;63.60
27.03.2011 19:00;63.67;63.67;63.67;63.67;63.67
27.03.2011 20:00;63.91;63.91;63.91;63.91;63.91
27.03.2011 21:00;62.65;63.69;63.69;62.65;63.69
27.03.2011 22:00;62.35;63.73;63.73;62.35;63.73
27.03.2011 23:00;62.83;63.73;63.73;62.83;63.73
28.03.2011 00:00;63.24;64.32;64.32;63.24;64.32
28.03.2011 01:00;63.21;64.26;64.26;63.21;64.26
28.03.2011 02:00;63.18;64.24;64.24;63.18;64.24
28.03.2011 03:00;63.52;64.28;64.28;63.52;64.28
28.03.2011 04:00;63.84;64.33;64.33;63.84;64.33
28.03.2011 05:00;64.30;64.44;64.44;64.30;64.44
28.03.2011 06:00;64.63;64.63;64.63;64.63;64.63
28.03.2011 07:00;65.17;65.17;65.17;65.17;65.17
28.03.2011 08:00;67.26;67.26;67.26;67.26;67.26
28.03.2011 09:00;67.29;67.29;67.29;67.29;67.29
28.03.2011 10:00;66.06;66.06;66.06;66.06;66.06
28.03.2011 11:00;65.94;65.94;65.94;65.94;65.94
28.03.2011 12:00;64.97;64.97;64.97;64.97;64.97
28.03.2011 13:00;64.85;64.85;64.85;64.85;64.85
28.03.2011 14:00;64.84;64.84;64.84;64.84;64.84
28.03.2011 15:00;64.78;64.78;64.78;64.78;64.78
28.03.2011 16:00;64.69;64.69;64.69;64.69;64.69
28.03.2011 17:00;64.78;64.78;64.78;64.78;64.78
28.03.2011 18:00;64.65;64.65;64.65;64.65;64.65
28.03.2011 19:00;65.74;65.74;65.74;65.74;65.74
28.03.2011 20:00;65.94;65.94;65.94;65.94;65.94
28.03.2011 21:00;64.94;64.94;64.94;64.94;64.94
28.03.2011 22:00;64.68;64.68;64.68;64.68;64.68
28.03.2011 23:00;64.66;64.66;64.66;64.66;64.66
29.03.2011 00:00;64.22;64.22;64.22;64.22;64.22
29.03.2011 01:00;63.89;63.89;63.89;63.89;63.89
29.03.2011 02:00;63.76;63.76;63.76;63.76;63.76
29.03.2011 03:00;63.80;63.80;63.80;63.80;63.80
29.03.2011 04:00;63.91;63.91;63.91;63.91;63.91
29.03.2011 05:00;63.93;63.93;63.93;63.93;63.93
29.03.2011 06:00;64.49;64.49;64.49;64.49;64.04
29.03.2011 07:00;65.89;65.89;65.68;65.89;65.68
29.03.2011 08:00;67.91;67.91;67.91;67.91;67.91
29.03.2011 09:00;66.74;66.74;66.74;66.74;66.74
29.03.2011 10:00;64.95;64.95;64.95;64.95;64.95
29.03.2011 11:00;64.55;64.55;64.55;64.55;64.55
29.03.2011 12:00;64.28;64.28;64.28;64.28;64.28
29.03.2011 13:00;64.28;64.28;64.28;64.28;64.28
29.03.2011 14:00;64.41;64.41;64.41;64.41;64.41
29.03.2011 15:00;64.18;64.18;64.18;64.18;64.18
29.03.2011 16:00;64.09;64.09;64.09;64.09;64.09
29.03.2011 17:00;64.00;64.00;64.00;64.00;63.83
29.03.2011 18:00;63.89;63.89;63.89;63.89;63.56
29.03.2011 19:00;64.67;64.67;64.67;64.67;64.67
29.03.2011 20:00;64.93;64.93;64.93;64.93;64.93
29.03.2011 21:00;64.03;64.03;64.03;64.03;64.03
29.03.2011 22:00;63.99;63.99;63.99;63.99;63.99
29.03.2011 23:00;63.91;63.91;63.91;63.91;63.91
30.03.2011 00:00;63.71;63.71;63.71;63.71;63.71
30.03.2011 01:00;63.59;63.59;63.59;63.59;63.59
30.03.2011 02:00;63.45;63.45;63.45;63.45;63.45
30.03.2011 03:00;63.55;63.55;63.55;63.55;63.55
30.03.2011 04:00;63.69;63.69;63.69;63.69;63.69
30.03.2011 05:00;63.98;63.98;63.98;63.98;63.86
30.03.2011 06:00;64.67;64.67;64.67;64.67;64.52
30.03.2011 07:00;66.88;66.88;65.83;66.88;65.83
30.03.2011 08:00;69.15;69.15;69.15;69.15;69.15
30.03.2011 09:00;66.92;66.92;66.92;66.92;66.92
30.03.2011 10:00;66.08;66.08;66.08;66.08;66.08
30.03.2011 11:00;65.87;65.87;65.87;65.87;65.87
30.03.2011 12:00;64.99;64.99;64.99;64.99;64.99
30.03.2011 13:00;64.65;64.65;64.65;64.65;64.65
30.03.2011 14:00;64.59;64.59;64.59;64.59;64.59
30.03.2011 15:00;64.26;64.26;64.26;64.26;64.26
30.03.2011 16:00;63.96;63.96;63.96;63.96;63.96
30.03.2011 17:00;64.07;64.07;64.07;64.07;64.07
30.03.2011 18:00;64.51;64.51;64.51;64.51;64.51
30.03.2011 19:00;65.08;65.08;65.08;65.08;65.08
30.03.2011 20:00;64.98;64.98;64.98;64.98;64.98
30.03.2011 21:00;64.55;64.55;64.14;64.55;63.63
30.03.2011 22:00;64.28;64.28;64.28;64.28;64.28
30.03.2011 23:00;63.76;63.76;63.76;63.76;63.76
31.03.2011 00:00;63.00;63.00;63.00;63.00;63.00
31.03.2011 01:00;62.79;62.79;62.79;62.79;62.79
31.03.2011 02:00;62.71;62.71;62.71;62.71;62.71
31.03.2011 03:00;62.69;62.69;62.69;62.69;62.69
31.03.2011 04:00;63.00;63.00;63.00;63.00;63.00
31.03.2011 05:00;63.39;63.39;63.39;63.39;63.19
31.03.2011 06:00;63.85;63.85;63.29;63.85;63.02
31.03.2011 07:00;64.59;64.59;64.25;64.59;64.25
31.03.2011 08:00;65.49;65.49;65.49;65.49;65.49
31.03.2011 09:00;64.99;64.99;64.99;64.99;64.99
31.03.2011 10:00;64.09;64.09;64.09;64.09;64.09
31.03.2011 11:00;63.68;63.68;63.68;63.68;63.68
31.03.2011 12:00;63.18;63.18;63.18;63.18;63.18
31.03.2011 13:00;62.93;62.93;62.93;62.93;62.93
31.03.2011 14:00;62.96;62.96;62.96;62.96;62.96
31.03.2011 15:00;63.07;63.07;63.07;63.07;63.07
31.03.2011 16:00;62.96;62.96;62.96;62.96;62.96
31.03.2011 17:00;63.01;63.01;63.01;63.01;62.74
31.03.2011 18:00;63.09;63.09;63.09;63.09;62.69
31.03.2011 19:00;63.40;63.40;63.28;63.40;62.93
31.03.2011 20:00;63.09;63.09;63.09;63.09;63.09
31.03.2011 21:00;62.95;62.95;62.95;62.95;62.95
31.03.2011 22:00;62.59;62.59;62.59;62.59;62.59
31.03.2011 23:00;62.17;62.17;62.17;62.17;62.17
01.04.2011 00:00;61.35;61.35;61.35;61.35;61.35
01.04.2011 01:00;60.82;61.01;61.01;60.82;61.01
01.04.2011 02:00;60.40;60.89;60.89;60.40;60.89
01.04.2011 03:00;60.54;60.88;60.88;60.54;60.88
01.04.2011 04:00;61.08;61.08;61.08;61.08;61.08
01.04.2011 05:00;61.57;61.57;61.57;61.57;61.37
01.04.2011 06:00;61.91;61.91;61.91;61.91;60.77
01.04.2011 07:00;63.04;63.04;63.04;63.04;63.04
01.04.2011 08:00;65.89;65.89;65.89;65.89;65.89
01.04.2011 09:00;66.05;66.05;66.05;66.05;66.05
01.04.2011 10:00;65.27;65.27;65.27;65.27;65.27
01.04.2011 11:00;64.35;64.35;64.35;64.35;64.35
01.04.2011 12:00;63.34;63.34;63.34;63.34;63.34
01.04.2011 13:00;62.37;62.37;62.37;62.37;62.37
01.04.2011 14:00;62.01;62.01;62.01;62.01;61.27
01.04.2011 15:00;61.59;61.59;61.59;61.59;61.18
01.04.2011 16:00;61.32;61.32;61.32;61.32;60.63
01.04.2011 17:00;61.31;61.31;61.31;61.31;60.08
01.04.2011 18:00;61.61;61.61;61.61;61.61;61.61
01.04.2011 19:00;62.64;62.64;62.64;62.64;62.64
01.04.2011 20:00;62.90;62.90;62.90;62.90;62.90
01.04.2011 21:00;62.02;62.02;62.02;62.02;60.69
01.04.2011 22:00;61.52;61.52;61.52;61.52;61.12
01.04.2011 23:00;61.25;61.25;61.25;61.25;61.25
02.04.2011 00:00;63.00;63.00;63.00;63.00;63.00
02.04.2011 01:00;62.51;62.51;62.51;62.51;62.51
02.04.2011 02:00;62.40;62.40;62.40;62.40;62.40
02.04.2011 03:00;62.35;62.35;62.35;62.35;62.35
02.04.2011 04:00;62.42;62.42;62.42;62.42;62.42
02.04.2011 05:00;62.48;62.48;62.48;62.48;62.48
02.04.2011 06:00;62.34;62.34;62.34;62.34;62.34
02.04.2011 07:00;62.45;62.45;62.45;62.45;62.45
02.04.2011 08:00;62.36;62.36;62.36;62.36;62.36
02.04.2011 09:00;62.71;62.71;62.71;62.71;62.71
02.04.2011 10:00;62.52;62.52;62.52;62.52;62.52
02.04.2011 11:00;62.44;62.44;62.44;62.44;62.44
02.04.2011 12:00;62.29;62.29;62.29;62.29;62.29
02.04.2011 13:00;62.23;62.23;62.23;62.23;62.23
02.04.2011 14:00;62.10;62.10;62.10;62.10;62.10
02.04.2011 15:00;61.81;61.81;61.81;61.81;61.81
02.04.2011 16:00;61.73;61.73;61.73;61.73;61.73
02.04.2011 17:00;62.01;62.01;62.01;62.01;62.01
02.04.2011 18:00;61.93;61.93;61.93;61.93;61.93
02.04.2011 19:00;62.16;62.16;62.16;62.16;62.16
02.04.2011 20:00;62.28;62.28;62.28;62.28;62.28
02.04.2011 21:00;62.37;62.37;62.37;62.37;62.37
02.04.2011 22:00;62.17;62.17;62.17;62.17;62.17
02.04.2011 23:00;61.55;61.55;61.55;61.55;61.55
03.04.2011 00:00;61.34;61.34;61.34;61.34;61.34
03.04.2011 01:00;60.46;60.46;60.46;60.46;60.46
03.04.2011 02:00;60.07;60.07;60.07;60.07;60.07
03.04.2011 03:00;60.37;60.37;60.37;60.37;60.37
03.04.2011 04:00;60.14;60.14;60.14;60.14;60.14
03.04.2011 05:00;60.06;60.06;60.06;60.06;60.06
03.04.2011 06:00;59.82;59.82;59.82;59.82;59.82
03.04.2011 07:00;60.35;60.35;60.35;60.35;60.35
03.04.2011 08:00;60.62;60.62;60.62;60.62;60.62
03.04.2011 09:00;61.40;61.40;61.40;61.40;61.40
03.04.2011 10:00;61.88;61.88;61.88;61.88;61.88
03.04.2011 11:00;61.96;61.96;61.96;61.96;61.96
03.04.2011 12:00;62.00;62.00;62.00;62.00;62.00
03.04.2011 13:00;61.89;61.89;61.89;61.89;61.89
03.04.2011 14:00;61.69;61.69;61.69;61.69;61.69
03.04.2011 15:00;61.73;61.73;61.73;61.73;61.73
03.04.2011 16:00;61.83;61.83;61.83;61.83;61.83
03.04.2011 17:00;62.33;62.33;62.33;62.33;62.33
03.04.2011 18:00;62.54;62.54;62.54;62.54;62.54
03.04.2011 19:00;62.76;62.76;62.76;62.76;62.76
03.04.2011 20:00;63.94;63.94;63.94;63.94;63.94
03.04.2011 21:00;63.42;63.42;63.42;63.42;63.42
03.04.2011 22:00;62.58;62.58;62.58;62.58;62.58
03.04.2011 23:00;61.62;61.62;61.62;61.62;61.62
04.04.2011 00:00;60.58;60.58;60.58;60.58;60.58
04.04.2011 01:00;60.03;60.03;60.03;60.03;60.03
04.04.2011 02:00;59.86;59.86;59.86;59.86;59.86
04.04.2011 03:00;59.92;59.92;59.92;59.92;59.92
04.04.2011 04:00;60.44;60.44;60.44;60.44;60.44
04.04.2011 05:00;61.47;61.47;61.47;61.47;61.47
04.04.2011 06:00;62.35;62.35;62.35;62.35;62.35
04.04.2011 07:00;65.65;65.50;64.97;65.65;64.97
04.04.2011 08:00;74.05;71.84;71.84;74.05;71.84
04.04.2011 09:00;72.64;72.64;72.64;72.64;72.64
04.04.2011 10:00;71.12;71.12;71.12;71.12;71.12
04.04.2011 11:00;68.15;68.15;68.15;68.15;68.15
04.04.2011 12:00;67.58;67.58;67.58;67.58;67.58
04.04.2011 13:00;65.97;65.97;65.97;65.97;65.97
04.04.2011 14:00;63.11;63.11;63.11;63.11;63.11
04.04.2011 15:00;61.77;61.77;61.77;61.77;61.77
04.04.2011 16:00;60.86;60.86;60.86;60.86;60.86
04.04.2011 17:00;61.16;61.16;61.16;61.16;61.16
04.04.2011 18:00;61.21;61.21;61.21;61.21;61.21
04.04.2011 19:00;62.53;62.53;62.53;62.53;62.53
04.04.2011 20:00;64.73;64.73;64.73;64.73;64.73
04.04.2011 21:00;62.50;62.50;62.50;62.50;62.50
04.04.2011 22:00;60.88;60.88;60.88;60.88;60.88
04.04.2011 23:00;60.49;60.49;60.49;60.49;60.49
05.04.2011 00:00;58.79;59.42;59.42;58.79;59.42
05.04.2011 01:00;58.51;58.86;58.86;58.51;58.86
05.04.2011 02:00;58.57;58.72;58.72;58.57;58.72
05.04.2011 03:00;58.55;58.68;58.68;58.55;58.68
05.04.2011 04:00;59.90;59.90;59.90;59.90;59.90
05.04.2011 05:00;60.11;60.11;60.11;60.11;60.11
05.04.2011 06:00;60.60;60.60;60.60;60.60;60.28
05.04.2011 07:00;63.59;63.59;62.15;63.59;61.74
05.04.2011 08:00;67.73;67.73;67.73;67.73;67.73
05.04.2011 09:00;65.38;65.38;65.38;65.38;65.38
05.04.2011 10:00;63.10;63.10;63.10;63.10;63.10
05.04.2011 11:00;62.09;62.09;62.09;62.09;62.09
05.04.2011 12:00;61.41;61.41;61.41;61.41;60.40
05.04.2011 13:00;60.49;60.49;60.49;60.49;60.24
05.04.2011 14:00;60.42;60.42;60.42;60.42;60.26
05.04.2011 15:00;60.14;60.14;60.14;60.14;60.14
05.04.2011 16:00;60.10;60.10;60.10;60.10;60.10
05.04.2011 17:00;60.18;60.18;60.18;60.18;60.11
05.04.2011 18:00;60.23;60.23;60.23;60.23;60.04
05.04.2011 19:00;61.18;61.18;61.18;61.18;61.18
05.04.2011 20:00;62.75;62.75;62.75;62.75;62.75
05.04.2011 21:00;60.32;60.32;60.32;60.32;60.32
05.04.2011 22:00;59.84;59.84;59.84;59.84;59.84
05.04.2011 23:00;59.47;59.47;59.47;59.47;59.47
06.04.2011 00:00;55.51;58.51;58.51;54.91;58.51
06.04.2011 01:00;55.14;58.43;58.43;50.19;58.43
06.04.2011 02:00;55.12;58.23;58.23;50.03;58.23
06.04.2011 03:00;55.12;58.40;58.40;51.54;58.40
06.04.2011 04:00;55.16;58.46;58.46;55.16;58.46
06.04.2011 05:00;59.15;59.15;59.15;59.15;59.15
06.04.2011 06:00;59.40;59.40;59.40;59.40;59.40
06.04.2011 07:00;62.43;62.43;62.43;62.43;62.43
06.04.2011 08:00;63.80;63.80;63.80;63.80;63.80
06.04.2011 09:00;63.52;63.52;63.52;63.52;63.52
06.04.2011 10:00;62.37;62.37;62.37;62.37;62.37
06.04.2011 11:00;61.40;61.40;61.40;61.40;61.40
06.04.2011 12:00;60.23;60.23;60.23;60.23;60.23
06.04.2011 13:00;59.59;59.00;59.00;59.59;59.00
06.04.2011 14:00;58.65;58.65;58.65;58.65;58.65
06.04.2011 15:00;58.14;58.14;58.14;58.14;58.14
06.04.2011 16:00;58.32;58.02;58.02;58.32;58.02
06.04.2011 17:00;58.78;57.99;57.99;58.78;57.99
06.04.2011 18:00;59.34;58.09;58.09;59.34;58.09
06.04.2011 19:00;59.66;59.66;59.66;59.66;59.66
06.04.2011 20:00;61.62;61.62;61.62;61.62;61.62
06.04.2011 21:00;61.25;61.25;61.25;61.25;61.25
06.04.2011 22:00;59.07;58.68;58.68;58.58;58.68
06.04.2011 23:00;58.43;58.13;58.13;54.18;58.13
07.04.2011 00:00;56.52;55.84;55.84;55.84;55.84
07.04.2011 01:00;55.19;55.30;55.30;54.61;55.30
07.04.2011 02:00;55.18;55.23;55.23;54.39;55.23
07.04.2011 03:00;55.17;55.31;55.31;54.34;55.31
07.04.2011 04:00;55.34;55.34;55.34;55.34;55.34
07.04.2011 05:00;57.05;56.20;56.20;56.20;56.20
07.04.2011 06:00;57.18;57.15;57.15;56.89;57.15
07.04.2011 07:00;59.60;59.60;59.60;59.60;59.60
07.04.2011 08:00;60.20;60.20;60.20;60.20;60.20
07.04.2011 09:00;59.97;59.97;59.97;59.97;59.97
07.04.2011 10:00;59.71;59.71;59.71;59.71;59.71
07.04.2011 11:00;59.09;59.09;59.09;59.09;59.09
07.04.2011 12:00;57.63;57.63;57.63;57.63;57.63
07.04.2011 13:00;57.43;57.45;57.45;57.43;57.45
07.04.2011 14:00;57.43;57.21;57.21;57.43;57.21
07.04.2011 15:00;57.34;56.60;56.60;57.34;56.60
07.04.2011 16:00;57.32;56.07;56.07;57.32;56.07
07.04.2011 17:00;57.39;57.00;57.00;57.39;57.00
07.04.2011 18:00;57.85;57.85;57.85;57.85;57.85
07.04.2011 19:00;58.61;58.61;58.61;58.61;58.61
07.04.2011 20:00;59.02;59.02;59.02;59.02;59.02
07.04.2011 21:00;57.65;57.72;57.72;57.65;57.72
07.04.2011 22:00;57.32;57.37;57.37;57.01;57.37
07.04.2011 23:00;57.12;57.07;57.07;54.59;57.07
08.04.2011 00:00;56.17;54.28;54.28;50.77;54.28
08.04.2011 01:00;56.43;53.95;53.95;47.80;53.95
08.04.2011 02:00;56.35;53.67;53.67;46.78;53.67
08.04.2011 03:00;56.34;53.93;53.93;49.15;53.93
08.04.2011 04:00;56.36;53.94;53.94;52.46;53.94
08.04.2011 05:00;56.46;54.95;54.95;54.95;54.95
08.04.2011 06:00;56.65;56.51;56.51;56.51;56.51
08.04.2011 07:00;59.38;59.38;59.38;59.38;59.38
08.04.2011 08:00;59.98;59.98;59.98;59.98;59.98
08.04.2011 09:00;59.74;59.74;59.74;59.74;59.74
08.04.2011 10:00;59.21;59.21;59.21;59.21;59.21
08.04.2011 11:00;58.40;58.40;58.40;58.40;58.40
08.04.2011 12:00;57.02;57.02;57.02;57.02;57.02
08.04.2011 13:00;56.45;54.80;54.80;56.15;54.80
08.04.2011 14:00;56.49;54.03;54.03;55.89;54.03
08.04.2011 15:00;56.44;52.83;52.83;56.15;52.83
08.04.2011 16:00;56.35;51.60;51.60;55.91;51.60
08.04.2011 17:00;56.33;51.14;51.14;55.94;51.14
08.04.2011 18:00;56.46;52.36;52.36;56.04;52.36
08.04.2011 19:00;57.03;54.60;54.60;56.31;54.60
08.04.2011 20:00;57.13;55.33;55.33;56.27;55.33
08.04.2011 21:00;57.10;54.02;54.02;56.12;54.02
08.04.2011 22:00;56.60;55.01;55.01;55.65;55.01
08.04.2011 23:00;56.37;54.53;54.53;50.86;54.53
09.04.2011 00:00;56.43;54.64;54.64;50.49;54.64
09.04.2011 01:00;56.71;54.19;54.19;49.65;54.19
09.04.2011 02:00;56.64;53.99;53.99;47.95;53.99
09.04.2011 03:00;56.58;54.01;54.01;47.74;54.01
09.04.2011 04:00;56.58;54.13;54.13;47.69;54.13
09.04.2011 05:00;56.58;54.29;54.29;48.02;54.29
09.04.2011 06:00;56.24;53.00;53.00;55.46;53.00
09.04.2011 07:00;56.43;52.87;52.87;55.81;52.87
09.04.2011 08:00;56.65;53.91;53.91;56.05;53.91
09.04.2011 09:00;56.65;54.36;54.36;56.39;54.36
09.04.2011 10:00;56.74;54.60;54.60;56.55;54.60
09.04.2011 11:00;56.79;55.35;55.35;56.34;55.35
09.04.2011 12:00;56.66;53.92;53.92;55.54;53.92
09.04.2011 13:00;56.60;53.12;53.12;55.22;53.12
09.04.2011 14:00;56.50;52.56;52.56;53.82;52.56
09.04.2011 15:00;56.47;51.47;51.47;53.44;51.47
09.04.2011 16:00;56.43;51.80;51.80;54.19;51.80
09.04.2011 17:00;56.61;52.47;52.47;55.48;52.47
09.04.2011 18:00;56.69;54.34;54.34;55.87;54.34
09.04.2011 19:00;56.98;56.98;56.98;56.98;56.98
09.04.2011 20:00;57.97;57.97;57.97;57.97;57.97
09.04.2011 21:00;57.52;57.52;57.52;57.52;57.52
09.04.2011 22:00;56.76;56.76;56.76;56.76;56.76
09.04.2011 23:00;56.49;53.90;53.90;54.91;53.90
10.04.2011 00:00;56.27;54.39;54.39;53.90;54.39
10.04.2011 01:00;56.56;53.94;53.94;50.52;53.94
10.04.2011 02:00;56.43;53.77;53.77;49.40;53.77
10.04.2011 03:00;56.37;53.79;53.79;50.71;53.79
10.04.2011 04:00;56.34;53.59;53.59;50.80;53.59
10.04.2011 05:00;56.37;53.47;53.47;51.94;53.47
10.04.2011 06:00;55.55;52.62;52.62;52.62;52.62
10.04.2011 07:00;55.29;53.49;53.49;55.29;53.49
10.04.2011 08:00;56.03;53.85;53.85;56.03;53.85
10.04.2011 09:00;56.19;55.01;55.01;56.19;55.01
10.04.2011 10:00;56.12;55.85;55.85;56.12;55.85
10.04.2011 11:00;55.95;55.90;55.90;55.95;55.90
10.04.2011 12:00;55.60;55.60;55.60;55.60;55.60
10.04.2011 13:00;55.38;55.09;55.09;55.09;55.09
10.04.2011 14:00;55.38;54.33;54.33;54.33;54.33
10.04.2011 15:00;55.25;54.00;54.00;54.00;54.00
10.04.2011 16:00;54.99;53.97;53.97;53.97;53.97
10.04.2011 17:00;55.49;54.06;54.06;54.06;54.06
10.04.2011 18:00;55.96;54.40;54.40;54.40;54.40
10.04.2011 19:00;56.70;56.70;56.70;56.70;56.70
10.04.2011 20:00;58.64;58.64;58.64;58.64;58.64
10.04.2011 21:00;57.76;57.76;57.76;57.76;57.76
10.04.2011 22:00;57.75;57.75;57.75;57.75;57.75
10.04.2011 23:00;56.32;54.77;54.77;54.77;54.77
11.04.2011 00:00;56.55;54.06;54.06;54.06;54.06
11.04.2011 01:00;56.41;52.93;52.93;52.68;52.93
11.04.2011 02:00;56.34;52.76;52.76;51.14;52.76
11.04.2011 03:00;56.34;52.84;52.84;52.08;52.84
11.04.2011 04:00;56.45;54.10;54.10;54.10;54.10
11.04.2011 05:00;56.50;56.35;56.35;56.35;56.35
11.04.2011 06:00;58.79;58.79;58.79;58.79;58.79
11.04.2011 07:00;60.65;60.65;60.65;60.65;60.65
11.04.2011 08:00;64.96;62.45;62.45;64.96;62.45
11.04.2011 09:00;63.59;62.20;62.20;63.59;62.20
11.04.2011 10:00;62.52;61.92;61.92;62.52;61.92
11.04.2011 11:00;60.95;60.95;60.95;60.95;60.95
11.04.2011 12:00;59.84;59.84;59.84;59.84;59.84
11.04.2011 13:00;59.26;59.26;59.26;59.26;59.26
11.04.2011 14:00;58.87;58.87;58.87;58.87;58.87
11.04.2011 15:00;58.15;58.15;58.15;58.15;58.15
11.04.2011 16:00;57.07;57.07;57.07;57.07;57.07
11.04.2011 17:00;57.10;57.10;57.10;57.10;57.10
11.04.2011 18:00;58.56;58.56;58.56;58.56;58.56
11.04.2011 19:00;58.95;58.95;58.95;58.95;58.95
11.04.2011 20:00;59.80;59.80;59.80;59.80;59.80
11.04.2011 21:00;58.61;58.61;58.61;58.61;58.61
11.04.2011 22:00;57.26;57.26;57.26;57.26;57.26
11.04.2011 23:00;57.06;54.14;54.14;54.14;54.14
12.04.2011 00:00;56.25;53.85;53.85;53.85;53.85
12.04.2011 01:00;56.14;52.77;52.77;52.77;52.77
12.04.2011 02:00;56.04;52.56;52.56;52.56;52.56
12.04.2011 03:00;56.03;53.00;53.00;53.00;53.00
12.04.2011 04:00;56.06;54.16;54.16;54.16;54.16
12.04.2011 05:00;56.11;54.99;54.99;54.99;54.99
12.04.2011 06:00;56.82;56.82;56.82;56.82;56.82
12.04.2011 07:00;58.52;58.52;58.52;58.52;58.52
12.04.2011 08:00;59.57;59.57;59.57;59.57;59.57
12.04.2011 09:00;59.57;59.57;59.57;59.57;59.57
12.04.2011 10:00;59.12;59.12;59.12;59.12;59.12
12.04.2011 11:00;59.05;59.05;59.05;59.05;59.05
12.04.2011 12:00;58.44;58.44;58.44;58.44;58.44
12.04.2011 13:00;58.37;58.37;58.37;58.37;58.37
12.04.2011 14:00;58.11;58.11;58.11;58.11;58.11
12.04.2011 15:00;57.75;57.75;57.75;57.75;57.75
12.04.2011 16:00;57.43;57.43;57.43;57.43;57.43
12.04.2011 17:00;57.34;57.34;57.34;57.34;57.34
12.04.2011 18:00;57.19;57.19;57.19;57.19;57.19
12.04.2011 19:00;57.82;57.82;57.82;57.82;57.82
12.04.2011 20:00;58.92;58.92;58.92;58.92;58.92
12.04.2011 21:00;57.91;57.91;57.91;57.91;57.91
12.04.2011 22:00;57.27;57.27;57.27;57.27;57.27
12.04.2011 23:00;56.76;56.35;56.35;56.35;56.35
13.04.2011 00:00;56.05;53.90;53.90;53.90;53.90
13.04.2011 01:00;53.49;53.49;53.49;53.49;53.49
13.04.2011 02:00;53.37;53.37;53.37;53.37;53.37
13.04.2011 03:00;53.44;53.44;53.44;53.44;53.44
13.04.2011 04:00;53.82;53.82;53.82;53.82;53.82
13.04.2011 05:00;54.68;54.68;54.68;54.68;54.68
13.04.2011 06:00;56.76;56.76;56.76;56.76;56.76
13.04.2011 07:00;58.77;58.77;58.77;58.77;58.77
13.04.2011 08:00;59.91;59.91;59.91;59.91;59.91
13.04.2011 09:00;59.24;59.24;59.24;59.24;59.24
13.04.2011 10:00;58.63;58.63;58.63;58.63;58.63
13.04.2011 11:00;58.91;58.91;58.91;58.91;58.91
13.04.2011 12:00;58.42;58.42;58.42;58.42;58.42
13.04.2011 13:00;58.90;58.90;58.90;58.90;58.90
13.04.2011 14:00;58.71;58.71;58.71;58.71;58.71
13.04.2011 15:00;58.51;58.51;58.51;58.51;58.51
13.04.2011 16:00;57.52;57.52;57.52;57.52;57.52
13.04.2011 17:00;58.02;58.02;58.02;58.02;58.02
13.04.2011 18:00;59.01;59.01;59.01;59.01;59.01
13.04.2011 19:00;59.55;59.55;59.55;59.55;59.55
13.04.2011 20:00;60.03;60.03;60.03;60.03;60.03
13.04.2011 21:00;59.81;59.81;59.81;59.81;59.81
13.04.2011 22:00;58.99;58.99;58.99;58.99;58.99
13.04.2011 23:00;57.02;57.02;57.02;57.02;57.02
14.04.2011 00:00;55.13;55.13;55.13;55.13;55.13
14.04.2011 01:00;53.76;53.76;53.76;53.76;53.76
14.04.2011 02:00;53.67;53.67;53.67;53.67;53.67
14.04.2011 03:00;53.58;53.58;53.58;53.58;53.58
14.04.2011 04:00;54.10;54.10;54.10;54.10;54.10
14.04.2011 05:00;55.13;55.13;55.13;55.13;55.13
14.04.2011 06:00;57.76;57.76;57.76;57.76;57.76
14.04.2011 07:00;60.56;60.56;60.56;60.56;60.56
14.04.2011 08:00;61.80;61.80;61.80;61.80;61.80
14.04.2011 09:00;61.25;61.25;61.25;61.25;61.25
14.04.2011 10:00;61.17;61.17;61.17;61.17;61.17
14.04.2011 11:00;60.27;60.27;60.27;60.27;60.27
14.04.2011 12:00;59.73;59.73;59.73;59.73;59.73
14.04.2011 13:00;59.72;59.72;59.72;59.72;59.72
14.04.2011 14:00;59.46;59.46;59.46;59.46;59.46
14.04.2011 15:00;58.83;58.83;58.83;58.83;58.83
14.04.2011 16:00;58.42;58.42;58.42;58.42;58.42
14.04.2011 17:00;58.53;58.53;58.53;58.53;58.53
14.04.2011 18:00;58.46;58.46;58.46;58.46;58.46
14.04.2011 19:00;58.66;58.66;58.66;58.66;58.66
14.04.2011 20:00;59.35;59.35;59.35;59.35;59.35
14.04.2011 21:00;58.73;58.73;58.73;58.73;58.73
14.04.2011 22:00;57.79;57.79;57.79;57.79;57.79
14.04.2011 23:00;55.92;55.92;55.92;55.92;55.92
15.04.2011 00:00;55.41;55.41;55.41;55.41;55.41
15.04.2011 01:00;53.87;53.87;53.87;53.87;53.87
15.04.2011 02:00;53.70;53.70;53.70;53.70;53.70
15.04.2011 03:00;53.71;53.71;53.71;53.71;53.71
15.04.2011 04:00;53.89;53.89;53.89;53.89;53.89
15.04.2011 05:00;55.23;55.23;55.23;55.23;55.23
15.04.2011 06:00;57.48;57.48;57.48;57.48;57.48
15.04.2011 07:00;60.78;60.78;60.78;60.78;60.78
15.04.2011 08:00;61.48;61.48;61.48;61.48;61.48
15.04.2011 09:00;60.96;60.96;60.96;60.96;60.96
15.04.2011 10:00;59.97;59.97;59.97;59.97;59.97
15.04.2011 11:00;59.38;59.38;59.38;59.38;59.38
15.04.2011 12:00;58.46;58.46;58.46;58.46;58.46
15.04.2011 13:00;57.93;57.93;57.93;57.93;57.93
15.04.2011 14:00;57.01;57.01;57.01;57.01;57.01
15.04.2011 15:00;55.97;55.97;55.97;55.97;55.97
15.04.2011 16:00;55.35;55.35;55.35;55.35;55.35
15.04.2011 17:00;55.97;55.97;55.97;55.97;55.97
15.04.2011 18:00;56.76;56.76;56.76;56.76;56.76
15.04.2011 19:00;56.83;56.83;56.83;56.83;56.83
15.04.2011 20:00;56.86;56.86;56.86;56.86;56.86
15.04.2011 21:00;56.83;56.83;56.83;56.83;56.83
15.04.2011 22:00;56.73;56.73;56.73;56.73;56.73
15.04.2011 23:00;55.47;55.47;55.47;55.47;55.47
16.04.2011 00:00;54.93;54.93;54.93;54.93;54.93
16.04.2011 01:00;53.19;53.19;53.19;53.19;53.19
16.04.2011 02:00;52.03;53.04;53.04;52.03;53.04
16.04.2011 03:00;51.07;53.01;53.01;51.07;53.01
16.04.2011 04:00;52.02;53.02;53.02;52.02;53.02
16.04.2011 05:00;52.68;53.07;53.07;52.68;53.07
16.04.2011 06:00;52.60;53.11;53.11;52.60;53.11
16.04.2011 07:00;53.77;53.77;53.77;53.77;53.77
16.04.2011 08:00;55.62;55.62;55.62;55.62;55.62
16.04.2011 09:00;56.10;56.10;56.10;56.10;56.10
16.04.2011 10:00;56.10;56.10;56.10;56.10;56.10
16.04.2011 11:00;56.16;56.16;56.16;56.16;56.16
16.04.2011 12:00;56.24;56.24;56.24;56.24;56.24
16.04.2011 13:00;55.00;55.00;55.00;55.00;55.00
16.04.2011 14:00;52.45;52.45;52.45;52.45;52.45
16.04.2011 15:00;50.00;50.00;50.00;50.00;50.00
16.04.2011 16:00;50.00;50.00;50.00;50.00;50.00
16.04.2011 17:00;53.31;53.31;53.31;53.31;53.31
16.04.2011 18:00;55.22;55.22;55.22;55.22;55.22
16.04.2011 19:00;55.63;55.63;55.63;55.63;55.63
16.04.2011 20:00;56.33;56.33;56.33;56.33;56.33
16.04.2011 21:00;56.10;56.10;56.10;56.10;56.10
16.04.2011 22:00;55.73;55.73;55.73;55.73;55.73
16.04.2011 23:00;53.18;53.72;53.72;53.18;53.72
17.04.2011 00:00;53.40;53.40;53.40;53.40;53.40
17.04.2011 01:00;52.74;52.76;52.76;52.74;52.76
17.04.2011 02:00;49.97;49.97;49.97;49.97;49.97
17.04.2011 03:00;45.30;45.30;45.30;45.30;45.30
17.04.2011 04:00;45.38;45.38;45.38;45.38;45.38
17.04.2011 05:00;48.10;48.10;48.10;48.10;48.10
17.04.2011 06:00;44.00;44.85;44.85;44.00;44.85
17.04.2011 07:00;47.50;47.50;47.50;47.50;47.50
17.04.2011 08:00;50.29;50.29;50.29;50.29;50.29
17.04.2011 09:00;51.66;51.66;51.66;51.66;51.66
17.04.2011 10:00;52.77;52.77;52.77;52.77;52.77
17.04.2011 11:00;53.03;53.03;53.03;53.03;53.03
17.04.2011 12:00;53.04;53.04;53.04;53.04;53.04
17.04.2011 13:00;52.92;49.48;49.48;49.48;49.48
17.04.2011 14:00;52.93;46.03;46.03;46.03;46.03
17.04.2011 15:00;52.92;44.05;44.05;44.05;44.05
17.04.2011 16:00;52.91;44.84;44.84;44.84;44.84
17.04.2011 17:00;52.90;49.59;49.59;49.59;49.59
17.04.2011 18:00;51.23;51.23;51.23;51.23;51.23
17.04.2011 19:00;54.76;54.76;54.76;54.76;54.76
17.04.2011 20:00;56.46;56.46;56.46;56.46;56.46
17.04.2011 21:00;56.70;56.70;56.70;56.70;56.70
17.04.2011 22:00;56.31;56.31;56.31;56.31;56.31
17.04.2011 23:00;53.55;53.55;53.55;53.55;53.55
18.04.2011 00:00;49.59;49.59;49.59;49.59;49.59
18.04.2011 01:00;47.78;47.78;47.78;47.78;47.78
18.04.2011 02:00;45.49;45.49;45.49;45.49;45.49
18.04.2011 03:00;44.93;44.93;44.93;44.93;44.93
18.04.2011 04:00;46.09;46.09;46.09;46.09;46.09
18.04.2011 05:00;54.78;54.78;54.78;54.78;54.78
18.04.2011 06:00;57.11;57.11;57.11;57.11;57.11
18.04.2011 07:00;58.55;58.55;58.55;58.55;58.55
18.04.2011 08:00;59.24;59.24;59.24;59.24;59.24
18.04.2011 09:00;59.28;59.34;59.34;59.28;59.34
18.04.2011 10:00;58.99;58.99;58.99;58.99;58.99
18.04.2011 11:00;58.69;58.69;58.69;58.69;58.69
18.04.2011 12:00;58.08;58.08;58.08;58.08;58.08
18.04.2011 13:00;58.00;58.00;58.00;58.00;58.00
18.04.2011 14:00;57.78;57.78;57.78;57.78;57.78
18.04.2011 15:00;57.42;57.42;57.42;57.42;57.42
18.04.2011 16:00;57.23;57.23;57.23;57.23;57.23
18.04.2011 17:00;57.23;57.23;57.23;57.23;57.23
18.04.2011 18:00;57.22;57.22;57.22;57.22;57.22
18.04.2011 19:00;57.25;57.25;57.25;57.25;57.25
18.04.2011 20:00;58.06;58.06;58.06;58.06;58.06
18.04.2011 21:00;57.80;57.80;57.80;57.80;57.80
18.04.2011 22:00;57.08;57.08;57.08;57.08;57.08
18.04.2011 23:00;55.17;55.17;55.17;55.17;55.17
19.04.2011 00:00;51.16;51.16;51.16;51.16;51.16
19.04.2011 01:00;48.53;48.53;48.53;48.53;48.53
19.04.2011 02:00;46.70;46.70;46.70;46.70;46.70
19.04.2011 03:00;47.53;47.53;47.53;47.53;47.53
19.04.2011 04:00;49.35;49.35;49.35;49.35;49.35
19.04.2011 05:00;53.24;53.24;53.24;53.24;53.24
19.04.2011 06:00;56.91;56.91;56.91;56.91;56.91
19.04.2011 07:00;58.67;58.67;58.67;58.67;58.67
19.04.2011 08:00;59.19;59.19;59.19;59.19;59.19
19.04.2011 09:00;59.14;59.21;59.21;59.14;59.21
19.04.2011 10:00;58.96;58.96;58.96;58.96;58.96
19.04.2011 11:00;58.61;58.61;58.61;58.61;58.61
19.04.2011 12:00;58.14;58.14;58.14;58.14;58.14
19.04.2011 13:00;57.85;57.85;57.85;57.85;57.85
19.04.2011 14:00;57.43;57.43;57.43;57.43;57.43
19.04.2011 15:00;57.07;57.07;57.07;57.07;57.07
19.04.2011 16:00;56.53;56.53;56.53;56.53;56.53
19.04.2011 17:00;57.10;57.10;57.10;57.10;57.10
19.04.2011 18:00;57.82;57.82;57.82;57.82;57.82
19.04.2011 19:00;58.12;58.12;58.12;58.12;58.12
19.04.2011 20:00;58.64;58.64;58.64;58.64;58.64
19.04.2011 21:00;58.21;58.21;58.21;58.21;58.21
19.04.2011 22:00;56.54;56.54;56.54;56.54;56.54
19.04.2011 23:00;52.45;52.45;52.45;52.45;52.45
20.04.2011 00:00;49.23;49.23;49.23;49.23;49.23
20.04.2011 01:00;47.79;47.79;47.79;47.79;47.79
20.04.2011 02:00;44.71;44.71;44.71;44.71;44.71
20.04.2011 03:00;45.10;45.10;45.10;45.10;45.10
20.04.2011 04:00;47.36;47.36;47.36;47.36;47.36
20.04.2011 05:00;51.92;51.92;51.92;51.92;51.92
20.04.2011 06:00;55.83;55.83;55.83;55.83;55.83
20.04.2011 07:00;57.51;57.51;57.51;57.51;57.51
20.04.2011 08:00;57.52;57.52;57.52;57.52;57.52
20.04.2011 09:00;57.61;57.61;57.61;57.61;57.61
20.04.2011 10:00;57.46;57.46;57.46;57.46;57.46
20.04.2011 11:00;57.12;57.12;57.12;57.12;57.12
20.04.2011 12:00;56.56;56.56;56.56;56.56;56.56
20.04.2011 13:00;56.13;56.13;56.13;56.13;56.13
20.04.2011 14:00;55.87;55.87;55.87;55.87;55.87
20.04.2011 15:00;55.50;55.50;55.50;55.50;55.50
20.04.2011 16:00;54.98;54.98;54.98;54.98;54.98
20.04.2011 17:00;55.20;55.20;55.20;55.20;55.20
20.04.2011 18:00;54.96;54.96;54.96;54.96;54.96
20.04.2011 19:00;55.12;55.12;55.12;55.12;55.12
20.04.2011 20:00;55.96;55.96;55.96;55.96;55.96
20.04.2011 21:00;55.52;55.52;55.52;55.52;55.52
20.04.2011 22:00;54.51;54.51;54.51;54.51;54.51
20.04.2011 23:00;51.34;51.34;51.34;51.34;51.34
21.04.2011 00:00;47.54;53.23;53.23;47.54;53.23
21.04.2011 01:00;42.39;45.56;45.56;42.39;45.56
21.04.2011 02:00;42.68;43.89;43.89;42.68;43.89
21.04.2011 03:00;43.03;44.94;44.94;43.03;44.94
21.04.2011 04:00;46.23;46.23;46.23;46.23;46.23
21.04.2011 05:00;49.83;51.15;51.15;49.83;51.15
21.04.2011 06:00;53.60;53.60;53.60;53.60;53.60
21.04.2011 07:00;54.87;54.87;54.87;54.87;54.87
21.04.2011 08:00;55.57;55.57;55.57;55.57;55.57
21.04.2011 09:00;55.56;55.56;55.56;55.56;55.56
21.04.2011 10:00;55.55;55.55;55.55;55.55;55.55
21.04.2011 11:00;55.35;55.35;55.35;55.35;55.35
21.04.2011 12:00;54.49;54.49;54.49;54.49;54.49
21.04.2011 13:00;53.72;53.72;53.72;53.72;53.72
21.04.2011 14:00;53.38;53.38;53.38;53.38;53.38
21.04.2011 15:00;53.03;53.03;53.03;53.03;53.03
21.04.2011 16:00;52.41;52.41;52.41;52.41;52.41
21.04.2011 17:00;52.75;52.75;52.75;52.75;52.75
21.04.2011 18:00;52.81;52.81;52.81;52.81;52.81
21.04.2011 19:00;53.13;53.13;53.13;53.13;53.13
21.04.2011 20:00;53.61;53.61;53.61;53.61;53.61
21.04.2011 21:00;52.88;53.62;53.62;52.88;53.62
21.04.2011 22:00;52.01;53.47;53.47;52.01;53.47
21.04.2011 23:00;46.03;52.88;52.88;46.03;52.88
22.04.2011 00:00;49.65;50.47;50.47;49.65;50.47
22.04.2011 01:00;45.47;45.47;45.47;45.47;45.47
22.04.2011 02:00;42.83;42.92;42.92;42.83;42.92
22.04.2011 03:00;42.58;42.70;42.70;42.58;42.70
22.04.2011 04:00;43.21;43.21;43.21;43.21;43.21
22.04.2011 05:00;44.25;46.21;46.21;44.25;46.21
22.04.2011 06:00;47.56;50.60;50.60;47.56;50.60
22.04.2011 07:00;49.62;49.62;49.62;49.62;49.62
22.04.2011 08:00;52.49;52.49;52.49;52.49;52.49
22.04.2011 09:00;53.19;53.19;53.19;53.19;53.19
22.04.2011 10:00;53.44;53.44;53.44;53.44;53.44
22.04.2011 11:00;53.24;53.24;53.24;53.24;53.24
22.04.2011 12:00;50.57;50.57;50.57;50.57;50.57
22.04.2011 13:00;48.08;48.08;48.08;48.08;48.08
22.04.2011 14:00;46.47;46.47;46.47;46.47;46.47
22.04.2011 15:00;47.11;47.11;47.11;47.11;47.11
22.04.2011 16:00;48.00;48.00;48.00;48.00;48.00
22.04.2011 17:00;49.88;49.88;49.88;49.88;49.88
22.04.2011 18:00;49.98;49.98;49.98;49.98;49.98
22.04.2011 19:00;50.19;50.19;50.19;50.19;50.19
22.04.2011 20:00;53.07;53.07;53.07;53.07;53.07
22.04.2011 21:00;53.37;53.37;53.37;53.37;53.37
22.04.2011 22:00;52.07;53.30;53.30;52.07;53.30
22.04.2011 23:00;47.11;52.29;52.29;47.11;52.29
23.04.2011 00:00;51.19;53.42;53.42;51.19;53.42
23.04.2011 01:00;47.58;53.06;53.06;47.58;53.06
23.04.2011 02:00;44.91;53.08;53.08;41.68;53.08
23.04.2011 03:00;44.96;52.05;52.05;36.29;52.05
23.04.2011 04:00;45.06;51.79;51.79;33.20;51.79
23.04.2011 05:00;45.13;53.02;53.02;41.79;53.02
23.04.2011 06:00;45.34;53.02;53.02;43.10;53.02
23.04.2011 07:00;46.85;46.85;46.85;46.85;46.85
23.04.2011 08:00;50.35;50.35;50.35;50.35;50.35
23.04.2011 09:00;53.19;53.19;53.19;53.19;53.19
23.04.2011 10:00;53.20;53.20;53.20;53.20;53.20
23.04.2011 11:00;51.92;51.92;51.92;51.92;51.92
23.04.2011 12:00;48.03;48.03;48.03;48.03;48.03
23.04.2011 13:00;44.91;44.91;44.91;44.91;44.91
23.04.2011 14:00;39.79;36.72;36.72;36.72;36.72
23.04.2011 15:00;39.71;38.00;38.00;38.00;38.00
23.04.2011 16:00;39.94;39.94;39.94;39.94;39.94
23.04.2011 17:00;47.05;47.05;47.05;47.05;47.05
23.04.2011 18:00;49.92;49.92;49.92;49.92;49.92
23.04.2011 19:00;50.64;50.64;50.64;50.64;50.64
23.04.2011 20:00;53.20;53.20;53.20;53.20;53.20
23.04.2011 21:00;53.39;53.62;53.62;53.39;53.62
23.04.2011 22:00;52.12;53.48;53.48;52.12;53.48
23.04.2011 23:00;48.24;48.61;48.61;48.24;48.61
24.04.2011 00:00;46.76;38.81;38.81;38.81;38.81
24.04.2011 01:00;46.34;22.82;22.82;22.82;22.82
24.04.2011 02:00;46.25;19.50;19.50;19.50;19.50
24.04.2011 03:00;46.17;19.16;19.16;19.16;19.16
24.04.2011 04:00;46.05;22.47;22.47;22.47;22.47
24.04.2011 05:00;46.01;21.56;21.56;21.56;21.56
24.04.2011 06:00;46.06;15.28;15.28;15.28;15.28
24.04.2011 07:00;22.49;22.49;22.49;22.49;22.49
24.04.2011 08:00;30.99;30.99;30.99;30.99;30.99
24.04.2011 09:00;40.85;40.85;40.85;40.85;40.85
24.04.2011 10:00;43.10;43.10;43.10;43.10;43.10
24.04.2011 11:00;44.21;44.21;44.21;44.21;44.21
24.04.2011 12:00;40.58;40.58;40.58;40.58;40.58
24.04.2011 13:00;32.77;32.77;32.77;32.77;32.77
24.04.2011 14:00;25.38;25.38;25.38;25.38;25.38
24.04.2011 15:00;20.56;20.56;20.56;20.56;20.56
24.04.2011 16:00;22.79;22.79;22.79;22.79;22.79
24.04.2011 17:00;30.49;30.49;30.49;30.49;30.49
24.04.2011 18:00;40.54;40.54;40.54;40.54;40.54
24.04.2011 19:00;44.30;51.22;51.22;44.30;51.22
24.04.2011 20:00;49.88;53.98;53.98;49.88;53.98
24.04.2011 21:00;50.78;54.19;54.19;50.78;54.19
24.04.2011 22:00;47.76;53.16;53.16;47.76;53.16
24.04.2011 23:00;38.93;46.00;46.00;27.84;46.00
25.04.2011 00:00;39.02;15.97;15.97;15.97;15.97
25.04.2011 01:00;39.72;13.79;13.79;13.79;13.79
25.04.2011 02:00;39.02;13.77;13.77;13.77;13.77
25.04.2011 03:00;38.99;10.49;10.49;10.49;10.49
25.04.2011 04:00;38.97;19.75;19.75;19.75;19.75
25.04.2011 05:00;24.89;23.50;23.50;23.50;23.50
25.04.2011 06:00;39.04;27.91;27.91;27.91;27.91
25.04.2011 07:00;39.01;39.01;39.01;39.01;39.01
25.04.2011 08:00;41.25;41.25;41.25;41.25;41.25
25.04.2011 09:00;40.81;40.81;40.81;40.81;40.81
25.04.2011 10:00;43.81;43.81;43.81;43.81;43.81
25.04.2011 11:00;42.57;42.57;42.57;42.57;42.57
25.04.2011 12:00;41.90;41.90;41.90;41.90;41.90
25.04.2011 13:00;41.99;41.99;41.99;41.99;41.99
25.04.2011 14:00;39.00;37.83;37.83;37.83;37.83
25.04.2011 15:00;38.95;35.98;35.98;35.98;35.98
25.04.2011 16:00;38.93;35.11;35.11;35.11;35.11
25.04.2011 17:00;37.49;37.49;37.49;37.49;37.49
25.04.2011 18:00;44.40;44.40;44.40;44.40;44.40
25.04.2011 19:00;46.73;46.73;46.73;46.73;46.73
25.04.2011 20:00;53.30;53.30;53.30;53.30;53.30
25.04.2011 21:00;53.55;53.55;53.55;53.55;53.55
25.04.2011 22:00;52.22;53.07;53.07;52.22;53.07
25.04.2011 23:00;45.00;45.00;45.00;45.00;45.00
26.04.2011 00:00;47.74;53.21;53.21;42.70;53.21
26.04.2011 01:00;47.08;37.29;37.29;37.29;37.29
26.04.2011 02:00;46.79;31.10;31.10;31.10;31.10
26.04.2011 03:00;46.67;32.79;32.79;32.79;32.79
26.04.2011 04:00;46.74;34.40;34.40;34.40;34.40
26.04.2011 05:00;46.93;51.23;51.23;44.99;51.23
26.04.2011 06:00;54.38;54.38;54.38;54.38;54.38
26.04.2011 07:00;57.66;57.66;57.66;57.66;57.66
26.04.2011 08:00;58.85;58.85;58.85;58.85;58.85
26.04.2011 09:00;58.85;58.85;58.85;58.85;58.85
26.04.2011 10:00;58.17;58.17;58.17;58.17;58.17
26.04.2011 11:00;57.37;57.37;57.37;57.37;57.37
26.04.2011 12:00;56.91;56.91;56.91;56.91;56.91
26.04.2011 13:00;56.47;56.47;56.47;56.47;56.47
26.04.2011 14:00;56.44;56.44;56.44;56.44;56.44
26.04.2011 15:00;55.32;55.32;55.32;55.32;55.32
26.04.2011 16:00;53.49;53.49;53.49;53.49;53.49
26.04.2011 17:00;53.03;53.03;53.03;53.03;53.03
26.04.2011 18:00;53.07;53.07;53.07;53.07;53.07
26.04.2011 19:00;53.45;53.45;53.45;53.45;53.45
26.04.2011 20:00;55.77;55.77;55.77;55.77;55.77
26.04.2011 21:00;55.88;55.88;55.88;55.88;55.88
26.04.2011 22:00;54.10;54.10;54.10;54.10;54.10
26.04.2011 23:00;48.40;48.40;48.40;48.40;48.40
27.04.2011 00:00;45.14;45.14;45.14;45.14;45.14
27.04.2011 01:00;44.61;43.68;43.68;43.68;43.68
27.04.2011 02:00;44.34;42.48;42.48;42.48;42.48
27.04.2011 03:00;44.15;43.06;43.06;43.03;43.06
27.04.2011 04:00;46.11;46.11;46.11;46.11;46.11
27.04.2011 05:00;51.75;51.75;51.75;51.75;51.75
27.04.2011 06:00;54.94;54.94;54.94;54.94;54.94
27.04.2011 07:00;57.74;57.74;57.74;57.74;57.74
27.04.2011 08:00;58.72;58.72;58.72;58.72;58.72
27.04.2011 09:00;58.82;58.82;58.82;58.82;58.82
27.04.2011 10:00;58.52;58.52;58.52;58.52;58.52
27.04.2011 11:00;58.17;58.17;58.17;58.17;58.17
27.04.2011 12:00;57.46;57.46;57.46;57.46;57.46
27.04.2011 13:00;57.05;57.05;57.05;57.05;57.05
27.04.2011 14:00;56.49;56.49;56.49;56.49;56.49
27.04.2011 15:00;55.96;55.96;55.96;55.96;55.96
27.04.2011 16:00;55.28;55.28;55.28;55.28;55.28
27.04.2011 17:00;54.90;54.90;54.90;54.90;54.90
27.04.2011 18:00;54.98;54.98;54.98;54.98;54.98
27.04.2011 19:00;55.19;55.19;55.19;55.19;55.19
27.04.2011 20:00;55.90;55.90;55.90;55.90;55.90
27.04.2011 21:00;55.70;55.70;55.70;55.70;55.70
27.04.2011 22:00;54.68;54.68;54.68;54.68;54.68
27.04.2011 23:00;51.03;52.07;52.07;51.03;52.07
28.04.2011 00:00;48.06;50.44;50.44;48.06;50.44
28.04.2011 01:00;44.00;44.00;44.00;44.00;44.00
28.04.2011 02:00;41.73;41.73;41.73;41.73;41.73
28.04.2011 03:00;41.92;41.92;41.92;41.92;41.92
28.04.2011 04:00;45.00;45.00;45.00;45.00;45.00
28.04.2011 05:00;46.49;46.49;46.49;46.49;46.49
28.04.2011 06:00;53.75;53.75;53.75;53.75;53.75
28.04.2011 07:00;56.73;56.73;56.73;56.73;56.73
28.04.2011 08:00;58.07;58.07;58.07;58.07;58.07
28.04.2011 09:00;57.56;57.56;57.56;57.56;57.56
28.04.2011 10:00;57.07;57.07;57.07;57.07;57.07
28.04.2011 11:00;56.74;56.74;56.74;56.74;56.74
28.04.2011 12:00;56.51;56.51;56.51;56.51;56.51
28.04.2011 13:00;56.44;56.44;56.44;56.44;56.44
28.04.2011 14:00;56.27;56.27;56.27;56.27;56.27
28.04.2011 15:00;55.59;55.59;55.59;55.59;55.59
28.04.2011 16:00;54.64;54.64;54.64;54.64;54.64
28.04.2011 17:00;55.01;55.01;55.01;55.01;55.01
28.04.2011 18:00;55.15;55.15;55.15;55.15;55.15
28.04.2011 19:00;54.97;54.97;54.97;54.97;54.97
28.04.2011 20:00;55.25;55.25;55.25;55.25;55.25
28.04.2011 21:00;55.39;55.39;55.39;55.39;55.39
28.04.2011 22:00;54.16;54.16;54.16;54.16;54.16
28.04.2011 23:00;49.94;49.94;49.94;49.94;49.94
29.04.2011 00:00;47.91;47.91;47.91;47.91;47.91
29.04.2011 01:00;44.31;44.31;44.31;44.31;44.31
29.04.2011 02:00;42.35;42.35;42.35;42.35;42.35
29.04.2011 03:00;41.21;41.21;41.21;41.21;41.21
29.04.2011 04:00;43.01;43.01;43.01;43.01;43.01
29.04.2011 05:00;48.14;48.14;48.14;48.14;48.14
29.04.2011 06:00;52.67;52.67;52.67;52.67;52.67
29.04.2011 07:00;55.56;55.56;55.56;55.56;55.56
29.04.2011 08:00;56.00;56.00;56.00;56.00;56.00
29.04.2011 09:00;55.79;55.79;55.79;55.79;55.79
29.04.2011 10:00;55.55;55.55;55.55;55.55;55.55
29.04.2011 11:00;54.94;54.94;54.94;54.94;54.94
29.04.2011 12:00;54.69;54.69;54.69;54.69;54.69
29.04.2011 13:00;53.71;53.71;53.71;53.71;53.71
29.04.2011 14:00;52.82;52.82;52.82;52.82;52.82
29.04.2011 15:00;50.84;50.84;50.84;50.84;50.84
29.04.2011 16:00;49.95;49.95;49.95;49.95;49.95
29.04.2011 17:00;50.61;50.61;50.61;50.61;50.61
29.04.2011 18:00;51.83;51.83;51.83;51.83;51.83
29.04.2011 19:00;52.23;52.23;52.23;52.23;52.23
29.04.2011 20:00;52.71;52.71;52.71;52.71;52.71
29.04.2011 21:00;52.85;52.85;52.85;52.85;52.85
29.04.2011 22:00;52.26;52.26;52.26;52.26;52.26
29.04.2011 23:00;48.24;48.24;48.24;48.24;48.24
30.04.2011 00:00;46.60;49.58;49.58;46.60;49.58
30.04.2011 01:00;42.90;47.84;47.84;42.90;47.84
30.04.2011 02:00;42.48;47.42;47.42;42.48;47.42
30.04.2011 03:00;41.70;47.45;47.45;41.70;47.45
30.04.2011 04:00;42.57;47.54;47.54;42.57;47.54
30.04.2011 05:00;42.29;49.01;49.01;42.29;49.01
30.04.2011 06:00;42.43;42.43;42.43;42.43;42.43
30.04.2011 07:00;45.40;45.40;45.40;45.40;45.40
30.04.2011 08:00;49.09;49.09;49.09;49.09;49.09
30.04.2011 09:00;49.48;49.48;49.48;49.48;49.48
30.04.2011 10:00;50.92;50.92;50.92;50.92;50.92
30.04.2011 11:00;49.25;49.25;49.25;49.25;49.25
30.04.2011 12:00;47.72;47.72;47.72;47.72;47.72
30.04.2011 13:00;46.98;46.98;46.98;46.98;46.98
30.04.2011 14:00;45.70;45.70;45.70;45.70;45.70
30.04.2011 15:00;42.96;42.96;42.96;42.96;42.96
30.04.2011 16:00;46.42;46.42;46.42;46.42;46.42
30.04.2011 17:00;47.18;47.18;47.18;47.18;47.18
30.04.2011 18:00;49.96;49.96;49.96;49.96;49.96
30.04.2011 19:00;52.03;52.03;52.03;52.03;52.03
30.04.2011 20:00;50.78;50.78;50.78;50.78;50.78
30.04.2011 21:00;51.33;51.33;51.33;51.33;51.33
30.04.2011 22:00;49.50;49.50;49.50;49.50;49.50
30.04.2011 23:00;47.81;49.16;49.16;47.81;49.16
01.05.2011 00:00;41.91;50.30;50.30;41.91;50.30
01.05.2011 01:00;41.04;48.24;48.24;41.04;48.24
01.05.2011 02:00;38.12;43.59;43.59;38.12;43.59
01.05.2011 03:00;37.32;40.75;40.75;37.32;40.75
01.05.2011 04:00;38.03;43.52;43.52;38.03;43.52
01.05.2011 05:00;36.35;43.56;43.56;36.35;43.56
01.05.2011 06:00;37.46;43.56;43.56;37.46;43.56
01.05.2011 07:00;41.62;48.91;48.91;41.62;48.91
01.05.2011 08:00;46.29;46.29;46.29;46.29;46.29
01.05.2011 09:00;49.01;49.01;49.01;49.01;49.01
01.05.2011 10:00;50.14;50.14;50.14;50.14;50.14
01.05.2011 11:00;46.68;49.80;49.80;46.68;49.80
01.05.2011 12:00;45.83;49.09;49.09;45.83;49.09
01.05.2011 13:00;46.05;47.83;47.83;46.05;47.83
01.05.2011 14:00;44.06;44.83;44.83;44.06;44.83
01.05.2011 15:00;44.46;44.46;44.46;44.46;44.46
01.05.2011 16:00;44.92;44.92;44.92;44.92;44.92
01.05.2011 17:00;49.02;49.02;49.02;49.02;49.02
01.05.2011 18:00;50.86;50.86;50.86;50.86;50.86
01.05.2011 19:00;53.55;53.55;53.55;53.55;53.55
01.05.2011 20:00;53.98;53.98;53.98;53.98;53.98
01.05.2011 21:00;55.68;55.68;55.68;55.68;55.68
01.05.2011 22:00;53.79;53.79;53.79;53.79;53.79
01.05.2011 23:00;49.00;49.00;49.00;49.00;49.00
02.05.2011 00:00;51.97;51.97;51.97;51.97;51.97
02.05.2011 01:00;51.02;51.02;51.02;51.02;51.02
02.05.2011 02:00;50.18;50.18;50.18;50.18;50.18
02.05.2011 03:00;51.38;51.38;51.38;51.38;51.38
02.05.2011 04:00;52.62;52.62;52.62;52.62;52.62
02.05.2011 05:00;55.03;55.03;55.03;55.03;55.03
02.05.2011 06:00;56.70;56.70;56.70;56.70;56.70
02.05.2011 07:00;57.77;57.72;57.72;57.77;57.72
02.05.2011 08:00;59.93;58.28;58.28;59.93;58.28
02.05.2011 09:00;59.91;58.37;58.37;59.91;58.37
02.05.2011 10:00;59.76;58.11;58.11;59.76;58.11
02.05.2011 11:00;59.04;57.85;57.85;59.04;57.85
02.05.2011 12:00;57.93;57.65;57.65;57.93;57.65
02.05.2011 13:00;57.77;57.67;57.67;57.77;57.67
02.05.2011 14:00;57.66;57.66;57.66;57.66;57.66
02.05.2011 15:00;56.95;56.95;56.95;56.95;56.95
02.05.2011 16:00;55.87;55.87;55.87;55.87;55.87
02.05.2011 17:00;56.13;56.13;56.13;56.13;56.13
02.05.2011 18:00;56.60;56.60;56.60;56.60;56.60
02.05.2011 19:00;56.45;56.45;56.45;56.45;56.45
02.05.2011 20:00;56.62;56.62;56.62;56.62;56.62
02.05.2011 21:00;56.79;56.79;56.79;56.79;56.79
02.05.2011 22:00;56.74;56.74;56.74;56.74;56.74
02.05.2011 23:00;54.75;54.75;54.75;54.75;54.75
03.05.2011 00:00;55.90;55.90;55.90;55.90;55.90
03.05.2011 01:00;54.89;54.89;54.89;54.89;54.89
03.05.2011 02:00;53.92;53.92;53.92;53.92;53.92
03.05.2011 03:00;54.00;54.00;54.00;54.00;54.00
03.05.2011 04:00;54.76;54.76;54.76;54.76;54.76
03.05.2011 05:00;56.37;56.37;56.37;56.37;56.37
03.05.2011 06:00;58.38;58.38;58.38;58.38;58.38
03.05.2011 07:00;64.04;59.07;59.07;64.04;59.07
03.05.2011 08:00;68.45;60.04;60.04;68.45;60.04
03.05.2011 09:00;66.94;59.92;59.92;66.94;59.92
03.05.2011 10:00;65.52;58.65;58.65;65.52;58.65
03.05.2011 11:00;64.04;58.63;58.63;64.04;58.63
03.05.2011 12:00;62.76;58.52;58.52;62.76;58.52
03.05.2011 13:00;61.98;58.52;58.52;61.98;58.52
03.05.2011 14:00;61.15;58.41;58.41;61.15;58.41
03.05.2011 15:00;59.80;58.75;58.75;59.80;58.75
03.05.2011 16:00;58.50;58.50;58.50;58.50;58.50
03.05.2011 17:00;58.37;58.37;58.37;58.37;58.37
03.05.2011 18:00;57.98;57.98;57.98;57.98;57.98
03.05.2011 19:00;58.06;58.06;58.06;58.06;58.06
03.05.2011 20:00;58.18;58.18;58.18;58.18;58.18
03.05.2011 21:00;58.41;58.41;58.41;58.41;58.41
03.05.2011 22:00;57.92;57.92;57.92;57.92;57.92
03.05.2011 23:00;56.14;56.14;56.14;56.14;56.14
04.05.2011 00:00;55.91;55.91;55.91;55.91;55.91
04.05.2011 01:00;55.30;55.30;55.30;55.30;55.30
04.05.2011 02:00;54.28;54.28;54.28;54.28;54.28
04.05.2011 03:00;54.78;54.78;54.78;54.78;54.78
04.05.2011 04:00;55.64;55.64;55.64;55.64;55.64
04.05.2011 05:00;56.46;56.46;56.46;56.46;56.46
04.05.2011 06:00;59.33;59.33;59.33;59.33;59.33
04.05.2011 07:00;64.48;61.01;61.01;64.48;61.01
04.05.2011 08:00;69.63;63.19;63.19;69.63;63.19
04.05.2011 09:00;68.55;63.10;63.10;68.55;63.10
04.05.2011 10:00;64.69;60.90;60.90;64.69;60.90
04.05.2011 11:00;65.72;60.39;60.39;65.72;60.39
04.05.2011 12:00;63.26;61.01;61.01;63.26;61.01
04.05.2011 13:00;61.73;60.22;60.22;61.73;60.22
04.05.2011 14:00;60.24;60.24;60.24;60.24;60.24
04.05.2011 15:00;59.64;59.64;59.64;59.64;59.64
04.05.2011 16:00;58.09;58.09;58.09;58.09;58.09
04.05.2011 17:00;59.14;59.14;59.14;59.14;59.14
04.05.2011 18:00;59.02;59.02;59.02;59.02;59.02
04.05.2011 19:00;58.81;58.81;58.81;58.81;58.81
04.05.2011 20:00;58.84;58.84;58.84;58.84;58.84
04.05.2011 21:00;59.19;59.19;59.19;59.19;59.19
04.05.2011 22:00;58.55;58.55;58.55;58.55;58.55
04.05.2011 23:00;56.76;56.27;56.27;56.27;56.27
05.05.2011 00:00;55.65;55.65;55.65;55.65;55.65
05.05.2011 01:00;55.10;55.10;55.10;55.10;55.10
05.05.2011 02:00;54.55;54.55;54.55;54.55;54.55
05.05.2011 03:00;54.49;54.49;54.49;54.49;54.49
05.05.2011 04:00;55.00;55.00;55.00;55.00;55.00
05.05.2011 05:00;56.93;56.93;56.93;56.93;56.93
05.05.2011 06:00;60.17;59.93;59.93;60.17;59.93
05.05.2011 07:00;65.63;61.85;61.85;65.63;61.85
05.05.2011 08:00;70.03;63.67;63.67;70.03;63.67
05.05.2011 09:00;68.43;63.30;63.30;68.43;63.30
05.05.2011 10:00;67.58;61.53;61.53;67.58;61.53
05.05.2011 11:00;64.49;61.57;61.57;64.49;61.57
05.05.2011 12:00;63.11;61.30;61.30;63.11;61.30
05.05.2011 13:00;63.05;61.07;61.07;63.05;61.07
05.05.2011 14:00;61.82;61.41;61.41;61.82;61.41
05.05.2011 15:00;60.61;60.61;60.61;60.61;60.61
05.05.2011 16:00;59.62;59.62;59.62;59.62;59.62
05.05.2011 17:00;60.52;60.52;60.52;60.52;60.52
05.05.2011 18:00;60.03;60.03;60.03;60.03;60.03
05.05.2011 19:00;59.77;59.77;59.77;59.77;59.77
05.05.2011 20:00;59.90;59.90;59.90;59.90;59.90
05.05.2011 21:00;60.24;60.24;60.24;60.24;60.24
05.05.2011 22:00;59.66;59.66;59.66;59.66;59.66
05.05.2011 23:00;56.85;56.85;56.85;56.85;56.85
06.05.2011 00:00;55.52;55.52;55.52;55.52;55.52
06.05.2011 01:00;54.86;54.81;54.81;54.81;54.81
06.05.2011 02:00;54.62;54.57;54.57;54.57;54.57
06.05.2011 03:00;54.58;54.58;54.58;54.58;54.58
06.05.2011 04:00;54.88;54.88;54.88;54.88;54.88
06.05.2011 05:00;55.79;55.79;55.79;55.79;55.79
06.05.2011 06:00;58.85;58.85;58.85;58.85;58.85
06.05.2011 07:00;61.63;61.63;61.63;61.63;61.63
06.05.2011 08:00;63.78;63.78;63.78;63.78;63.78
06.05.2011 09:00;63.20;63.20;63.20;63.20;63.20
06.05.2011 10:00;62.96;62.96;62.96;62.96;62.96
06.05.2011 11:00;62.96;62.96;62.96;62.96;62.96
06.05.2011 12:00;61.94;61.94;61.94;61.94;61.94
06.05.2011 13:00;59.54;59.54;59.54;59.54;59.54
06.05.2011 14:00;58.00;58.00;58.00;58.00;58.00
06.05.2011 15:00;56.79;56.79;56.79;56.79;56.79
06.05.2011 16:00;56.61;56.61;56.61;56.61;56.61
06.05.2011 17:00;57.86;57.86;57.86;57.86;57.86
06.05.2011 18:00;58.61;58.61;58.61;58.61;58.61
06.05.2011 19:00;58.05;58.05;58.05;58.05;58.05
06.05.2011 20:00;58.25;58.25;58.25;58.25;58.25
06.05.2011 21:00;58.74;58.74;58.74;58.74;58.74
06.05.2011 22:00;56.92;56.92;56.92;56.92;56.92
06.05.2011 23:00;55.07;54.55;54.55;54.55;54.55
07.05.2011 00:00;56.73;56.73;56.73;56.73;56.73
07.05.2011 01:00;54.54;54.59;54.59;54.54;54.59
07.05.2011 02:00;53.44;54.50;54.50;53.44;54.50
07.05.2011 03:00;52.78;54.37;54.37;52.78;54.37
07.05.2011 04:00;52.52;54.35;54.35;52.52;54.35
07.05.2011 05:00;52.20;54.31;54.31;51.20;54.31
07.05.2011 06:00;52.32;54.14;54.14;52.32;54.14
07.05.2011 07:00;54.42;54.42;54.42;54.42;54.42
07.05.2011 08:00;54.89;54.89;54.89;54.89;54.89
07.05.2011 09:00;56.98;56.98;56.98;56.98;56.98
07.05.2011 10:00;57.14;57.14;57.14;57.14;57.14
07.05.2011 11:00;57.48;57.48;57.48;57.48;57.48
07.05.2011 12:00;56.71;56.71;56.71;56.71;56.71
07.05.2011 13:00;54.51;54.51;54.51;54.51;54.51
07.05.2011 14:00;53.08;54.03;54.03;53.08;54.03
07.05.2011 15:00;52.51;54.13;54.13;52.51;54.13
07.05.2011 16:00;52.53;54.13;54.13;52.53;54.13
07.05.2011 17:00;53.51;54.10;54.10;53.51;54.10
07.05.2011 18:00;54.81;54.81;54.81;54.81;54.81
07.05.2011 19:00;55.20;55.20;55.20;55.20;55.20
07.05.2011 20:00;55.80;55.80;55.80;55.80;55.80
07.05.2011 21:00;55.93;55.93;55.93;55.93;55.93
07.05.2011 22:00;54.97;54.97;54.97;54.97;54.97
07.05.2011 23:00;52.22;54.16;54.16;50.65;54.16
08.05.2011 00:00;54.00;54.65;54.65;52.73;54.65
08.05.2011 01:00;51.82;54.41;54.41;51.71;54.41
08.05.2011 02:00;51.74;54.31;54.31;51.42;54.31
08.05.2011 03:00;51.59;54.24;54.24;51.59;54.24
08.05.2011 04:00;51.48;54.16;54.16;51.23;54.16
08.05.2011 05:00;51.47;54.18;54.18;49.95;54.18
08.05.2011 06:00;51.50;54.30;54.30;49.77;54.30
08.05.2011 07:00;51.61;53.49;53.49;51.35;53.49
08.05.2011 08:00;51.82;53.52;53.52;50.63;53.52
08.05.2011 09:00;51.94;54.15;54.15;51.94;54.15
08.05.2011 10:00;52.47;54.38;54.38;52.47;54.38
08.05.2011 11:00;52.42;54.40;54.40;52.42;54.40
08.05.2011 12:00;51.63;54.51;54.51;51.63;54.51
08.05.2011 13:00;51.03;54.44;54.44;49.15;54.44
08.05.2011 14:00;51.06;54.54;54.54;48.67;54.54
08.05.2011 15:00;50.55;54.51;54.51;47.51;54.51
08.05.2011 16:00;50.63;54.48;54.48;47.94;54.48
08.05.2011 17:00;49.26;54.45;54.45;49.26;54.45
08.05.2011 18:00;51.33;54.44;54.44;51.33;54.44
08.05.2011 19:00;54.62;54.62;54.62;54.62;54.62
08.05.2011 20:00;54.97;54.97;54.97;54.97;54.97
08.05.2011 21:00;55.88;55.88;55.88;55.88;55.88
08.05.2011 22:00;55.79;55.79;55.79;55.79;55.79
08.05.2011 23:00;54.88;54.88;54.88;54.88;54.88
09.05.2011 00:00;51.85;54.26;54.26;50.65;54.26
09.05.2011 01:00;51.51;53.47;53.47;49.30;53.47
09.05.2011 02:00;51.35;53.43;53.43;49.23;53.43
09.05.2011 03:00;51.31;53.42;53.42;49.90;53.42
09.05.2011 04:00;51.27;53.45;53.45;51.23;53.45
09.05.2011 05:00;54.48;54.48;54.48;54.48;54.48
09.05.2011 06:00;57.09;57.09;57.09;57.09;57.09
09.05.2011 07:00;58.32;58.32;58.32;58.32;58.32
09.05.2011 08:00;59.01;59.01;59.01;59.01;59.01
09.05.2011 09:00;59.08;59.08;59.08;59.08;59.08
09.05.2011 10:00;58.74;58.74;58.74;58.74;58.74
09.05.2011 11:00;58.27;58.27;58.27;58.27;58.27
09.05.2011 12:00;57.74;57.74;57.74;57.74;57.74
09.05.2011 13:00;57.61;57.61;57.61;57.61;57.61
09.05.2011 14:00;57.73;57.73;57.73;57.73;57.73
09.05.2011 15:00;57.32;57.32;57.32;57.32;57.32
09.05.2011 16:00;56.60;56.60;56.60;56.60;56.60
09.05.2011 17:00;56.70;56.70;56.70;56.70;56.70
09.05.2011 18:00;56.37;56.37;56.37;56.37;56.37
09.05.2011 19:00;56.06;56.06;56.06;56.06;56.06
09.05.2011 20:00;56.64;56.64;56.64;56.64;56.64
09.05.2011 21:00;56.80;56.80;56.80;56.80;56.80
09.05.2011 22:00;56.62;56.62;56.62;56.62;56.62
09.05.2011 23:00;54.28;54.28;54.28;54.28;54.28
10.05.2011 00:00;54.10;54.10;54.10;54.10;54.10
10.05.2011 01:00;52.93;52.93;52.93;52.93;52.93
10.05.2011 02:00;52.50;52.50;52.50;52.50;52.50
10.05.2011 03:00;52.45;52.45;52.45;52.45;52.45
10.05.2011 04:00;52.55;52.55;52.55;52.55;52.55
10.05.2011 05:00;54.43;54.43;54.43;54.43;54.43
10.05.2011 06:00;55.45;55.45;55.45;55.45;55.45
10.05.2011 07:00;57.58;57.58;57.58;57.58;57.58
10.05.2011 08:00;58.56;58.56;58.56;58.56;58.56
10.05.2011 09:00;58.50;58.50;58.50;58.50;58.50
10.05.2011 10:00;58.19;58.19;58.19;58.19;58.19
10.05.2011 11:00;58.22;58.22;58.22;58.22;58.22
10.05.2011 12:00;58.17;58.17;58.17;58.17;58.17
10.05.2011 13:00;58.11;58.11;58.11;58.11;58.11
10.05.2011 14:00;57.73;57.73;57.73;57.73;57.73
10.05.2011 15:00;57.07;57.07;57.07;57.07;57.07
10.05.2011 16:00;56.98;56.98;56.98;56.98;56.98
10.05.2011 17:00;57.19;57.19;57.19;57.19;57.19
10.05.2011 18:00;57.01;57.01;57.01;57.01;57.01
10.05.2011 19:00;56.74;56.74;56.74;56.74;56.74
10.05.2011 20:00;57.08;57.08;57.08;57.08;57.08
10.05.2011 21:00;57.29;57.29;57.29;57.29;57.29
10.05.2011 22:00;57.17;57.17;57.17;57.17;57.17
10.05.2011 23:00;55.03;55.03;55.03;55.03;55.03
11.05.2011 00:00;55.02;55.02;55.02;55.02;55.02
11.05.2011 01:00;54.45;54.45;54.45;54.45;54.45
11.05.2011 02:00;54.06;54.06;54.06;54.06;54.06
11.05.2011 03:00;54.06;54.06;54.06;54.06;54.06
11.05.2011 04:00;54.40;54.40;54.40;54.40;54.40
11.05.2011 05:00;55.37;55.37;55.37;55.37;55.37
11.05.2011 06:00;56.95;56.95;56.95;56.95;56.95
11.05.2011 07:00;58.36;58.36;58.36;58.36;58.36
11.05.2011 08:00;60.91;60.91;60.91;60.91;60.91
11.05.2011 09:00;61.47;61.47;61.47;61.47;61.47
11.05.2011 10:00;60.94;60.94;60.94;60.94;60.94
11.05.2011 11:00;60.09;60.09;60.09;60.09;60.09
11.05.2011 12:00;59.60;59.60;59.60;59.60;59.60
11.05.2011 13:00;59.90;59.90;59.90;59.90;59.90
11.05.2011 14:00;58.55;58.55;58.55;58.55;58.55
11.05.2011 15:00;58.77;58.77;58.77;58.77;58.77
11.05.2011 16:00;58.08;58.08;58.08;58.08;58.08
11.05.2011 17:00;58.51;58.51;58.51;58.51;58.51
11.05.2011 18:00;57.87;57.87;57.87;57.87;57.87
11.05.2011 19:00;57.63;57.63;57.63;57.63;57.63
11.05.2011 20:00;57.01;57.01;57.01;57.01;57.01
11.05.2011 21:00;57.01;57.01;57.01;57.01;57.01
11.05.2011 22:00;56.71;56.71;56.71;56.71;56.71
11.05.2011 23:00;55.70;55.70;55.70;55.70;55.70
12.05.2011 00:00;56.27;56.27;56.27;56.27;56.27
12.05.2011 01:00;55.51;55.51;55.51;55.51;55.51
12.05.2011 02:00;55.33;55.33;55.33;55.33;55.33
12.05.2011 03:00;55.28;55.28;55.28;55.28;55.28
12.05.2011 04:00;55.44;55.44;55.44;55.44;55.44
12.05.2011 05:00;56.27;56.27;56.27;56.27;56.27
12.05.2011 06:00;57.59;57.59;57.59;57.59;57.59
12.05.2011 07:00;59.16;59.16;59.16;59.16;59.16
12.05.2011 08:00;61.09;59.53;59.53;61.09;59.53
12.05.2011 09:00;60.42;59.46;59.46;60.42;59.46
12.05.2011 10:00;61.15;59.21;59.21;61.15;59.21
12.05.2011 11:00;60.79;59.11;59.11;60.79;59.11
12.05.2011 12:00;60.07;58.87;58.87;60.07;58.87
12.05.2011 13:00;61.10;58.69;58.69;61.10;58.69
12.05.2011 14:00;59.06;58.65;58.65;59.06;58.65
12.05.2011 15:00;58.89;58.89;58.89;58.89;58.89
12.05.2011 16:00;58.70;58.70;58.70;58.70;58.70
12.05.2011 17:00;58.18;58.18;58.18;58.18;58.18
12.05.2011 18:00;57.80;57.80;57.80;57.80;57.80
12.05.2011 19:00;57.41;57.41;57.41;57.41;57.41
12.05.2011 20:00;57.38;57.38;57.38;57.38;57.38
12.05.2011 21:00;57.67;57.67;57.67;57.67;57.67
12.05.2011 22:00;56.90;56.90;56.90;56.90;56.90
12.05.2011 23:00;55.93;55.93;55.93;55.93;55.93
13.05.2011 00:00;55.32;55.32;55.32;55.32;55.32
13.05.2011 01:00;54.47;54.47;54.47;54.47;54.47
13.05.2011 02:00;54.07;54.07;54.07;54.07;54.07
13.05.2011 03:00;53.80;53.80;53.80;53.80;53.80
13.05.2011 04:00;54.06;54.06;54.06;54.06;54.06
13.05.2011 05:00;55.34;55.34;55.34;55.34;55.34
13.05.2011 06:00;56.32;56.32;56.32;56.32;56.32
13.05.2011 07:00;58.16;58.16;58.16;58.16;58.16
13.05.2011 08:00;58.67;58.67;58.67;58.67;58.67
13.05.2011 09:00;58.63;58.63;58.63;58.63;58.63
13.05.2011 10:00;58.44;58.44;58.44;58.44;58.44
13.05.2011 11:00;58.31;58.31;58.31;58.31;58.31
13.05.2011 12:00;57.85;57.85;57.85;57.85;57.85
13.05.2011 13:00;57.61;57.61;57.61;57.61;57.61
13.05.2011 14:00;57.09;57.09;57.09;57.09;57.09
13.05.2011 15:00;56.52;56.52;56.52;56.52;56.52
13.05.2011 16:00;56.66;56.66;56.66;56.66;56.66
13.05.2011 17:00;56.73;56.73;56.73;56.73;56.73
13.05.2011 18:00;56.61;56.61;56.61;56.61;56.61
13.05.2011 19:00;56.39;56.39;56.39;56.39;56.39
13.05.2011 20:00;56.42;56.42;56.42;56.42;56.42
13.05.2011 21:00;56.62;56.62;56.62;56.62;56.62
13.05.2011 22:00;56.99;56.99;56.99;56.99;56.99
13.05.2011 23:00;55.98;55.98;55.98;55.98;55.98
14.05.2011 00:00;55.39;55.39;55.39;55.39;55.39
14.05.2011 01:00;54.08;54.08;54.08;54.08;54.08
14.05.2011 02:00;53.66;53.66;53.66;53.66;53.66
14.05.2011 03:00;53.08;53.08;53.08;53.08;53.08
14.05.2011 04:00;52.96;52.96;52.96;52.96;52.96
14.05.2011 05:00;53.31;53.31;53.31;53.31;53.31
14.05.2011 06:00;54.03;54.03;54.03;54.03;54.03
14.05.2011 07:00;54.54;54.54;54.54;54.54;54.54
14.05.2011 08:00;55.85;55.85;55.85;55.85;55.85
14.05.2011 09:00;57.09;57.09;57.09;57.09;57.09
14.05.2011 10:00;58.04;58.04;58.04;58.04;58.04
14.05.2011 11:00;57.92;57.92;57.92;57.92;57.92
14.05.2011 12:00;57.51;57.51;57.51;57.51;57.51
14.05.2011 13:00;56.06;56.06;56.06;56.06;56.06
14.05.2011 14:00;54.96;54.96;54.96;54.96;54.96
14.05.2011 15:00;54.82;54.82;54.82;54.82;54.82
14.05.2011 16:00;54.97;54.97;54.97;54.97;54.97
14.05.2011 17:00;55.44;55.44;55.44;55.44;55.44
14.05.2011 18:00;55.69;55.69;55.69;55.69;55.69
14.05.2011 19:00;56.25;56.25;56.25;56.25;56.25
14.05.2011 20:00;55.93;55.93;55.93;55.93;55.93
14.05.2011 21:00;56.06;56.06;56.06;56.06;56.06
14.05.2011 22:00;57.25;57.25;57.25;57.25;57.25
14.05.2011 23:00;55.54;55.54;55.54;55.54;55.54
15.05.2011 00:00;55.45;55.45;55.45;55.45;55.45
15.05.2011 01:00;54.01;54.01;54.01;54.01;54.01
15.05.2011 02:00;53.27;53.27;53.27;53.27;53.27
15.05.2011 03:00;52.90;52.90;52.90;52.90;52.90
15.05.2011 04:00;51.95;51.95;51.95;51.95;51.95
15.05.2011 05:00;50.74;50.74;50.74;50.74;50.74
15.05.2011 06:00;51.42;51.42;51.42;51.42;51.42
15.05.2011 07:00;52.96;52.96;52.96;52.96;52.96
15.05.2011 08:00;54.20;54.20;54.20;54.20;54.20
15.05.2011 09:00;54.22;54.22;54.22;54.22;54.22
15.05.2011 10:00;54.48;54.48;54.48;54.48;54.48
15.05.2011 11:00;54.72;54.72;54.72;54.72;54.72
15.05.2011 12:00;54.99;54.99;54.99;54.99;54.99
15.05.2011 13:00;54.24;54.24;54.24;54.24;54.24
15.05.2011 14:00;54.08;54.08;54.08;54.08;54.08
15.05.2011 15:00;53.92;53.92;53.92;53.92;53.92
15.05.2011 16:00;53.75;53.75;53.75;53.75;53.75
15.05.2011 17:00;54.07;54.07;54.07;54.07;54.07
15.05.2011 18:00;54.07;54.07;54.07;54.07;54.07
15.05.2011 19:00;54.40;54.40;54.40;54.40;54.40
15.05.2011 20:00;55.53;55.53;55.53;55.53;55.53
15.05.2011 21:00;56.29;56.29;56.29;56.29;56.29
15.05.2011 22:00;56.66;56.66;56.66;56.66;56.66
15.05.2011 23:00;54.72;54.72;54.72;54.72;54.72
16.05.2011 00:00;51.98;53.31;53.31;51.98;53.31
16.05.2011 01:00;49.26;52.64;52.64;49.26;52.64
16.05.2011 02:00;48.78;51.09;51.09;48.78;51.09
16.05.2011 03:00;48.84;51.08;51.08;48.84;51.08
16.05.2011 04:00;49.36;51.10;51.10;49.36;51.10
16.05.2011 05:00;53.69;53.69;53.69;53.69;53.69
16.05.2011 06:00;55.80;55.80;55.80;55.80;55.80
16.05.2011 07:00;57.30;57.30;57.30;57.30;57.30
16.05.2011 08:00;58.17;58.17;58.17;58.17;58.17
16.05.2011 09:00;58.29;58.29;58.29;58.29;58.29
16.05.2011 10:00;58.28;58.28;58.28;58.28;58.28
16.05.2011 11:00;58.23;58.23;58.23;58.23;58.23
16.05.2011 12:00;58.14;58.14;58.14;58.14;58.14
16.05.2011 13:00;57.66;57.66;57.66;57.66;57.66
16.05.2011 14:00;57.77;57.77;57.77;57.77;57.77
16.05.2011 15:00;57.41;57.41;57.41;57.41;57.41
16.05.2011 16:00;56.39;56.39;56.39;56.39;56.39
16.05.2011 17:00;56.37;56.37;56.37;56.37;56.37
16.05.2011 18:00;56.73;56.73;56.73;56.73;56.73
16.05.2011 19:00;56.70;56.70;56.70;56.70;56.70
16.05.2011 20:00;56.46;56.46;56.46;56.46;56.46
16.05.2011 21:00;56.30;56.30;56.30;56.30;56.30
16.05.2011 22:00;56.26;56.26;56.26;56.26;56.26
16.05.2011 23:00;54.07;54.07;54.07;54.07;54.07
17.05.2011 00:00;52.65;53.01;53.01;52.65;53.01
17.05.2011 01:00;50.78;52.50;52.50;50.78;52.50
17.05.2011 02:00;49.60;52.08;52.08;49.60;52.08
17.05.2011 03:00;49.21;52.04;52.04;49.21;52.04
17.05.2011 04:00;49.51;50.95;50.95;49.51;50.95
17.05.2011 05:00;52.01;52.01;52.01;52.01;52.01
17.05.2011 06:00;53.72;53.72;53.72;53.72;53.72
17.05.2011 07:00;55.52;55.52;55.52;55.52;55.52
17.05.2011 08:00;55.80;55.80;55.80;55.80;55.80
17.05.2011 09:00;55.93;55.93;55.93;55.93;55.93
17.05.2011 10:00;55.83;55.83;55.83;55.83;55.83
17.05.2011 11:00;55.77;55.77;55.77;55.77;55.77
17.05.2011 12:00;55.65;55.65;55.65;55.65;55.65
17.05.2011 13:00;55.48;55.48;55.48;55.48;55.48
17.05.2011 14:00;54.97;54.97;54.97;54.97;54.97
17.05.2011 15:00;54.78;54.78;54.78;54.78;54.78
17.05.2011 16:00;54.76;54.76;54.76;54.76;54.76
17.05.2011 17:00;54.85;54.85;54.85;54.85;54.85
17.05.2011 18:00;54.99;54.99;54.99;54.99;54.99
17.05.2011 19:00;54.89;54.89;54.89;54.89;54.89
17.05.2011 20:00;54.71;54.71;54.71;54.71;54.71
17.05.2011 21:00;54.97;54.97;54.97;54.97;54.97
17.05.2011 22:00;55.42;55.42;55.42;55.42;55.42
17.05.2011 23:00;54.26;54.26;54.26;54.26;54.26
18.05.2011 00:00;51.30;54.22;54.22;51.30;54.22
18.05.2011 01:00;49.80;53.32;53.32;49.80;53.32
18.05.2011 02:00;48.68;53.04;53.04;48.68;53.04
18.05.2011 03:00;48.37;52.91;52.91;48.37;52.91
18.05.2011 04:00;48.74;52.92;52.92;48.74;52.92
18.05.2011 05:00;52.25;52.58;52.58;52.25;52.58
18.05.2011 06:00;55.25;55.25;55.25;55.25;55.25
18.05.2011 07:00;56.02;56.02;56.02;56.02;56.02
18.05.2011 08:00;57.11;57.11;57.11;57.11;57.11
18.05.2011 09:00;57.79;57.10;57.10;57.79;57.10
18.05.2011 10:00;58.09;57.03;57.03;58.09;57.03
18.05.2011 11:00;59.08;56.68;56.68;59.08;56.68
18.05.2011 12:00;60.04;55.99;55.99;60.04;55.99
18.05.2011 13:00;58.35;56.41;56.41;58.35;56.41
18.05.2011 14:00;56.40;56.39;56.39;56.40;56.39
18.05.2011 15:00;55.80;55.80;55.80;55.80;55.80
18.05.2011 16:00;55.60;55.60;55.60;55.60;55.60
18.05.2011 17:00;55.62;55.62;55.62;55.62;55.62
18.05.2011 18:00;55.51;55.51;55.51;55.51;55.51
18.05.2011 19:00;55.41;55.41;55.41;55.41;55.41
18.05.2011 20:00;55.40;55.40;55.40;55.40;55.40
18.05.2011 21:00;55.51;55.51;55.51;55.51;55.51
18.05.2011 22:00;55.65;55.65;55.65;55.65;55.65
18.05.2011 23:00;53.72;53.72;53.72;53.72;53.72
19.05.2011 00:00;49.96;52.61;52.61;49.96;52.61
19.05.2011 01:00;47.90;52.16;52.16;47.90;52.16
19.05.2011 02:00;47.76;51.38;51.38;47.76;51.38
19.05.2011 03:00;47.54;51.38;51.38;47.54;51.38
19.05.2011 04:00;47.75;51.01;51.01;47.75;51.01
19.05.2011 05:00;51.29;51.29;51.29;51.29;51.29
19.05.2011 06:00;54.20;54.20;54.20;54.20;54.20
19.05.2011 07:00;55.65;55.65;55.65;55.65;55.65
19.05.2011 08:00;56.06;56.06;56.06;56.06;56.06
19.05.2011 09:00;56.30;56.30;56.30;56.30;56.30
19.05.2011 10:00;56.06;56.06;56.06;56.06;56.06
19.05.2011 11:00;55.80;55.80;55.80;55.80;55.80
19.05.2011 12:00;55.76;55.76;55.76;55.76;55.76
19.05.2011 13:00;55.53;55.53;55.53;55.53;55.53
19.05.2011 14:00;55.15;55.15;55.15;55.15;55.15
19.05.2011 15:00;54.79;54.79;54.79;54.79;54.79
19.05.2011 16:00;54.45;54.45;54.45;54.45;54.45
19.05.2011 17:00;54.44;54.44;54.44;54.44;54.44
19.05.2011 18:00;54.44;54.44;54.44;54.44;54.44
19.05.2011 19:00;54.43;54.43;54.43;54.43;54.43
19.05.2011 20:00;54.43;54.43;54.43;54.43;54.43
19.05.2011 21:00;54.60;54.60;54.60;54.60;54.60
19.05.2011 22:00;54.92;54.92;54.92;54.92;54.92
19.05.2011 23:00;53.76;53.76;53.76;53.76;53.76
20.05.2011 00:00;53.35;53.35;53.35;53.35;53.35
20.05.2011 01:00;52.23;52.23;52.23;52.23;52.23
20.05.2011 02:00;51.41;51.48;51.48;51.41;51.48
20.05.2011 03:00;51.21;51.45;51.45;51.21;51.45
20.05.2011 04:00;51.48;51.48;51.48;51.48;51.48
20.05.2011 05:00;52.34;52.34;52.34;52.34;52.34
20.05.2011 06:00;54.38;54.38;54.38;54.38;54.38
20.05.2011 07:00;55.25;55.25;55.25;55.25;55.25
20.05.2011 08:00;55.90;55.90;55.90;55.90;55.90
20.05.2011 09:00;56.22;56.22;56.22;56.22;56.22
20.05.2011 10:00;56.09;56.09;56.09;56.09;56.09
20.05.2011 11:00;55.66;55.66;55.66;55.66;55.66
20.05.2011 12:00;55.21;55.21;55.21;55.21;55.21
20.05.2011 13:00;54.98;54.98;54.98;54.98;54.98
20.05.2011 14:00;54.03;54.03;54.03;54.03;54.03
20.05.2011 15:00;53.68;53.68;53.68;53.68;53.68
20.05.2011 16:00;53.66;53.66;53.66;53.66;53.66
20.05.2011 17:00;53.76;53.76;53.76;53.76;53.76
20.05.2011 18:00;53.68;53.68;53.68;53.68;53.68
20.05.2011 19:00;53.74;53.74;53.74;53.74;53.74
20.05.2011 20:00;53.17;53.66;53.66;53.17;53.66
20.05.2011 21:00;53.18;53.72;53.72;53.18;53.72
20.05.2011 22:00;53.92;53.92;53.92;53.92;53.92
20.05.2011 23:00;53.41;53.41;53.41;53.41;53.41
21.05.2011 00:00;53.82;53.82;53.82;53.82;53.82
21.05.2011 01:00;52.29;52.39;52.39;52.29;52.39
21.05.2011 02:00;49.98;51.88;51.88;49.98;51.88
21.05.2011 03:00;49.51;51.45;51.45;49.51;51.45
21.05.2011 04:00;48.38;51.44;51.44;48.38;51.44
21.05.2011 05:00;47.90;51.00;51.00;47.90;51.00
21.05.2011 06:00;52.03;52.03;52.03;52.03;52.03
21.05.2011 07:00;52.62;52.62;52.62;52.62;52.62
21.05.2011 08:00;53.23;53.23;53.23;53.23;53.23
21.05.2011 09:00;54.32;54.32;54.32;54.32;54.32
21.05.2011 10:00;54.68;54.68;54.68;54.68;54.68
21.05.2011 11:00;54.54;54.54;54.54;54.54;54.54
21.05.2011 12:00;54.32;54.32;54.32;54.32;54.32
21.05.2011 13:00;53.48;53.48;53.48;53.48;53.48
21.05.2011 14:00;52.73;52.73;52.73;52.73;52.73
21.05.2011 15:00;52.78;52.78;52.78;52.78;52.78
21.05.2011 16:00;52.69;52.69;52.69;52.69;52.69
21.05.2011 17:00;53.80;53.80;53.80;53.80;53.80
21.05.2011 18:00;54.60;54.60;54.60;54.60;54.60
21.05.2011 19:00;54.68;54.68;54.68;54.68;54.68
21.05.2011 20:00;54.59;54.59;54.59;54.59;54.59
21.05.2011 21:00;54.56;54.56;54.56;54.56;54.56
21.05.2011 22:00;54.96;54.96;54.96;54.96;54.96
21.05.2011 23:00;53.96;53.96;53.96;53.96;53.96
22.05.2011 00:00;54.16;54.16;54.16;54.16;54.16
22.05.2011 01:00;53.18;53.18;53.18;53.18;53.18
22.05.2011 02:00;52.50;52.51;52.51;52.50;52.51
22.05.2011 03:00;51.03;52.39;52.39;51.03;52.39
22.05.2011 04:00;48.39;52.11;52.11;48.39;52.11
22.05.2011 05:00;48.08;51.71;51.71;48.08;51.71
22.05.2011 06:00;48.34;52.21;52.21;48.34;52.21
22.05.2011 07:00;49.82;51.40;51.40;49.82;51.40
22.05.2011 08:00;51.46;51.46;51.46;51.46;51.46
22.05.2011 09:00;52.53;52.53;52.53;52.53;52.53
22.05.2011 10:00;53.06;53.06;53.06;53.06;53.06
22.05.2011 11:00;54.02;54.02;54.02;54.02;54.02
22.05.2011 12:00;54.22;54.22;54.22;54.22;54.22
22.05.2011 13:00;52.95;52.95;52.95;52.95;52.95
22.05.2011 14:00;52.56;52.56;52.56;52.56;52.56
22.05.2011 15:00;52.46;52.57;52.57;52.46;52.57
22.05.2011 16:00;52.42;52.54;52.54;52.42;52.54
22.05.2011 17:00;52.61;52.61;52.61;52.61;52.61
22.05.2011 18:00;52.91;52.91;52.91;52.91;52.91
22.05.2011 19:00;53.63;53.63;53.63;53.63;53.63
22.05.2011 20:00;53.28;53.28;53.28;53.28;53.28
22.05.2011 21:00;54.84;54.84;54.84;54.84;54.84
22.05.2011 22:00;55.32;55.32;55.32;55.32;55.32
22.05.2011 23:00;53.28;53.28;53.28;53.28;53.28
23.05.2011 00:00;48.62;51.72;51.72;48.62;51.72
23.05.2011 01:00;47.73;50.92;50.92;47.73;50.92
23.05.2011 02:00;46.24;50.66;50.66;46.24;50.66
23.05.2011 03:00;45.26;50.68;50.68;45.26;50.68
23.05.2011 04:00;44.77;50.74;50.74;44.77;50.74
23.05.2011 05:00;51.01;51.41;51.41;51.01;51.41
23.05.2011 06:00;54.78;54.78;54.78;54.78;54.78
23.05.2011 07:00;56.32;56.32;56.32;56.32;56.32
23.05.2011 08:00;56.59;56.59;56.59;56.59;56.59
23.05.2011 09:00;56.49;56.49;56.49;56.49;56.49
23.05.2011 10:00;56.47;56.47;56.47;56.47;56.47
23.05.2011 11:00;56.09;56.09;56.09;56.09;56.09
23.05.2011 12:00;55.85;55.85;55.85;55.85;55.85
23.05.2011 13:00;55.65;55.65;55.65;55.65;55.65
23.05.2011 14:00;54.95;54.95;54.95;54.95;54.95
23.05.2011 15:00;54.61;54.61;54.61;54.61;54.61
23.05.2011 16:00;54.44;54.44;54.44;54.44;54.44
23.05.2011 17:00;54.52;54.52;54.52;54.52;54.52
23.05.2011 18:00;54.38;54.38;54.38;54.38;54.38
23.05.2011 19:00;54.16;54.16;54.16;54.16;54.16
23.05.2011 20:00;53.66;53.66;53.66;53.66;53.66
23.05.2011 21:00;53.68;53.68;53.68;53.68;53.68
23.05.2011 22:00;53.58;53.58;53.58;53.58;53.58
23.05.2011 23:00;50.66;50.66;50.66;50.66;50.66
24.05.2011 00:00;45.00;50.99;50.99;45.00;50.99
24.05.2011 01:00;44.56;49.36;49.36;44.56;49.36
24.05.2011 02:00;43.50;48.44;48.44;43.50;48.44
24.05.2011 03:00;42.53;48.25;48.25;42.53;48.25
24.05.2011 04:00;44.61;48.17;48.17;44.61;48.17
24.05.2011 05:00;47.49;49.63;49.63;47.49;49.63
24.05.2011 06:00;52.80;52.80;52.80;52.80;52.80
24.05.2011 07:00;55.12;55.12;55.12;55.12;55.12
24.05.2011 08:00;55.65;55.65;55.65;55.65;55.65
24.05.2011 09:00;55.54;55.54;55.54;55.54;55.54
24.05.2011 10:00;55.24;55.24;55.24;55.24;55.24
24.05.2011 11:00;55.21;55.21;55.21;55.21;55.21
24.05.2011 12:00;55.21;55.21;55.21;55.21;55.21
24.05.2011 13:00;55.33;55.33;55.33;55.33;55.33
24.05.2011 14:00;54.53;54.53;54.53;54.53;54.53
24.05.2011 15:00;53.71;53.71;53.71;53.71;53.71
24.05.2011 16:00;53.63;53.63;53.63;53.63;53.63
24.05.2011 17:00;53.88;53.88;53.88;53.88;53.88
24.05.2011 18:00;53.94;53.94;53.94;53.94;53.94
24.05.2011 19:00;53.65;53.65;53.65;53.65;53.65
24.05.2011 20:00;53.35;53.35;53.35;53.35;53.35
24.05.2011 21:00;53.60;53.60;53.60;53.60;53.60
24.05.2011 22:00;53.55;53.55;53.55;53.55;53.55
24.05.2011 23:00;50.90;50.90;50.90;50.90;50.90
25.05.2011 00:00;50.43;50.43;50.43;50.43;50.43
25.05.2011 01:00;48.00;48.00;48.00;48.00;48.00
25.05.2011 02:00;45.64;45.64;45.64;45.64;45.64
25.05.2011 03:00;45.10;45.10;45.10;45.10;45.10
25.05.2011 04:00;46.60;46.60;46.60;46.60;46.60
25.05.2011 05:00;49.42;49.42;49.42;49.42;49.42
25.05.2011 06:00;53.28;53.28;53.28;53.28;53.28
25.05.2011 07:00;54.95;54.95;54.95;54.95;54.95
25.05.2011 08:00;55.63;55.63;55.63;55.63;55.63
25.05.2011 09:00;55.46;55.46;55.46;55.46;55.46
25.05.2011 10:00;55.47;55.47;55.47;55.47;55.47
25.05.2011 11:00;55.24;55.24;55.24;55.24;55.24
25.05.2011 12:00;55.19;55.19;55.19;55.19;55.19
25.05.2011 13:00;55.27;55.27;55.27;55.27;55.27
25.05.2011 14:00;55.12;55.12;55.12;55.12;55.12
25.05.2011 15:00;55.10;55.10;55.10;55.10;55.10
25.05.2011 16:00;54.80;54.80;54.80;54.80;54.80
25.05.2011 17:00;54.96;54.96;54.96;54.96;54.96
25.05.2011 18:00;55.05;55.05;55.05;55.05;55.05
25.05.2011 19:00;55.09;55.09;55.09;55.09;55.09
25.05.2011 20:00;55.03;55.03;55.03;55.03;55.03
25.05.2011 21:00;55.15;55.15;55.15;55.15;55.15
25.05.2011 22:00;55.60;55.60;55.60;55.60;55.60
25.05.2011 23:00;53.19;53.19;53.19;53.19;53.19
26.05.2011 00:00;51.79;51.79;51.79;51.79;51.79
26.05.2011 01:00;50.66;50.66;50.66;50.66;50.66
26.05.2011 02:00;49.74;49.74;49.74;49.74;49.74
26.05.2011 03:00;48.74;48.74;48.74;48.74;48.74
26.05.2011 04:00;49.05;49.05;49.05;49.05;49.05
26.05.2011 05:00;51.03;51.03;51.03;51.03;51.03
26.05.2011 06:00;52.84;52.84;52.84;52.84;52.84
26.05.2011 07:00;55.57;55.57;55.57;55.57;55.57
26.05.2011 08:00;57.26;56.14;56.14;57.26;56.14
26.05.2011 09:00;57.54;56.01;56.01;57.54;56.01
26.05.2011 10:00;55.66;55.66;55.66;55.66;55.66
26.05.2011 11:00;55.28;55.28;55.28;55.28;55.28
26.05.2011 12:00;55.49;55.49;55.49;55.49;55.49
26.05.2011 13:00;55.40;55.40;55.40;55.40;55.40
26.05.2011 14:00;54.90;54.90;54.90;54.90;54.90
26.05.2011 15:00;54.41;54.41;54.41;54.41;54.41
26.05.2011 16:00;54.09;54.09;54.09;54.09;54.09
26.05.2011 17:00;54.21;54.21;54.21;54.21;54.21
26.05.2011 18:00;54.60;54.60;54.60;54.60;54.60
26.05.2011 19:00;54.69;54.69;54.69;54.69;54.69
26.05.2011 20:00;54.35;54.35;54.35;54.35;54.35
26.05.2011 21:00;54.08;54.08;54.08;54.08;54.08
26.05.2011 22:00;53.27;53.27;53.27;53.27;53.27
26.05.2011 23:00;51.28;51.28;51.28;51.28;51.28
27.05.2011 00:00;50.41;50.41;50.41;50.41;50.41
27.05.2011 01:00;48.60;48.60;48.60;48.60;48.60
27.05.2011 02:00;47.77;47.77;47.77;47.77;47.77
27.05.2011 03:00;47.40;47.40;47.40;47.40;47.40
27.05.2011 04:00;48.16;48.16;48.16;48.16;48.16
27.05.2011 05:00;51.17;51.17;51.17;51.17;51.17
27.05.2011 06:00;53.73;53.73;53.73;53.73;53.73
27.05.2011 07:00;55.32;54.61;54.61;55.32;54.61
27.05.2011 08:00;57.45;54.92;54.92;57.45;54.92
27.05.2011 09:00;57.82;54.85;54.85;57.82;54.85
27.05.2011 10:00;57.87;54.71;54.71;57.87;54.71
27.05.2011 11:00;57.82;54.56;54.56;57.82;54.56
27.05.2011 12:00;56.75;54.47;54.47;56.75;54.47
27.05.2011 13:00;54.95;54.40;54.40;54.95;54.40
27.05.2011 14:00;53.63;53.63;53.63;53.63;53.63
27.05.2011 15:00;53.32;53.32;53.32;53.32;53.32
27.05.2011 16:00;53.57;53.57;53.57;53.57;53.57
27.05.2011 17:00;53.82;53.82;53.82;53.82;53.82
27.05.2011 18:00;53.88;53.88;53.88;53.88;53.88
27.05.2011 19:00;53.58;53.58;53.58;53.58;53.58
27.05.2011 20:00;52.79;52.79;52.79;52.79;52.79
27.05.2011 21:00;52.65;52.65;52.65;52.65;52.65
27.05.2011 22:00;53.04;53.04;53.04;53.04;53.04
27.05.2011 23:00;52.89;52.89;52.89;52.89;52.89
28.05.2011 00:00;52.15;52.15;52.15;52.15;52.15
28.05.2011 01:00;50.50;50.50;50.50;50.50;50.50
28.05.2011 02:00;47.70;47.70;47.70;47.70;47.70
28.05.2011 03:00;46.99;46.99;46.99;46.99;46.99
28.05.2011 04:00;45.53;45.53;45.53;45.53;45.53
28.05.2011 05:00;45.30;45.30;45.30;45.30;45.30
28.05.2011 06:00;49.79;49.79;49.79;49.79;49.79
28.05.2011 07:00;52.31;52.31;52.31;52.31;52.31
28.05.2011 08:00;53.38;53.38;53.38;53.38;53.38
28.05.2011 09:00;53.70;53.70;53.70;53.70;53.70
28.05.2011 10:00;53.96;53.96;53.96;53.96;53.96
28.05.2011 11:00;53.90;53.90;53.90;53.90;53.90
28.05.2011 12:00;53.32;53.32;53.32;53.32;53.32
28.05.2011 13:00;52.15;52.15;52.15;52.15;52.15
28.05.2011 14:00;50.73;50.73;50.73;50.73;50.73
28.05.2011 15:00;50.63;50.63;50.63;50.63;50.63
28.05.2011 16:00;50.87;50.87;50.87;50.87;50.87
28.05.2011 17:00;51.64;51.64;51.64;51.64;51.64
28.05.2011 18:00;52.59;52.59;52.59;52.59;52.59
28.05.2011 19:00;52.72;52.72;52.72;52.72;52.72
28.05.2011 20:00;52.55;52.55;52.55;52.55;52.55
28.05.2011 21:00;52.74;52.74;52.74;52.74;52.74
28.05.2011 22:00;53.03;53.03;53.03;53.03;53.03
28.05.2011 23:00;51.16;51.16;51.16;51.16;51.16
29.05.2011 00:00;48.98;48.98;48.98;48.98;48.98
29.05.2011 01:00;47.25;47.25;47.25;47.25;47.25
29.05.2011 02:00;44.36;44.36;44.36;44.36;44.36
29.05.2011 03:00;38.86;38.86;38.86;38.86;38.86
29.05.2011 04:00;39.42;39.42;39.42;39.42;39.42
29.05.2011 05:00;38.89;38.89;38.89;38.89;38.89
29.05.2011 06:00;39.37;39.37;39.37;39.37;39.37
29.05.2011 07:00;42.86;42.86;42.86;42.86;42.86
29.05.2011 08:00;45.07;45.07;45.07;45.07;45.07
29.05.2011 09:00;49.51;49.51;49.51;49.51;49.51
29.05.2011 10:00;50.84;50.84;50.84;50.84;50.84
29.05.2011 11:00;51.08;51.08;51.08;51.08;51.08
29.05.2011 12:00;50.82;50.82;50.82;50.82;50.82
29.05.2011 13:00;50.48;50.48;50.48;50.48;50.48
29.05.2011 14:00;50.50;50.50;50.50;50.50;50.50
29.05.2011 15:00;50.12;50.12;50.12;50.12;50.12
29.05.2011 16:00;50.46;50.46;50.46;50.46;50.46
29.05.2011 17:00;50.82;50.82;50.82;50.82;50.82
29.05.2011 18:00;51.62;51.62;51.62;51.62;51.62
29.05.2011 19:00;52.75;52.75;52.75;52.75;52.75
29.05.2011 20:00;53.37;53.37;53.37;53.37;53.37
29.05.2011 21:00;53.64;53.64;53.64;53.64;53.64
29.05.2011 22:00;53.76;53.76;53.76;53.76;53.76
29.05.2011 23:00;51.87;51.87;51.87;51.87;51.87
30.05.2011 00:00;50.35;50.35;50.35;50.35;50.35
30.05.2011 01:00;48.50;48.50;48.50;48.50;48.50
30.05.2011 02:00;47.16;47.16;47.16;47.16;47.16
30.05.2011 03:00;46.96;46.96;46.96;46.96;46.96
30.05.2011 04:00;46.57;46.57;46.57;46.57;46.57
30.05.2011 05:00;50.20;50.20;50.20;50.20;50.20
30.05.2011 06:00;53.99;53.99;53.99;53.99;53.99
30.05.2011 07:00;55.30;55.30;55.30;55.30;55.30
30.05.2011 08:00;55.79;55.79;55.79;55.79;55.79
30.05.2011 09:00;56.20;56.20;56.20;56.20;56.20
30.05.2011 10:00;56.07;56.07;56.07;56.07;56.07
30.05.2011 11:00;56.01;55.93;55.93;56.01;55.93
30.05.2011 12:00;55.66;55.66;55.66;55.66;55.66
30.05.2011 13:00;55.50;55.50;55.50;55.50;55.50
30.05.2011 14:00;55.15;55.15;55.15;55.15;55.15
30.05.2011 15:00;54.71;54.71;54.71;54.71;54.71
30.05.2011 16:00;54.61;54.61;54.61;54.61;54.61
30.05.2011 17:00;54.52;54.52;54.52;54.52;54.52
30.05.2011 18:00;54.35;54.35;54.35;54.35;54.35
30.05.2011 19:00;54.44;54.44;54.44;54.44;54.44
30.05.2011 20:00;53.87;53.87;53.87;53.87;53.87
30.05.2011 21:00;53.73;53.73;53.73;53.73;53.73
30.05.2011 22:00;53.78;53.78;53.78;53.78;53.78
30.05.2011 23:00;52.09;52.09;52.09;52.09;52.09
31.05.2011 00:00;52.05;52.05;52.05;52.05;52.05
31.05.2011 01:00;51.56;51.56;51.56;51.56;51.56
31.05.2011 02:00;51.48;51.48;51.48;51.48;51.48
31.05.2011 03:00;51.12;51.12;51.12;51.12;51.12
31.05.2011 04:00;51.44;51.44;51.44;51.44;51.44
31.05.2011 05:00;52.29;52.29;52.29;52.29;52.29
31.05.2011 06:00;54.57;54.57;54.57;54.57;54.57
31.05.2011 07:00;57.22;56.79;56.79;57.22;56.79
31.05.2011 08:00;58.16;57.86;57.86;58.16;57.86
31.05.2011 09:00;59.43;57.72;57.72;59.43;57.72
31.05.2011 10:00;58.24;57.57;57.57;58.24;57.57
31.05.2011 11:00;59.28;57.40;57.40;59.28;57.40
31.05.2011 12:00;57.13;56.91;56.91;57.13;56.91
31.05.2011 13:00;56.33;56.33;56.33;56.33;56.33
31.05.2011 14:00;56.03;56.03;56.03;56.03;56.03
31.05.2011 15:00;55.91;55.91;55.91;55.91;55.91
31.05.2011 16:00;56.12;56.12;56.12;56.12;56.12
31.05.2011 17:00;56.47;56.47;56.47;56.47;56.47
31.05.2011 18:00;56.47;56.47;56.47;56.47;56.47
31.05.2011 19:00;56.08;56.08;56.08;56.08;56.08
31.05.2011 20:00;54.67;54.67;54.67;54.67;54.67
31.05.2011 21:00;54.36;54.36;54.36;54.36;54.36
31.05.2011 22:00;54.81;54.81;54.81;54.81;54.81
31.05.2011 23:00;51.79;51.79;51.79;51.79;51.79
01.06.2011 00:00;50.56;50.56;50.56;50.56;50.56
01.06.2011 01:00;48.60;48.60;48.60;48.60;48.60
01.06.2011 02:00;46.27;46.27;46.27;46.27;46.27
01.06.2011 03:00;45.10;45.10;45.10;45.10;45.10
01.06.2011 04:00;45.09;45.09;45.09;45.09;45.09
01.06.2011 05:00;50.11;50.11;50.11;50.11;50.11
01.06.2011 06:00;54.64;54.64;54.64;54.64;54.64
01.06.2011 07:00;59.94;57.05;57.05;59.94;57.05
01.06.2011 08:00;62.01;57.27;57.27;62.01;57.27
01.06.2011 09:00;63.02;57.12;57.12;63.02;57.12
01.06.2011 10:00;62.24;56.73;56.73;62.24;56.73
01.06.2011 11:00;63.53;56.62;56.62;63.53;56.62
01.06.2011 12:00;61.19;56.40;56.40;61.19;56.40
01.06.2011 13:00;60.92;56.37;56.37;60.92;56.37
01.06.2011 14:00;60.25;56.25;56.25;60.25;56.25
01.06.2011 15:00;59.89;56.26;56.26;59.89;56.26
01.06.2011 16:00;58.67;56.29;56.29;58.67;56.29
01.06.2011 17:00;58.16;55.99;55.99;58.16;55.99
01.06.2011 18:00;57.58;55.97;55.97;57.58;55.97
01.06.2011 19:00;56.46;55.98;55.98;56.46;55.98
01.06.2011 20:00;55.85;55.85;55.85;55.85;55.85
01.06.2011 21:00;55.83;55.83;55.83;55.83;55.83
01.06.2011 22:00;56.21;55.85;55.85;56.21;55.85
01.06.2011 23:00;53.45;53.45;53.45;53.45;53.45
02.06.2011 00:00;52.95;52.95;52.95;52.95;52.95
02.06.2011 01:00;50.36;50.36;50.36;50.36;50.36
02.06.2011 02:00;48.79;48.79;48.79;48.79;48.79
02.06.2011 03:00;48.49;48.49;48.49;48.49;48.49
02.06.2011 04:00;48.12;48.12;48.12;48.12;48.12
02.06.2011 05:00;47.98;47.98;47.98;47.98;47.98
02.06.2011 06:00;49.52;49.52;49.52;49.52;49.52
02.06.2011 07:00;51.98;51.98;51.98;51.98;51.98
02.06.2011 08:00;53.12;53.12;53.12;53.12;53.12
02.06.2011 09:00;52.80;52.80;52.80;52.80;52.80
02.06.2011 10:00;52.83;52.83;52.83;52.83;52.83
02.06.2011 11:00;53.18;53.18;53.18;53.18;53.18
02.06.2011 12:00;52.32;52.32;52.32;52.32;52.32
02.06.2011 13:00;51.69;51.69;51.69;51.69;51.69
02.06.2011 14:00;51.57;51.57;51.57;51.57;51.57
02.06.2011 15:00;51.55;51.55;51.55;51.55;51.55
02.06.2011 16:00;51.55;51.55;51.55;51.55;51.55
02.06.2011 17:00;52.16;52.16;52.16;52.16;52.16
02.06.2011 18:00;53.37;53.37;53.37;53.37;53.37
02.06.2011 19:00;54.24;54.24;54.24;54.24;54.24
02.06.2011 20:00;54.32;54.32;54.32;54.32;54.32
02.06.2011 21:00;54.86;54.86;54.86;54.86;54.86
02.06.2011 22:00;55.02;55.02;55.02;55.02;55.02
02.06.2011 23:00;52.33;52.33;52.33;52.33;52.33
03.06.2011 00:00;49.19;49.19;49.19;49.19;49.19
03.06.2011 01:00;45.40;45.40;45.40;45.40;45.40
03.06.2011 02:00;44.95;44.95;44.95;44.95;44.95
03.06.2011 03:00;43.68;43.68;43.68;43.68;43.68
03.06.2011 04:00;44.93;44.93;44.93;44.93;44.93
03.06.2011 05:00;48.45;48.45;48.45;48.45;48.45
03.06.2011 06:00;52.79;52.79;52.79;52.79;52.79
03.06.2011 07:00;55.47;55.47;55.47;55.47;55.47
03.06.2011 08:00;58.37;56.27;56.27;58.37;56.27
03.06.2011 09:00;59.40;56.32;56.32;59.40;56.32
03.06.2011 10:00;57.81;56.18;56.18;57.81;56.18
03.06.2011 11:00;58.03;56.06;56.06;58.03;56.06
03.06.2011 12:00;58.10;55.98;55.98;58.10;55.98
03.06.2011 13:00;55.53;55.53;55.53;55.53;55.53
03.06.2011 14:00;54.40;54.40;54.40;54.40;54.40
03.06.2011 15:00;52.46;52.46;52.46;52.46;52.46
03.06.2011 16:00;52.86;52.86;52.86;52.86;52.86
03.06.2011 17:00;54.30;54.30;54.30;54.30;54.30
03.06.2011 18:00;55.11;55.11;55.11;55.11;55.11
03.06.2011 19:00;55.41;55.41;55.41;55.41;55.41
03.06.2011 20:00;55.14;55.14;55.14;55.14;55.14
03.06.2011 21:00;55.03;55.03;55.03;55.03;55.03
03.06.2011 22:00;55.23;55.23;55.23;55.23;55.23
03.06.2011 23:00;53.86;53.86;53.86;53.86;53.86
04.06.2011 00:00;50.34;50.34;50.34;50.34;50.34
04.06.2011 01:00;46.93;46.93;46.93;46.93;46.93
04.06.2011 02:00;45.04;45.04;45.04;45.04;45.04
04.06.2011 03:00;44.89;44.89;44.89;44.89;44.89
04.06.2011 04:00;43.94;43.94;43.94;43.94;43.94
04.06.2011 05:00;44.93;44.93;44.93;44.93;44.93
04.06.2011 06:00;46.89;46.89;46.89;46.89;46.89
04.06.2011 07:00;50.91;50.91;50.91;50.91;50.91
04.06.2011 08:00;52.64;52.64;52.64;52.64;52.64
04.06.2011 09:00;53.37;53.37;53.37;53.37;53.37
04.06.2011 10:00;53.62;53.62;53.62;53.62;53.62
04.06.2011 11:00;53.69;53.69;53.69;53.69;53.69
04.06.2011 12:00;53.47;53.47;53.47;53.47;53.47
04.06.2011 13:00;52.45;52.45;52.45;52.45;52.45
04.06.2011 14:00;51.27;51.27;51.27;51.27;51.27
04.06.2011 15:00;50.49;50.49;50.49;50.49;50.49
04.06.2011 16:00;49.97;49.97;49.97;49.97;49.97
04.06.2011 17:00;51.60;51.60;51.60;51.60;51.60
04.06.2011 18:00;52.88;52.88;52.88;52.88;52.88
04.06.2011 19:00;53.27;53.27;53.27;53.27;53.27
04.06.2011 20:00;52.48;52.48;52.48;52.48;52.48
04.06.2011 21:00;52.32;52.32;52.32;52.32;52.32
04.06.2011 22:00;52.92;52.92;52.92;52.92;52.92
04.06.2011 23:00;51.17;51.17;51.17;51.17;51.17
05.06.2011 00:00;49.91;49.91;49.91;49.91;49.91
05.06.2011 01:00;46.17;46.17;46.17;46.17;46.17
05.06.2011 02:00;44.12;44.12;44.12;44.12;44.12
05.06.2011 03:00;41.18;41.18;41.18;41.18;41.18
05.06.2011 04:00;41.18;41.18;41.18;41.18;41.18
05.06.2011 05:00;42.08;42.08;42.08;42.08;42.08
05.06.2011 06:00;44.53;44.53;44.53;44.53;44.53
05.06.2011 07:00;46.18;46.18;46.18;46.18;46.18
05.06.2011 08:00;48.26;48.26;48.26;48.26;48.26
05.06.2011 09:00;49.62;49.62;49.62;49.62;49.62
05.06.2011 10:00;50.48;50.48;50.48;50.48;50.48
05.06.2011 11:00;51.69;51.69;51.69;51.69;51.69
05.06.2011 12:00;51.26;51.26;51.26;51.26;51.26
05.06.2011 13:00;49.88;49.88;49.88;49.88;49.88
05.06.2011 14:00;48.74;48.74;48.74;48.74;48.74
05.06.2011 15:00;47.21;47.21;47.21;47.21;47.21
05.06.2011 16:00;48.09;48.09;48.09;48.09;48.09
05.06.2011 17:00;51.08;51.08;51.08;51.08;51.08
05.06.2011 18:00;52.63;52.63;52.63;52.63;52.63
05.06.2011 19:00;53.67;53.67;53.67;53.67;53.67
05.06.2011 20:00;53.73;53.73;53.73;53.73;53.73
05.06.2011 21:00;53.83;53.83;53.83;53.83;53.83
05.06.2011 22:00;54.06;54.06;54.06;54.06;54.06
05.06.2011 23:00;51.07;51.07;51.07;51.07;51.07
06.06.2011 00:00;48.53;48.53;48.53;48.53;48.53
06.06.2011 01:00;44.90;44.90;44.90;44.90;44.90
06.06.2011 02:00;42.48;42.48;42.48;42.48;42.48
06.06.2011 03:00;41.19;41.19;41.19;41.19;41.19
06.06.2011 04:00;42.07;42.07;42.07;42.07;42.07
06.06.2011 05:00;46.24;46.24;46.24;46.24;46.24
06.06.2011 06:00;52.54;52.54;52.54;52.54;52.54
06.06.2011 07:00;54.23;54.23;49.93;54.23;54.23
06.06.2011 08:00;55.20;55.20;51.08;55.20;55.20
06.06.2011 09:00;55.35;55.35;51.04;55.35;55.35
06.06.2011 10:00;55.93;55.93;50.40;55.93;55.93
06.06.2011 11:00;55.80;55.80;50.00;55.80;55.80
06.06.2011 12:00;55.09;55.09;50.20;55.09;55.09
06.06.2011 13:00;54.95;54.95;49.96;54.95;54.95
06.06.2011 14:00;54.72;54.72;49.92;54.72;54.72
06.06.2011 15:00;54.06;54.06;49.85;54.06;54.06
06.06.2011 16:00;54.11;54.11;49.58;54.11;54.11
06.06.2011 17:00;54.20;54.20;49.54;54.20;54.20
06.06.2011 18:00;54.45;54.45;49.74;54.45;54.45
06.06.2011 19:00;54.20;54.20;49.73;54.20;54.20
06.06.2011 20:00;53.76;53.76;49.66;53.76;53.76
06.06.2011 21:00;53.57;53.57;49.54;53.57;53.57
06.06.2011 22:00;53.77;53.77;51.01;53.77;53.77
06.06.2011 23:00;53.12;53.12;50.72;53.12;53.12
07.06.2011 00:00;50.84;50.84;50.04;50.84;50.84
07.06.2011 01:00;48.89;48.89;48.89;48.89;48.89
07.06.2011 02:00;48.00;48.00;48.00;48.00;48.00
07.06.2011 03:00;46.25;46.25;46.25;46.25;46.25
07.06.2011 04:00;47.37;47.37;47.37;47.37;47.37
07.06.2011 05:00;49.55;49.55;49.55;49.55;49.55
07.06.2011 06:00;53.58;53.58;50.89;53.58;53.58
07.06.2011 07:00;60.66;60.66;50.10;60.66;60.66
07.06.2011 08:00;64.28;64.28;50.90;64.28;64.28
07.06.2011 09:00;65.32;65.32;50.61;65.32;65.32
07.06.2011 10:00;66.77;66.77;50.43;66.77;66.77
07.06.2011 11:00;70.20;70.28;50.30;70.20;70.28
07.06.2011 12:00;67.59;67.96;50.23;67.59;67.96
07.06.2011 13:00;63.06;63.06;50.20;63.06;63.06
07.06.2011 14:00;59.70;58.45;50.15;59.70;58.45
07.06.2011 15:00;58.53;58.18;50.13;58.53;58.18
07.06.2011 16:00;56.89;56.89;49.30;56.89;56.89
07.06.2011 17:00;56.55;56.55;49.16;56.55;56.55
07.06.2011 18:00;56.20;56.20;48.93;56.20;56.20
07.06.2011 19:00;55.17;54.69;48.87;55.17;54.69
07.06.2011 20:00;53.95;53.95;48.81;53.95;53.95
07.06.2011 21:00;53.66;53.66;48.72;53.66;53.66
07.06.2011 22:00;53.68;53.68;50.00;53.68;53.68
07.06.2011 23:00;51.23;51.23;50.13;51.23;51.23
08.06.2011 00:00;50.20;50.20;47.36;50.20;50.20
08.06.2011 01:00;48.58;48.58;44.90;48.58;48.58
08.06.2011 02:00;46.12;46.12;43.33;46.12;46.12
08.06.2011 03:00;45.89;45.89;42.10;45.89;45.89
08.06.2011 04:00;45.80;45.80;40.99;45.80;45.80
08.06.2011 05:00;48.95;48.95;44.03;48.95;48.95
08.06.2011 06:00;53.92;53.92;38.21;53.92;53.92
08.06.2011 07:00;58.92;58.92;50.80;58.92;58.92
08.06.2011 08:00;62.49;62.49;51.17;62.49;62.49
08.06.2011 09:00;61.42;61.42;50.70;61.42;61.42
08.06.2011 10:00;59.55;59.55;50.33;59.55;59.55
08.06.2011 11:00;59.15;59.15;50.21;59.15;59.15
08.06.2011 12:00;58.57;58.57;50.13;58.57;58.57
08.06.2011 13:00;58.21;58.21;50.09;58.21;58.21
08.06.2011 14:00;57.87;57.87;49.94;57.87;57.87
08.06.2011 15:00;58.01;58.01;49.29;58.01;58.01
08.06.2011 16:00;56.81;56.81;49.19;56.81;56.81
08.06.2011 17:00;56.74;56.74;49.06;56.74;56.74
08.06.2011 18:00;55.35;55.35;39.73;55.35;55.35
08.06.2011 19:00;52.96;52.96;39.61;52.96;52.96
08.06.2011 20:00;52.86;52.86;38.82;52.86;52.86
08.06.2011 21:00;53.19;53.19;38.23;53.19;53.19
08.06.2011 22:00;53.22;53.22;38.20;53.22;53.22
08.06.2011 23:00;50.90;50.90;38.23;50.90;50.90
09.06.2011 00:00;47.97;47.97;47.97;47.97;47.97
09.06.2011 01:00;43.91;43.91;43.91;43.91;43.91
09.06.2011 02:00;39.67;39.67;39.67;39.67;39.67
09.06.2011 03:00;39.29;39.29;39.29;39.29;39.29
09.06.2011 04:00;42.35;42.35;42.35;42.35;42.35
09.06.2011 05:00;46.69;46.69;46.69;46.69;46.69
09.06.2011 06:00;51.37;51.37;51.37;51.37;51.37
09.06.2011 07:00;53.92;53.92;48.89;53.92;53.92
09.06.2011 08:00;56.28;56.28;51.21;56.28;56.28
09.06.2011 09:00;56.88;56.88;51.51;56.88;56.88
09.06.2011 10:00;56.91;56.91;51.39;56.91;56.91
09.06.2011 11:00;56.79;56.79;50.93;56.79;56.79
09.06.2011 12:00;56.83;56.83;50.18;56.83;56.83
09.06.2011 13:00;56.49;56.49;50.10;56.49;56.49
09.06.2011 14:00;55.59;55.59;49.03;55.59;55.59
09.06.2011 15:00;55.22;55.22;48.94;55.22;55.22
09.06.2011 16:00;55.41;55.41;48.67;55.41;55.41
09.06.2011 17:00;56.53;56.53;48.57;56.53;56.53
09.06.2011 18:00;57.55;57.87;48.44;57.55;57.87
09.06.2011 19:00;56.93;56.93;48.42;56.93;56.93
09.06.2011 20:00;55.50;55.50;48.40;55.50;55.50
09.06.2011 21:00;54.44;54.44;48.76;54.44;54.44
09.06.2011 22:00;55.85;55.85;48.65;55.85;55.85
09.06.2011 23:00;51.34;51.34;51.34;51.34;51.34
10.06.2011 00:00;48.54;48.54;48.54;48.54;48.54
10.06.2011 01:00;46.75;46.75;46.75;46.75;46.75
10.06.2011 02:00;44.51;44.51;44.51;44.51;44.51
10.06.2011 03:00;42.31;42.31;42.31;42.31;42.31
10.06.2011 04:00;43.74;43.74;43.74;43.74;43.74
10.06.2011 05:00;47.08;47.08;47.08;47.08;47.08
10.06.2011 06:00;52.62;52.62;48.92;52.62;52.62
10.06.2011 07:00;55.06;56.85;48.85;55.06;56.85
10.06.2011 08:00;57.05;58.97;48.85;57.05;58.97
10.06.2011 09:00;57.27;61.14;48.87;57.27;61.14
10.06.2011 10:00;57.17;59.78;48.84;57.17;59.78
10.06.2011 11:00;56.76;59.11;48.77;56.76;59.11
10.06.2011 12:00;55.98;57.96;48.62;55.98;57.96
10.06.2011 13:00;55.69;57.40;48.62;55.69;57.40
10.06.2011 14:00;55.14;55.14;48.62;55.14;55.14
10.06.2011 15:00;54.31;54.31;48.54;54.31;54.31
10.06.2011 16:00;53.65;54.18;48.49;53.65;54.18
10.06.2011 17:00;52.60;54.04;48.45;52.60;54.04
10.06.2011 18:00;52.40;53.72;48.38;52.40;53.72
10.06.2011 19:00;52.34;53.77;48.40;52.34;53.77
10.06.2011 20:00;52.58;52.86;48.34;52.58;52.86
10.06.2011 21:00;51.84;52.82;48.23;51.84;52.82
10.06.2011 22:00;51.61;53.15;48.23;51.61;53.15
10.06.2011 23:00;51.81;52.09;48.95;51.81;52.09
11.06.2011 00:00;50.51;50.51;50.51;50.51;50.51
11.06.2011 01:00;47.51;47.51;47.51;47.51;47.51
11.06.2011 02:00;46.16;46.16;46.16;46.16;46.16
11.06.2011 03:00;46.91;46.91;46.91;46.91;46.91
11.06.2011 04:00;45.65;45.65;45.65;45.65;45.65
11.06.2011 05:00;44.97;44.97;44.97;44.97;44.97
11.06.2011 06:00;44.51;44.51;44.51;44.51;44.51
11.06.2011 07:00;48.82;48.82;47.86;48.82;48.82
11.06.2011 08:00;52.28;52.28;48.26;52.28;52.28
11.06.2011 09:00;53.90;53.90;48.62;53.90;53.90
11.06.2011 10:00;54.59;54.59;48.74;54.59;54.59
11.06.2011 11:00;54.37;54.37;48.82;54.37;54.37
11.06.2011 12:00;53.74;53.74;48.76;53.74;53.74
11.06.2011 13:00;53.20;53.20;48.66;53.20;53.20
11.06.2011 14:00;51.23;51.23;48.58;51.23;51.23
11.06.2011 15:00;48.53;48.53;48.49;48.53;48.53
11.06.2011 16:00;49.15;49.15;48.41;49.15;49.15
11.06.2011 17:00;52.03;52.03;48.44;52.03;52.03
11.06.2011 18:00;52.95;52.95;48.54;52.95;52.95
11.06.2011 19:00;52.53;52.53;48.59;52.53;52.53
11.06.2011 20:00;52.20;52.20;48.53;52.20;52.20
11.06.2011 21:00;52.31;52.31;48.40;52.31;52.31
11.06.2011 22:00;52.36;52.36;48.28;52.36;52.36
11.06.2011 23:00;51.32;51.32;48.21;51.32;51.32
12.06.2011 00:00;50.00;50.00;50.00;50.00;50.00
12.06.2011 01:00;47.64;47.64;47.64;47.64;47.64
12.06.2011 02:00;45.97;45.97;45.97;45.97;45.97
12.06.2011 03:00;44.71;44.71;44.71;44.71;44.71
12.06.2011 04:00;41.00;41.00;41.00;41.00;41.00
12.06.2011 05:00;38.14;38.14;38.14;38.14;38.14
12.06.2011 06:00;35.10;35.10;35.10;35.10;35.10
12.06.2011 07:00;41.85;41.85;41.85;41.85;41.85
12.06.2011 08:00;44.14;44.14;44.14;44.14;44.14
12.06.2011 09:00;48.54;48.54;48.54;48.54;48.54
12.06.2011 10:00;51.15;51.15;51.15;51.15;51.15
12.06.2011 11:00;52.90;52.90;52.48;52.90;52.90
12.06.2011 12:00;51.36;51.36;51.36;51.36;51.36
12.06.2011 13:00;48.20;48.20;48.20;48.20;48.20
12.06.2011 14:00;46.86;46.86;46.86;46.86;46.86
12.06.2011 15:00;46.17;46.17;46.17;46.17;46.17
12.06.2011 16:00;47.78;47.78;47.78;47.78;47.78
12.06.2011 17:00;51.00;51.00;51.00;51.00;51.00
12.06.2011 18:00;52.62;52.62;51.79;52.62;52.62
12.06.2011 19:00;52.56;52.56;52.27;52.56;52.56
12.06.2011 20:00;52.53;52.53;52.23;52.53;52.53
12.06.2011 21:00;52.72;52.72;51.45;52.72;52.72
12.06.2011 22:00;53.10;53.10;50.88;53.10;53.10
12.06.2011 23:00;51.65;51.65;51.65;51.65;51.65
13.06.2011 00:00;47.97;47.97;47.97;47.97;47.97
13.06.2011 01:00;42.76;42.76;42.76;42.76;42.76
13.06.2011 02:00;38.06;38.06;38.06;38.06;38.06
13.06.2011 03:00;32.08;32.08;32.08;32.08;32.08
13.06.2011 04:00;32.79;32.79;32.79;32.79;32.79
13.06.2011 05:00;37.68;37.68;37.68;37.68;37.68
13.06.2011 06:00;45.54;45.54;45.54;45.54;45.54
13.06.2011 07:00;48.89;48.89;48.89;48.89;48.89
13.06.2011 08:00;51.74;51.74;51.74;51.74;51.74
13.06.2011 09:00;54.29;54.29;53.71;54.29;54.29
13.06.2011 10:00;56.23;56.23;56.04;56.23;56.23
13.06.2011 11:00;56.60;56.60;56.29;56.60;56.60
13.06.2011 12:00;56.46;56.46;54.09;56.46;56.46
13.06.2011 13:00;55.81;55.81;53.41;55.81;55.81
13.06.2011 14:00;54.24;54.24;52.94;54.24;54.24
13.06.2011 15:00;53.18;53.18;52.11;53.18;53.18
13.06.2011 16:00;52.46;52.46;51.92;52.46;52.46
13.06.2011 17:00;54.85;54.85;51.86;54.85;54.85
13.06.2011 18:00;54.55;54.55;51.92;54.55;54.55
13.06.2011 19:00;54.37;54.37;52.91;54.37;54.37
13.06.2011 20:00;54.58;54.58;53.78;54.58;54.58
13.06.2011 21:00;54.68;54.68;53.72;54.68;54.68
13.06.2011 22:00;54.83;54.83;53.05;54.83;54.83
13.06.2011 23:00;52.02;52.02;52.02;52.02;52.02
14.06.2011 00:00;49.27;49.27;49.27;49.27;49.27
14.06.2011 01:00;45.64;45.64;45.64;45.64;45.64
14.06.2011 02:00;44.15;44.15;44.15;44.15;44.15
14.06.2011 03:00;43.62;43.62;43.62;43.62;43.62
14.06.2011 04:00;44.00;44.00;44.00;44.00;44.00
14.06.2011 05:00;46.06;46.06;46.06;46.06;46.06
14.06.2011 06:00;54.33;54.33;54.33;54.33;54.33
14.06.2011 07:00;56.93;56.93;55.83;56.93;56.93
14.06.2011 08:00;57.66;57.66;57.66;57.66;57.66
14.06.2011 09:00;57.48;57.48;57.48;57.48;57.48
14.06.2011 10:00;57.78;57.78;57.78;57.78;57.78
14.06.2011 11:00;57.83;57.83;57.83;57.83;57.83
14.06.2011 12:00;57.37;57.37;57.37;57.37;57.37
14.06.2011 13:00;56.92;56.92;56.92;56.92;56.92
14.06.2011 14:00;56.45;56.45;56.45;56.45;56.45
14.06.2011 15:00;55.99;55.99;55.99;55.99;55.99
14.06.2011 16:00;55.67;55.67;55.67;55.67;55.67
14.06.2011 17:00;55.43;55.43;55.43;55.43;55.43
14.06.2011 18:00;54.97;54.97;54.97;54.97;54.97
14.06.2011 19:00;54.57;54.57;54.57;54.57;54.57
14.06.2011 20:00;54.16;54.16;54.16;54.16;54.16
14.06.2011 21:00;53.65;53.65;53.65;53.65;53.65
14.06.2011 22:00;53.84;53.84;51.53;53.84;53.84
14.06.2011 23:00;52.40;52.40;52.40;52.40;52.40
15.06.2011 00:00;49.51;49.51;49.51;49.51;49.51
15.06.2011 01:00;47.70;47.70;47.70;47.70;47.70
15.06.2011 02:00;46.24;46.24;46.24;46.24;46.24
15.06.2011 03:00;45.25;45.25;45.25;45.25;45.25
15.06.2011 04:00;46.63;46.63;46.63;46.63;46.63
15.06.2011 05:00;48.82;48.82;48.82;48.82;48.82
15.06.2011 06:00;53.05;53.05;52.84;53.05;53.05
15.06.2011 07:00;56.01;56.01;53.16;56.01;56.01
15.06.2011 08:00;56.42;56.42;54.49;56.42;56.42
15.06.2011 09:00;56.75;56.75;54.98;56.75;56.75
15.06.2011 10:00;56.95;56.95;55.62;56.95;56.95
15.06.2011 11:00;56.98;56.98;53.11;56.98;56.98
15.06.2011 12:00;56.87;56.87;56.31;56.87;56.87
15.06.2011 13:00;56.81;56.81;56.70;56.81;56.81
15.06.2011 14:00;56.48;56.48;56.05;56.48;56.48
15.06.2011 15:00;56.29;56.29;56.18;56.29;56.29
15.06.2011 16:00;55.76;55.76;55.76;55.76;55.76
15.06.2011 17:00;55.41;55.41;54.79;55.41;55.41
15.06.2011 18:00;55.09;55.09;53.77;55.09;55.09
15.06.2011 19:00;54.89;54.89;53.25;54.89;54.89
15.06.2011 20:00;55.01;55.01;52.34;55.01;55.01
15.06.2011 21:00;54.50;54.50;52.21;54.50;54.50
15.06.2011 22:00;54.56;54.56;48.77;54.56;54.56
15.06.2011 23:00;53.12;53.12;51.16;53.12;53.12
16.06.2011 00:00;49.69;49.69;48.72;49.69;49.69
16.06.2011 01:00;47.72;47.72;47.72;47.72;47.72
16.06.2011 02:00;46.35;46.35;46.35;46.35;46.35
16.06.2011 03:00;45.64;45.64;45.64;45.64;45.64
16.06.2011 04:00;44.44;44.44;44.44;44.44;44.44
16.06.2011 05:00;48.26;48.26;48.26;48.26;48.26
16.06.2011 06:00;54.06;54.06;50.45;54.06;54.06
16.06.2011 07:00;56.21;55.61;49.63;56.21;55.61
16.06.2011 08:00;56.66;55.75;49.81;56.66;55.75
16.06.2011 09:00;56.95;55.91;49.80;56.95;55.91
16.06.2011 10:00;56.99;55.88;49.77;56.99;55.88
16.06.2011 11:00;56.86;55.76;49.74;56.86;55.76
16.06.2011 12:00;56.70;55.72;49.69;56.70;55.72
16.06.2011 13:00;56.79;55.70;49.73;56.79;55.70
16.06.2011 14:00;56.67;55.73;49.66;56.67;55.73
16.06.2011 15:00;56.10;55.70;49.66;56.10;55.70
16.06.2011 16:00;55.45;55.45;49.63;55.45;55.45
16.06.2011 17:00;54.91;54.91;49.54;54.91;54.91
16.06.2011 18:00;54.54;54.54;49.74;54.54;54.54
16.06.2011 19:00;54.11;54.11;49.71;54.11;54.11
16.06.2011 20:00;53.65;53.65;49.60;53.65;53.65
16.06.2011 21:00;53.35;53.35;49.49;53.35;53.35
16.06.2011 22:00;53.26;53.26;48.78;53.26;53.26
16.06.2011 23:00;51.08;51.08;49.36;51.08;51.08
17.06.2011 00:00;48.28;48.28;48.28;48.28;48.28
17.06.2011 01:00;44.71;44.71;44.71;44.71;44.71
17.06.2011 02:00;42.70;42.70;42.70;42.70;42.70
17.06.2011 03:00;40.16;40.16;40.16;40.16;40.16
17.06.2011 04:00;40.16;40.16;40.16;40.16;40.16
17.06.2011 05:00;44.48;44.48;44.48;44.48;44.48
17.06.2011 06:00;51.63;51.63;48.80;51.63;51.63
17.06.2011 07:00;56.07;55.54;49.79;56.07;55.54
17.06.2011 08:00;57.73;55.89;49.81;57.73;55.89
17.06.2011 09:00;60.19;56.14;49.82;60.19;56.14
17.06.2011 10:00;59.09;55.91;49.80;59.09;55.91
17.06.2011 11:00;59.02;55.79;49.84;59.02;55.79
17.06.2011 12:00;57.28;55.72;49.79;57.28;55.72
17.06.2011 13:00;55.46;55.46;49.76;55.46;55.46
17.06.2011 14:00;53.94;53.94;48.99;53.94;53.94
17.06.2011 15:00;52.65;52.65;48.97;52.65;52.65
17.06.2011 16:00;51.72;51.72;48.87;51.72;51.72
17.06.2011 17:00;51.58;51.58;48.78;51.58;51.58
17.06.2011 18:00;51.44;51.44;48.76;51.44;51.44
17.06.2011 19:00;51.09;51.09;48.75;51.09;51.09
17.06.2011 20:00;50.36;50.36;48.68;50.36;50.36
17.06.2011 21:00;50.79;50.79;48.55;50.79;50.79
17.06.2011 22:00;51.03;51.03;46.66;51.03;51.03
17.06.2011 23:00;49.67;49.67;46.64;49.67;49.67
18.06.2011 00:00;49.54;49.54;48.40;49.54;49.54
18.06.2011 01:00;47.90;47.90;47.90;47.90;47.90
18.06.2011 02:00;44.24;44.24;44.24;44.24;44.24
18.06.2011 03:00;40.62;40.62;40.62;40.62;40.62
18.06.2011 04:00;36.22;36.22;36.22;36.22;36.22
18.06.2011 05:00;31.69;31.69;31.69;31.69;31.69
18.06.2011 06:00;41.83;41.83;41.83;41.83;41.83
18.06.2011 07:00;45.61;45.61;45.61;45.61;45.61
18.06.2011 08:00;45.37;45.37;45.37;45.37;45.37
18.06.2011 09:00;47.59;47.59;47.59;47.59;47.59
18.06.2011 10:00;48.01;48.01;48.01;48.01;48.01
18.06.2011 11:00;48.11;48.11;48.11;48.11;48.11
18.06.2011 12:00;47.76;47.76;47.76;47.76;47.76
18.06.2011 13:00;47.45;47.45;47.45;47.45;47.45
18.06.2011 14:00;47.59;47.59;47.59;47.59;47.59
18.06.2011 15:00;47.27;47.27;47.27;47.27;47.27
18.06.2011 16:00;47.33;47.33;47.33;47.33;47.33
18.06.2011 17:00;47.61;47.61;47.61;47.61;47.61
18.06.2011 18:00;49.16;49.16;47.86;49.16;49.16
18.06.2011 19:00;49.91;49.91;47.87;49.91;49.91
18.06.2011 20:00;49.47;49.47;47.86;49.47;49.47
18.06.2011 21:00;49.19;49.19;47.83;49.19;49.19
18.06.2011 22:00;49.79;49.79;47.82;49.79;49.79
18.06.2011 23:00;46.99;46.99;46.99;46.99;46.99
19.06.2011 00:00;27.10;27.10;27.10;27.10;27.10
19.06.2011 01:00;15.45;15.45;15.45;15.45;15.45
19.06.2011 02:00;9.94;9.94;9.94;9.94;9.94
19.06.2011 03:00;9.98;9.98;9.98;9.98;9.98
19.06.2011 04:00;9.50;9.50;9.50;9.50;9.50
19.06.2011 05:00;6.04;6.04;6.04;6.04;6.04
19.06.2011 06:00;8.09;8.09;8.09;8.09;8.09
19.06.2011 07:00;23.62;23.62;23.62;23.62;23.62
19.06.2011 08:00;30.06;30.06;30.06;30.06;30.06
19.06.2011 09:00;36.65;36.65;36.65;36.65;36.65
19.06.2011 10:00;39.69;39.69;39.69;39.69;39.69
19.06.2011 11:00;41.80;41.80;41.80;41.80;41.80
19.06.2011 12:00;42.23;42.23;42.23;42.23;42.23
19.06.2011 13:00;42.45;42.45;42.45;42.45;42.45
19.06.2011 14:00;42.44;42.44;42.44;42.44;42.44
19.06.2011 15:00;40.62;40.62;40.62;40.62;40.62
19.06.2011 16:00;41.25;41.25;41.25;41.25;41.25
19.06.2011 17:00;43.25;43.25;43.25;43.25;43.25
19.06.2011 18:00;44.09;44.09;44.09;44.09;44.09
19.06.2011 19:00;43.49;43.49;43.49;43.49;43.49
19.06.2011 20:00;42.53;42.53;42.53;42.53;42.53
19.06.2011 21:00;41.43;41.43;41.43;41.43;41.43
19.06.2011 22:00;46.31;46.31;46.31;46.31;46.31
19.06.2011 23:00;40.51;40.51;40.51;40.51;40.51
20.06.2011 00:00;37.70;37.70;37.70;37.70;37.70
20.06.2011 01:00;15.44;15.44;15.44;15.44;15.44
20.06.2011 02:00;7.29;7.29;7.29;7.29;7.29
20.06.2011 03:00;4.93;4.93;4.93;4.93;4.93
20.06.2011 04:00;5.28;5.28;5.28;5.28;5.28
20.06.2011 05:00;13.20;13.20;13.20;13.20;13.20
20.06.2011 06:00;47.08;47.08;47.08;47.08;47.08
20.06.2011 07:00;52.33;52.12;47.95;52.33;52.12
20.06.2011 08:00;55.09;53.70;48.08;55.09;53.70
20.06.2011 09:00;56.18;53.39;48.25;56.18;53.39
20.06.2011 10:00;56.59;53.39;48.38;56.59;53.39
20.06.2011 11:00;56.75;53.07;48.27;56.75;53.07
20.06.2011 12:00;56.57;52.94;48.19;56.57;52.94
20.06.2011 13:00;55.69;52.91;48.13;55.69;52.91
20.06.2011 14:00;54.75;52.84;48.07;54.75;52.84
20.06.2011 15:00;53.84;52.65;48.02;53.84;52.65
20.06.2011 16:00;53.06;52.64;47.96;53.06;52.64
20.06.2011 17:00;52.86;52.44;47.88;52.86;52.44
20.06.2011 18:00;52.13;52.13;47.76;52.13;52.13
20.06.2011 19:00;51.59;51.59;47.74;51.59;51.59
20.06.2011 20:00;50.92;50.92;47.71;50.92;50.92
20.06.2011 21:00;50.50;50.50;47.65;50.50;50.50
20.06.2011 22:00;50.51;50.51;47.59;50.51;50.51
20.06.2011 23:00;49.38;49.38;47.63;49.38;49.38
21.06.2011 00:00;48.39;48.39;48.39;48.39;48.39
21.06.2011 01:00;45.45;45.45;45.45;45.45;45.45
21.06.2011 02:00;42.42;42.42;42.42;42.42;42.42
21.06.2011 03:00;41.02;41.02;41.02;41.02;41.02
21.06.2011 04:00;39.01;39.01;39.01;39.01;39.01
21.06.2011 05:00;44.74;44.74;44.74;44.74;44.74
21.06.2011 06:00;49.14;49.14;48.41;49.14;49.14
21.06.2011 07:00;52.79;52.79;48.45;52.79;52.79
21.06.2011 08:00;53.97;53.97;48.63;53.97;53.97
21.06.2011 09:00;54.55;54.24;48.59;54.55;54.24
21.06.2011 10:00;54.88;54.46;48.57;54.88;54.46
21.06.2011 11:00;54.92;54.38;48.54;54.92;54.38
21.06.2011 12:00;54.78;54.31;48.51;54.78;54.31
21.06.2011 13:00;54.30;54.23;48.55;54.30;54.23
21.06.2011 14:00;53.80;53.80;48.53;53.80;53.80
21.06.2011 15:00;52.96;52.96;48.50;52.96;52.96
21.06.2011 16:00;52.30;52.30;48.45;52.30;52.30
21.06.2011 17:00;52.35;52.35;48.35;52.35;52.35
21.06.2011 18:00;52.20;52.20;48.29;52.20;52.20
21.06.2011 19:00;51.76;51.76;48.22;51.76;51.76
21.06.2011 20:00;50.50;50.50;48.20;50.50;50.50
21.06.2011 21:00;50.21;50.21;48.16;50.21;50.21
21.06.2011 22:00;50.28;50.28;47.38;50.28;50.28
21.06.2011 23:00;49.61;49.61;47.46;49.61;49.61
22.06.2011 00:00;46.91;46.91;46.91;46.91;46.91
22.06.2011 01:00;43.03;43.03;43.03;43.03;43.03
22.06.2011 02:00;41.07;41.07;41.07;41.07;41.07
22.06.2011 03:00;37.66;37.66;37.66;37.66;37.66
22.06.2011 04:00;39.00;39.00;39.00;39.00;39.00
22.06.2011 05:00;45.00;45.00;45.00;45.00;45.00
22.06.2011 06:00;49.23;49.23;46.77;49.23;49.23
22.06.2011 07:00;53.19;53.19;47.15;53.19;53.19
22.06.2011 08:00;55.00;55.00;48.05;55.00;55.00
22.06.2011 09:00;55.08;55.08;48.20;55.08;55.08
22.06.2011 10:00;55.18;55.18;48.07;55.18;55.18
22.06.2011 11:00;55.02;55.02;48.01;55.02;55.02
22.06.2011 12:00;54.95;54.95;47.93;54.95;54.95
22.06.2011 13:00;54.80;54.80;48.05;54.80;54.80
22.06.2011 14:00;54.43;54.43;48.04;54.43;54.43
22.06.2011 15:00;53.12;53.12;47.88;53.12;53.12
22.06.2011 16:00;52.56;52.56;47.76;52.56;52.56
22.06.2011 17:00;51.61;51.61;47.45;51.61;51.61
22.06.2011 18:00;50.76;50.76;46.98;50.76;50.76
22.06.2011 19:00;50.23;50.23;46.87;50.23;50.23
22.06.2011 20:00;50.12;50.12;46.84;50.12;50.12
22.06.2011 21:00;49.53;49.53;46.78;49.53;49.53
22.06.2011 22:00;49.00;49.00;46.74;49.00;49.00
22.06.2011 23:00;48.11;48.11;46.72;48.11;48.11
23.06.2011 00:00;42.00;42.00;42.00;42.00;42.00
23.06.2011 01:00;31.52;31.52;31.52;31.52;31.52
23.06.2011 02:00;23.59;23.59;23.59;23.59;23.59
23.06.2011 03:00;21.00;21.00;21.00;21.00;21.00
23.06.2011 04:00;24.58;24.58;24.58;24.58;24.58
23.06.2011 05:00;28.90;28.90;28.90;28.90;28.90
23.06.2011 06:00;41.80;41.80;41.80;41.80;41.80
23.06.2011 07:00;48.99;48.99;45.93;48.99;48.99
23.06.2011 08:00;49.90;49.90;46.10;49.90;49.90
23.06.2011 09:00;49.84;49.84;46.76;49.84;49.84
23.06.2011 10:00;49.74;49.74;46.77;49.74;49.74
23.06.2011 11:00;49.57;49.57;46.09;49.57;49.57
23.06.2011 12:00;49.38;49.38;45.94;49.38;49.38
23.06.2011 13:00;47.91;49.37;45.91;47.91;49.37
23.06.2011 14:00;46.71;49.36;45.91;46.71;49.36
23.06.2011 15:00;45.73;48.79;45.76;45.73;48.79
23.06.2011 16:00;46.00;48.17;45.70;46.00;48.17
23.06.2011 17:00;46.16;47.70;45.61;46.16;47.70
23.06.2011 18:00;47.08;47.08;45.52;47.08;47.08
23.06.2011 19:00;46.94;46.94;45.55;46.94;46.94
23.06.2011 20:00;46.23;46.23;45.52;46.23;46.23
23.06.2011 21:00;46.83;46.83;45.48;46.83;46.83
23.06.2011 22:00;45.88;45.88;44.59;45.88;45.88
23.06.2011 23:00;45.25;45.25;45.15;45.25;45.25
24.06.2011 00:00;44.02;44.02;44.02;44.02;44.02
24.06.2011 01:00;40.01;40.01;40.01;40.01;40.01
24.06.2011 02:00;36.00;36.00;36.00;36.00;36.00
24.06.2011 03:00;29.91;29.91;29.91;29.91;29.91
24.06.2011 04:00;26.60;26.60;26.60;26.60;26.60
24.06.2011 05:00;37.21;37.21;37.21;37.21;37.21
24.06.2011 06:00;43.50;43.50;43.50;43.50;43.50
24.06.2011 07:00;43.65;43.65;43.65;43.65;43.65
24.06.2011 08:00;45.61;45.61;45.61;45.61;45.61
24.06.2011 09:00;46.00;46.00;46.00;46.00;46.00
24.06.2011 10:00;46.03;46.03;46.03;46.03;46.03
24.06.2011 11:00;45.94;45.94;45.94;45.94;45.94
24.06.2011 12:00;45.54;45.54;45.54;45.54;45.54
24.06.2011 13:00;45.14;45.14;45.14;45.14;45.14
24.06.2011 14:00;44.58;44.58;44.58;44.58;44.58
24.06.2011 15:00;43.75;43.75;43.75;43.75;43.75
24.06.2011 16:00;43.19;43.19;43.19;43.19;43.19
24.06.2011 17:00;42.95;42.95;42.95;42.95;42.95
24.06.2011 18:00;43.05;43.05;43.05;43.05;43.05
24.06.2011 19:00;43.02;43.02;43.02;43.02;43.02
24.06.2011 20:00;42.38;42.38;42.38;42.38;42.38
24.06.2011 21:00;42.91;42.91;42.91;42.91;42.91
24.06.2011 22:00;43.60;43.60;43.60;43.60;43.60
24.06.2011 23:00;43.66;43.66;43.66;43.66;43.66
25.06.2011 00:00;43.91;43.91;43.91;43.91;43.91
25.06.2011 01:00;42.52;42.54;42.54;42.52;42.54
25.06.2011 02:00;40.93;40.93;40.93;40.93;40.93
25.06.2011 03:00;33.88;35.45;35.45;33.88;35.45
25.06.2011 04:00;25.05;33.22;33.22;25.05;33.22
25.06.2011 05:00;23.52;24.90;24.90;23.52;24.90
25.06.2011 06:00;29.81;31.41;31.41;29.81;31.41
25.06.2011 07:00;36.03;36.03;36.03;36.03;36.03
25.06.2011 08:00;38.16;38.16;38.16;38.16;38.16
25.06.2011 09:00;38.99;38.99;38.99;38.99;38.99
25.06.2011 10:00;40.42;40.42;40.42;40.42;40.42
25.06.2011 11:00;41.13;41.13;41.13;41.13;41.13
25.06.2011 12:00;40.42;40.42;40.42;40.42;40.42
25.06.2011 13:00;39.92;39.92;39.92;39.92;39.92
25.06.2011 14:00;39.00;39.00;39.00;39.00;39.00
25.06.2011 15:00;39.15;39.15;39.15;39.15;39.15
25.06.2011 16:00;39.60;39.60;39.60;39.60;39.60
25.06.2011 17:00;40.65;40.65;40.65;40.65;40.65
25.06.2011 18:00;41.89;41.89;41.89;41.89;41.89
25.06.2011 19:00;42.29;42.29;42.29;42.29;42.29
25.06.2011 20:00;41.74;41.74;41.74;41.74;41.74
25.06.2011 21:00;42.46;42.46;42.46;42.46;42.46
25.06.2011 22:00;42.70;42.70;42.70;42.70;42.70
25.06.2011 23:00;42.30;42.30;42.30;42.30;42.30
26.06.2011 00:00;43.18;43.18;43.18;43.18;43.18
26.06.2011 01:00;41.14;41.14;41.14;41.14;41.14
26.06.2011 02:00;25.39;35.91;35.91;25.39;35.91
26.06.2011 03:00;23.26;34.05;34.05;23.26;34.05
26.06.2011 04:00;21.60;30.10;30.10;21.60;30.10
26.06.2011 05:00;19.92;19.97;19.97;19.92;19.97
26.06.2011 06:00;23.25;23.27;23.27;23.25;23.27
26.06.2011 07:00;33.43;33.43;33.43;33.43;33.43
26.06.2011 08:00;40.44;40.44;40.44;40.44;40.44
26.06.2011 09:00;43.13;43.13;43.13;43.13;43.13
26.06.2011 10:00;43.47;43.47;43.47;43.47;43.47
26.06.2011 11:00;44.19;44.19;44.19;44.19;44.19
26.06.2011 12:00;43.75;43.75;43.75;43.75;43.75
26.06.2011 13:00;43.31;43.31;43.31;43.31;43.31
26.06.2011 14:00;41.98;41.98;41.98;41.98;41.98
26.06.2011 15:00;41.69;41.69;41.69;41.69;41.69
26.06.2011 16:00;42.25;42.25;42.25;42.25;42.25
26.06.2011 17:00;43.27;43.27;43.27;43.27;43.27
26.06.2011 18:00;44.06;44.06;44.06;44.06;44.06
26.06.2011 19:00;44.92;44.92;44.75;44.92;44.92
26.06.2011 20:00;45.53;45.53;45.45;45.53;45.53
26.06.2011 21:00;45.64;45.64;45.51;45.64;45.64
26.06.2011 22:00;45.61;45.61;45.21;45.61;45.61
26.06.2011 23:00;44.04;44.04;43.85;44.04;44.04
27.06.2011 00:00;46.20;46.20;46.20;46.20;46.20
27.06.2011 01:00;43.05;43.05;43.05;43.05;43.05
27.06.2011 02:00;41.41;41.41;41.41;41.41;41.41
27.06.2011 03:00;39.56;39.56;39.56;39.56;39.56
27.06.2011 04:00;39.65;39.65;39.65;39.65;39.65
27.06.2011 05:00;42.25;42.25;42.25;42.25;42.25
27.06.2011 06:00;47.81;47.81;47.81;47.81;47.81
27.06.2011 07:00;49.37;49.37;44.87;49.37;49.37
27.06.2011 08:00;50.61;49.93;45.77;50.61;49.93
27.06.2011 09:00;51.35;49.97;44.86;51.35;49.97
27.06.2011 10:00;51.65;49.95;44.89;51.65;49.95
27.06.2011 11:00;52.25;49.96;46.22;52.25;49.96
27.06.2011 12:00;52.42;49.95;46.15;52.42;49.95
27.06.2011 13:00;51.99;49.95;46.14;51.99;49.95
27.06.2011 14:00;51.22;49.94;46.12;51.22;49.94
27.06.2011 15:00;49.83;49.83;46.16;49.83;49.83
27.06.2011 16:00;49.50;49.50;46.15;49.50;49.50
27.06.2011 17:00;49.37;49.37;45.94;49.37;49.37
27.06.2011 18:00;49.52;49.52;46.13;49.52;49.52
27.06.2011 19:00;49.36;49.36;46.14;49.36;49.36
27.06.2011 20:00;48.85;48.85;46.13;48.85;48.85
27.06.2011 21:00;48.25;48.25;45.31;48.25;48.25
27.06.2011 22:00;48.28;48.28;40.07;48.28;48.28
27.06.2011 23:00;45.10;45.10;40.40;45.10;45.10
28.06.2011 00:00;40.28;40.28;39.53;40.28;40.28
28.06.2011 01:00;36.77;36.77;36.77;36.77;36.77
28.06.2011 02:00;31.85;31.85;31.85;31.85;31.85
28.06.2011 03:00;29.57;29.57;29.57;29.57;29.57
28.06.2011 04:00;31.29;31.29;31.29;31.29;31.29
28.06.2011 05:00;40.35;40.35;39.46;40.35;40.35
28.06.2011 06:00;46.87;46.87;45.03;46.87;46.87
28.06.2011 07:00;48.48;47.85;39.54;48.48;47.85
28.06.2011 08:00;49.74;48.52;40.01;49.74;48.52
28.06.2011 09:00;50.27;48.74;39.64;50.27;48.74
28.06.2011 10:00;50.56;48.74;39.81;50.56;48.74
28.06.2011 11:00;50.44;49.04;39.79;50.44;49.04
28.06.2011 12:00;50.37;49.46;39.74;50.37;49.46
28.06.2011 13:00;50.58;49.43;44.85;50.58;49.43
28.06.2011 14:00;50.42;49.33;44.95;50.42;49.33
28.06.2011 15:00;48.75;48.64;44.95;48.75;48.64
28.06.2011 16:00;48.51;48.51;39.97;48.51;48.51
28.06.2011 17:00;49.09;49.09;41.68;49.09;49.09
28.06.2011 18:00;48.58;48.58;41.70;48.58;48.58
28.06.2011 19:00;48.02;48.02;41.78;48.02;48.02
28.06.2011 20:00;47.55;47.55;41.68;47.55;47.55
28.06.2011 21:00;47.33;47.33;41.55;47.33;47.33
28.06.2011 22:00;47.15;47.15;39.50;47.15;47.15
28.06.2011 23:00;45.84;45.84;39.46;45.84;45.84
29.06.2011 00:00;42.52;42.52;38.70;42.52;42.52
29.06.2011 01:00;38.51;38.51;38.51;38.51;38.51
29.06.2011 02:00;36.86;36.86;36.86;36.86;36.86
29.06.2011 03:00;35.57;35.57;35.57;35.57;35.57
29.06.2011 04:00;35.28;35.28;35.28;35.28;35.28
29.06.2011 05:00;40.10;40.10;38.59;40.10;40.10
29.06.2011 06:00;46.96;46.96;43.03;46.96;46.96
29.06.2011 07:00;48.56;48.47;41.23;48.56;48.47
29.06.2011 08:00;49.27;48.92;41.13;49.27;48.92
29.06.2011 09:00;49.58;48.99;41.32;49.58;48.99
29.06.2011 10:00;49.71;48.98;41.29;49.71;48.98
29.06.2011 11:00;49.69;48.87;40.90;49.69;48.87
29.06.2011 12:00;49.43;48.83;39.95;49.43;48.83
29.06.2011 13:00;49.45;48.79;39.98;49.45;48.79
29.06.2011 14:00;49.00;48.71;39.90;49.00;48.71
29.06.2011 15:00;48.26;48.26;39.55;48.26;48.26
29.06.2011 16:00;47.89;47.89;39.32;47.89;47.89
29.06.2011 17:00;47.46;47.46;39.10;47.46;47.46
29.06.2011 18:00;47.25;47.25;39.48;47.25;47.25
29.06.2011 19:00;46.99;46.99;39.52;46.99;46.99
29.06.2011 20:00;46.50;46.50;39.45;46.50;46.50
29.06.2011 21:00;46.22;46.22;39.26;46.22;46.22
29.06.2011 22:00;46.04;46.04;38.36;46.04;46.04
29.06.2011 23:00;44.94;44.94;36.35;44.94;44.94
30.06.2011 00:00;42.31;42.31;31.21;42.31;42.31
30.06.2011 01:00;40.20;40.20;33.59;40.20;40.20
30.06.2011 02:00;36.12;36.12;33.14;36.12;36.12
30.06.2011 03:00;33.10;33.10;32.88;33.10;33.10
30.06.2011 04:00;35.03;35.03;32.22;35.03;35.03
30.06.2011 05:00;40.52;40.52;25.69;40.52;40.52
30.06.2011 06:00;43.70;43.70;35.36;43.70;43.70
30.06.2011 07:00;45.84;45.84;32.04;45.84;45.84
30.06.2011 08:00;47.81;46.42;32.40;47.81;46.42
30.06.2011 09:00;48.10;46.56;33.17;48.10;46.56
30.06.2011 10:00;48.43;46.62;33.17;48.43;46.62
30.06.2011 11:00;47.63;46.53;32.90;47.63;46.53
30.06.2011 12:00;48.34;46.50;32.46;48.34;46.50
30.06.2011 13:00;48.22;46.42;32.23;48.22;46.42
30.06.2011 14:00;47.41;46.34;32.07;47.41;46.34
30.06.2011 15:00;46.13;45.64;32.06;46.13;45.64
30.06.2011 16:00;45.78;45.61;32.03;45.78;45.61
30.06.2011 17:00;45.37;45.37;32.00;45.37;45.37
30.06.2011 18:00;45.10;45.10;31.98;45.10;45.10
30.06.2011 19:00;44.20;44.20;31.98;44.20;44.20
30.06.2011 20:00;43.62;43.62;31.57;43.62;43.62
30.06.2011 21:00;43.33;43.33;30.37;43.33;43.33
30.06.2011 22:00;42.94;42.94;25.67;42.94;42.94
30.06.2011 23:00;41.75;41.75;25.61;41.75;41.75
01.07.2011 00:00;39.86;39.86;32.13;39.86;39.86
01.07.2011 01:00;35.84;35.84;29.34;35.84;35.84
01.07.2011 02:00;30.52;30.52;27.40;30.52;30.52
01.07.2011 03:00;29.34;29.34;26.31;29.34;29.34
01.07.2011 04:00;28.57;28.57;25.45;28.57;28.57
01.07.2011 05:00;37.52;37.52;26.50;37.52;37.52
01.07.2011 06:00;42.25;40.84;33.01;42.25;40.84
01.07.2011 07:00;46.85;41.55;32.05;46.85;41.55
01.07.2011 08:00;48.28;41.95;32.14;48.28;41.95
01.07.2011 09:00;48.79;42.25;32.86;48.79;42.25
01.07.2011 10:00;46.29;42.41;33.27;50.70;42.41
01.07.2011 11:00;46.23;42.41;34.00;49.56;42.41
01.07.2011 12:00;46.21;42.38;33.04;49.01;42.38
01.07.2011 13:00;46.13;42.24;32.42;47.56;42.24
01.07.2011 14:00;45.29;41.98;32.14;45.29;41.98
01.07.2011 15:00;43.29;41.62;32.07;43.29;41.62
01.07.2011 16:00;42.01;41.32;32.04;42.01;41.32
01.07.2011 17:00;42.43;41.14;30.28;42.43;41.14
01.07.2011 18:00;42.59;41.15;29.79;42.59;41.15
01.07.2011 19:00;41.46;40.99;29.80;41.46;40.99
01.07.2011 20:00;40.87;40.87;27.69;40.87;40.87
01.07.2011 21:00;40.34;40.34;25.94;40.34;40.34
01.07.2011 22:00;40.23;40.23;23.46;40.23;40.23
01.07.2011 23:00;38.50;38.50;22.00;38.50;38.50
02.07.2011 00:00;40.46;40.46;34.83;40.46;40.46
02.07.2011 01:00;38.44;38.44;34.14;38.44;38.44
02.07.2011 02:00;35.71;35.71;33.65;35.71;35.71
02.07.2011 03:00;27.13;27.13;27.13;27.13;27.13
02.07.2011 04:00;25.70;25.70;25.70;25.70;25.70
02.07.2011 05:00;23.62;23.62;23.62;23.62;23.62
02.07.2011 06:00;28.01;28.01;28.01;28.01;28.01
02.07.2011 07:00;37.76;37.76;33.38;37.76;37.76
02.07.2011 08:00;39.57;39.57;33.02;39.57;39.57
02.07.2011 09:00;40.45;40.45;34.35;40.45;40.45
02.07.2011 10:00;41.47;41.28;34.68;41.47;41.28
02.07.2011 11:00;41.42;41.37;35.04;41.42;41.37
02.07.2011 12:00;41.06;41.06;34.79;41.06;41.06
02.07.2011 13:00;40.53;40.53;34.57;40.53;40.53
02.07.2011 14:00;40.30;40.30;34.20;40.30;40.30
02.07.2011 15:00;39.07;39.07;33.86;39.07;39.07
02.07.2011 16:00;39.46;39.46;33.66;39.46;39.46
02.07.2011 17:00;40.27;40.27;33.75;40.27;40.27
02.07.2011 18:00;40.26;40.26;33.88;40.26;40.26
02.07.2011 19:00;39.74;39.74;33.88;39.74;39.74
02.07.2011 20:00;38.73;38.73;33.37;38.73;38.73
02.07.2011 21:00;38.24;38.24;33.00;38.24;38.24
02.07.2011 22:00;38.66;38.66;32.06;38.66;38.66
02.07.2011 23:00;32.96;32.96;32.02;32.96;32.96
03.07.2011 00:00;34.35;34.35;34.35;34.35;34.35
03.07.2011 01:00;21.35;21.35;21.35;21.35;21.35
03.07.2011 02:00;10.68;10.68;10.68;10.68;10.68
03.07.2011 03:00;10.10;10.10;10.10;10.10;10.10
03.07.2011 04:00;9.90;9.90;9.90;9.90;9.90
03.07.2011 05:00;5.02;5.02;5.02;5.02;5.02
03.07.2011 06:00;9.90;9.90;9.90;9.90;9.90
03.07.2011 07:00;10.27;10.27;10.27;10.27;10.27
03.07.2011 08:00;17.07;17.07;17.07;17.07;17.07
03.07.2011 09:00;28.05;28.05;28.05;28.05;28.05
03.07.2011 10:00;40.04;40.04;31.98;40.04;40.04
03.07.2011 11:00;43.03;41.14;32.73;43.03;41.14
03.07.2011 12:00;43.00;41.13;34.11;43.00;41.13
03.07.2011 13:00;37.10;37.10;34.04;37.10;37.10
03.07.2011 14:00;32.45;32.45;32.45;32.45;32.45
03.07.2011 15:00;29.08;29.08;29.08;29.08;29.08
03.07.2011 16:00;29.99;29.99;29.99;29.99;29.99
03.07.2011 17:00;40.00;40.00;32.52;40.00;40.00
03.07.2011 18:00;43.01;40.97;32.99;43.01;40.97
03.07.2011 19:00;42.65;40.26;40.26;42.65;40.26
03.07.2011 20:00;42.40;40.28;40.28;42.40;40.28
03.07.2011 21:00;41.51;40.32;40.32;41.51;40.32
03.07.2011 22:00;43.64;40.20;40.20;43.64;40.20
03.07.2011 23:00;41.33;39.91;39.91;41.33;39.91
04.07.2011 00:00;42.09;42.09;39.87;42.09;42.09
04.07.2011 01:00;38.61;38.61;38.46;38.61;38.61
04.07.2011 02:00;36.66;36.66;36.66;36.66;36.66
04.07.2011 03:00;32.31;32.31;32.31;32.31;32.31
04.07.2011 04:00;30.31;30.31;30.31;30.31;30.31
04.07.2011 05:00;37.26;37.26;37.26;37.26;37.26
04.07.2011 06:00;45.51;37.38;37.38;45.51;37.38
04.07.2011 07:00;49.88;36.53;36.53;49.88;36.53
04.07.2011 08:00;47.20;38.28;38.28;50.09;38.28
04.07.2011 09:00;47.45;38.39;38.39;50.49;38.39
04.07.2011 10:00;47.46;38.47;38.47;50.01;38.47
04.07.2011 11:00;47.48;38.45;38.45;50.20;38.45
04.07.2011 12:00;47.30;38.72;38.72;50.17;38.72
04.07.2011 13:00;47.27;38.49;38.49;50.09;38.49
04.07.2011 14:00;47.29;38.44;38.44;50.03;38.44
04.07.2011 15:00;47.03;38.36;38.36;49.30;38.36
04.07.2011 16:00;46.88;38.08;38.08;48.75;38.08
04.07.2011 17:00;46.68;37.65;37.65;48.42;37.65
04.07.2011 18:00;46.56;37.04;37.04;47.96;37.04
04.07.2011 19:00;46.59;36.56;36.56;47.76;36.56
04.07.2011 20:00;46.60;36.46;36.46;46.60;36.46
04.07.2011 21:00;44.58;38.87;38.87;44.58;38.87
04.07.2011 22:00;44.42;40.46;37.43;44.42;40.46
04.07.2011 23:00;43.91;39.98;37.40;43.91;39.98
05.07.2011 00:00;43.94;41.82;37.47;43.94;41.82
05.07.2011 01:00;40.41;40.41;37.43;40.41;40.41
05.07.2011 02:00;39.40;39.40;37.42;39.40;39.40
05.07.2011 03:00;37.35;37.35;37.35;37.35;37.35
05.07.2011 04:00;37.01;37.01;37.01;37.01;37.01
05.07.2011 05:00;39.53;39.53;37.42;39.53;39.53
05.07.2011 06:00;47.51;36.75;36.75;47.51;36.75
05.07.2011 07:00;47.54;36.27;36.27;47.54;36.27
05.07.2011 08:00;47.98;37.34;37.34;48.48;37.34
05.07.2011 09:00;48.77;37.62;37.62;49.33;37.62
05.07.2011 10:00;48.95;37.86;37.86;48.95;37.86
05.07.2011 11:00;48.58;37.09;37.09;48.79;37.09
05.07.2011 12:00;47.96;37.10;37.10;48.62;37.10
05.07.2011 13:00;47.96;37.07;37.07;48.62;37.07
05.07.2011 14:00;48.01;36.58;36.58;48.76;36.58
05.07.2011 15:00;48.16;37.09;37.09;48.48;37.09
05.07.2011 16:00;47.93;37.06;37.06;48.01;37.06
05.07.2011 17:00;47.83;36.15;36.15;48.09;36.15
05.07.2011 18:00;47.76;34.65;34.65;47.76;34.65
05.07.2011 19:00;47.58;33.66;33.66;47.58;33.66
05.07.2011 20:00;47.53;32.97;32.97;47.53;32.97
05.07.2011 21:00;45.99;37.36;37.36;45.99;37.36
05.07.2011 22:00;45.37;42.06;37.37;45.37;42.06
05.07.2011 23:00;44.00;39.82;37.33;44.00;39.82
06.07.2011 00:00;44.45;41.04;37.19;44.45;41.04
06.07.2011 01:00;41.57;39.38;36.68;41.57;39.38
06.07.2011 02:00;39.85;38.68;36.62;39.85;38.68
06.07.2011 03:00;38.92;38.07;36.60;38.92;38.07
06.07.2011 04:00;38.65;37.52;36.59;38.65;37.52
06.07.2011 05:00;41.29;37.96;36.62;41.29;37.96
06.07.2011 06:00;47.03;37.79;37.62;47.03;37.79
06.07.2011 07:00;48.24;39.25;38.14;48.24;39.25
06.07.2011 08:00;48.82;40.92;38.84;48.82;40.92
06.07.2011 09:00;49.09;41.57;39.09;50.16;41.57
06.07.2011 10:00;48.98;42.01;38.67;48.98;42.01
06.07.2011 11:00;48.91;41.36;38.63;48.91;41.36
06.07.2011 12:00;48.85;42.05;38.59;48.85;42.05
06.07.2011 13:00;48.77;41.26;38.42;48.77;41.26
06.07.2011 14:00;48.67;41.11;38.31;48.67;41.11
06.07.2011 15:00;48.81;40.38;38.04;48.81;40.38
06.07.2011 16:00;47.83;42.18;37.89;47.83;42.18
06.07.2011 17:00;47.67;42.11;37.82;47.67;42.11
06.07.2011 18:00;46.74;42.02;37.67;46.74;42.02
06.07.2011 19:00;47.06;41.55;37.71;47.06;41.55
06.07.2011 20:00;45.95;41.71;37.73;45.95;41.71
06.07.2011 21:00;45.00;41.32;37.62;45.00;41.32
06.07.2011 22:00;45.20;40.97;36.29;45.20;40.97
06.07.2011 23:00;44.29;40.00;36.20;44.29;40.00
07.07.2011 00:00;44.28;43.46;36.56;44.28;43.46
07.07.2011 01:00;42.59;42.41;36.44;42.59;42.41
07.07.2011 02:00;39.25;39.25;36.39;39.25;39.25
07.07.2011 03:00;39.30;39.30;36.35;39.30;39.30
07.07.2011 04:00;39.20;39.20;36.32;39.20;39.20
07.07.2011 05:00;42.15;41.74;36.36;42.15;41.74
07.07.2011 06:00;47.17;42.24;36.75;47.17;42.24
07.07.2011 07:00;47.46;43.42;38.74;47.96;43.42
07.07.2011 08:00;47.77;44.44;39.47;49.57;44.44
07.07.2011 09:00;47.81;44.78;39.72;50.30;44.78
07.07.2011 10:00;47.91;44.79;39.93;51.00;44.79
07.07.2011 11:00;47.78;44.66;39.29;50.77;44.66
07.07.2011 12:00;47.72;44.97;39.14;49.98;44.97
07.07.2011 13:00;47.82;44.93;39.07;50.19;44.93
07.07.2011 14:00;47.87;44.55;39.03;49.97;44.55
07.07.2011 15:00;47.84;44.33;38.81;49.40;44.33
07.07.2011 16:00;47.81;44.19;38.68;48.74;44.19
07.07.2011 17:00;47.85;43.70;38.67;48.05;43.70
07.07.2011 18:00;47.71;43.07;38.64;48.62;43.07
07.07.2011 19:00;47.65;43.11;38.63;48.67;43.11
07.07.2011 20:00;47.58;43.29;38.10;47.58;43.29
07.07.2011 21:00;47.41;42.86;38.04;47.41;42.86
07.07.2011 22:00;46.98;42.11;36.26;46.98;42.11
07.07.2011 23:00;44.55;41.42;36.17;44.55;41.42
08.07.2011 00:00;45.04;45.04;39.04;45.04;45.04
08.07.2011 01:00;43.49;43.49;37.29;43.49;43.49
08.07.2011 02:00;40.74;40.74;36.77;40.74;40.74
08.07.2011 03:00;39.97;39.97;36.73;39.97;39.97
08.07.2011 04:00;39.33;39.33;36.67;39.33;39.33
08.07.2011 05:00;42.07;42.07;36.69;42.07;42.07
08.07.2011 06:00;45.85;44.33;39.27;45.85;44.33
08.07.2011 07:00;47.58;44.26;39.89;47.58;44.26
08.07.2011 08:00;49.41;44.96;40.00;49.71;44.96
08.07.2011 09:00;49.09;45.13;40.05;50.01;45.13
08.07.2011 10:00;49.20;45.32;40.11;50.47;45.32
08.07.2011 11:00;49.03;45.30;40.02;50.37;45.30
08.07.2011 12:00;48.96;45.24;40.03;50.12;45.24
08.07.2011 13:00;48.80;45.19;40.00;49.52;45.19
08.07.2011 14:00;48.10;45.05;39.97;48.10;45.05
08.07.2011 15:00;47.09;44.74;39.93;47.09;44.74
08.07.2011 16:00;46.21;44.24;39.89;46.21;44.24
08.07.2011 17:00;45.82;43.33;39.90;45.82;43.33
08.07.2011 18:00;46.16;42.86;39.88;46.16;42.86
08.07.2011 19:00;45.99;42.55;39.86;45.99;42.55
08.07.2011 20:00;44.66;43.51;39.82;44.66;43.51
08.07.2011 21:00;43.73;43.21;39.54;43.73;43.21
08.07.2011 22:00;44.11;43.57;36.35;44.11;43.57
08.07.2011 23:00;43.49;42.93;36.34;43.49;42.93
09.07.2011 00:00;43.53;43.53;39.39;43.53;43.53
09.07.2011 01:00;42.55;42.55;39.30;42.55;42.55
09.07.2011 02:00;41.03;41.03;39.28;41.03;41.03
09.07.2011 03:00;40.49;40.49;39.24;40.49;40.49
09.07.2011 04:00;39.47;39.47;38.70;39.47;39.47
09.07.2011 05:00;40.05;40.05;38.70;40.05;40.05
09.07.2011 06:00;41.25;41.25;39.08;41.25;41.25
09.07.2011 07:00;42.65;42.65;38.70;42.65;42.65
09.07.2011 08:00;44.27;43.59;38.63;44.27;43.59
09.07.2011 09:00;44.28;43.96;38.73;44.28;43.96
09.07.2011 10:00;45.00;44.65;38.82;45.00;44.65
09.07.2011 11:00;45.66;44.81;38.84;45.66;44.81
09.07.2011 12:00;44.95;44.67;38.81;44.95;44.67
09.07.2011 13:00;44.39;44.29;38.77;44.39;44.29
09.07.2011 14:00;43.55;43.55;38.74;43.55;43.55
09.07.2011 15:00;43.05;43.05;38.72;43.05;43.05
09.07.2011 16:00;43.41;43.41;38.71;43.41;43.41
09.07.2011 17:00;43.66;43.66;38.71;43.66;43.66
09.07.2011 18:00;44.03;43.91;38.73;44.03;43.91
09.07.2011 19:00;43.92;43.77;38.73;43.92;43.77
09.07.2011 20:00;43.75;43.75;38.70;43.75;43.75
09.07.2011 21:00;43.60;43.60;38.68;43.60;43.60
09.07.2011 22:00;44.38;43.65;38.66;44.38;43.65
09.07.2011 23:00;43.21;43.21;38.66;43.21;43.21
10.07.2011 00:00;43.04;43.04;39.27;43.04;43.04
10.07.2011 01:00;40.58;40.58;39.21;40.58;40.58
10.07.2011 02:00;38.57;38.57;38.57;38.57;38.57
10.07.2011 03:00;36.85;36.85;36.85;36.85;36.85
10.07.2011 04:00;27.67;27.67;27.67;27.67;27.67
10.07.2011 05:00;24.90;24.90;24.90;24.90;24.90
10.07.2011 06:00;29.23;29.23;29.23;29.23;29.23
10.07.2011 07:00;39.61;39.61;39.12;39.61;39.61
10.07.2011 08:00;41.76;41.76;38.44;41.76;41.76
10.07.2011 09:00;43.05;43.05;38.53;43.05;43.05
10.07.2011 10:00;43.51;43.51;38.61;43.51;43.51
10.07.2011 11:00;43.88;43.88;38.65;43.88;43.88
10.07.2011 12:00;43.96;43.96;38.66;43.96;43.96
10.07.2011 13:00;43.80;43.80;38.65;43.80;43.80
10.07.2011 14:00;43.52;43.52;38.66;43.52;43.52
10.07.2011 15:00;43.26;43.26;38.63;43.26;43.26
10.07.2011 16:00;43.58;43.58;38.64;43.58;43.58
10.07.2011 17:00;43.94;43.94;38.63;43.94;43.94
10.07.2011 18:00;44.68;44.68;38.65;44.68;44.68
10.07.2011 19:00;45.15;44.98;38.66;45.15;44.98
10.07.2011 20:00;44.84;44.84;38.69;44.84;44.84
10.07.2011 21:00;44.39;44.39;38.68;44.39;44.39
10.07.2011 22:00;44.98;44.98;38.65;44.98;44.98
10.07.2011 23:00;44.03;44.03;38.61;44.03;44.03
11.07.2011 00:00;43.42;43.42;42.40;43.42;43.42
11.07.2011 01:00;42.99;42.99;39.96;42.99;42.99
11.07.2011 02:00;41.64;41.64;39.87;41.64;41.64
11.07.2011 03:00;40.80;40.80;39.83;40.80;40.80
11.07.2011 04:00;40.96;40.96;39.79;40.96;40.96
11.07.2011 05:00;42.28;42.28;39.84;42.28;42.28
11.07.2011 06:00;44.71;43.77;38.22;44.71;43.77
11.07.2011 07:00;44.03;43.51;39.64;45.45;43.51
11.07.2011 08:00;44.76;44.00;41.75;47.40;44.00
11.07.2011 09:00;45.95;44.47;41.89;48.80;44.47
11.07.2011 10:00;46.08;44.68;42.30;49.66;44.68
11.07.2011 11:00;46.07;44.74;41.74;49.84;44.74
11.07.2011 12:00;46.00;45.01;45.01;49.30;45.01
11.07.2011 13:00;46.04;44.83;44.83;49.09;44.83
11.07.2011 14:00;45.28;44.58;44.58;48.75;44.58
11.07.2011 15:00;44.93;44.53;44.53;48.43;44.53
11.07.2011 16:00;44.69;44.32;44.32;47.69;44.32
11.07.2011 17:00;44.41;44.00;44.00;47.65;44.00
11.07.2011 18:00;44.28;44.07;44.07;48.24;44.07
11.07.2011 19:00;44.70;43.91;43.91;48.07;43.91
11.07.2011 20:00;44.87;43.98;43.98;47.58;43.98
11.07.2011 21:00;44.81;43.81;42.82;46.55;43.81
11.07.2011 22:00;44.24;43.69;40.12;46.70;43.69
11.07.2011 23:00;43.25;43.25;39.90;43.25;43.25
12.07.2011 00:00;43.89;44.18;40.08;44.85;44.18
12.07.2011 01:00;42.40;42.40;42.40;42.40;42.40
12.07.2011 02:00;40.71;40.71;40.71;40.71;40.71
12.07.2011 03:00;40.24;40.24;40.24;40.24;40.24
12.07.2011 04:00;40.12;40.12;40.12;40.12;40.12
12.07.2011 05:00;42.28;42.28;42.28;42.28;42.28
12.07.2011 06:00;43.86;43.86;39.99;43.86;43.86
12.07.2011 07:00;43.74;44.02;40.72;48.11;44.02
12.07.2011 08:00;43.83;44.28;44.28;48.84;44.28
12.07.2011 09:00;45.31;44.46;44.46;50.00;44.46
12.07.2011 10:00;45.69;44.50;44.50;50.41;44.50
12.07.2011 11:00;45.65;44.51;44.51;50.61;44.51
12.07.2011 12:00;45.73;44.44;44.44;50.20;44.44
12.07.2011 13:00;45.80;44.38;44.38;50.23;44.38
12.07.2011 14:00;45.73;44.26;44.26;49.74;44.26
12.07.2011 15:00;44.77;44.15;44.15;49.26;44.15
12.07.2011 16:00;44.34;44.61;44.61;48.95;44.61
12.07.2011 17:00;44.08;44.38;44.38;49.21;44.38
12.07.2011 18:00;44.01;44.36;44.36;49.02;44.36
12.07.2011 19:00;44.62;44.24;44.24;48.83;44.24
12.07.2011 20:00;44.93;44.29;42.91;48.12;44.29
12.07.2011 21:00;45.01;44.21;42.08;47.30;44.21
12.07.2011 22:00;43.90;44.15;40.14;47.06;44.15
12.07.2011 23:00;43.27;43.27;40.01;43.27;43.27
13.07.2011 00:00;41.51;41.51;41.51;41.51;41.51
13.07.2011 01:00;38.18;38.18;38.18;38.18;38.18
13.07.2011 02:00;36.14;36.14;36.14;36.14;36.14
13.07.2011 03:00;35.09;35.09;35.09;35.09;35.09
13.07.2011 04:00;36.07;36.07;36.07;36.07;36.07
13.07.2011 05:00;40.60;40.60;40.60;40.60;40.60
13.07.2011 06:00;44.03;44.03;44.03;44.03;44.03
13.07.2011 07:00;44.32;44.02;43.67;47.65;44.02
13.07.2011 08:00;44.63;44.29;44.29;48.87;44.29
13.07.2011 09:00;44.86;44.46;44.46;49.26;44.46
13.07.2011 10:00;45.70;44.52;44.52;49.83;44.52
13.07.2011 11:00;44.98;44.53;44.53;49.77;44.53
13.07.2011 12:00;45.06;44.62;44.62;49.92;44.62
13.07.2011 13:00;44.60;44.59;44.59;49.83;44.59
13.07.2011 14:00;44.58;44.52;44.52;49.29;44.52
13.07.2011 15:00;44.46;44.34;44.34;49.13;44.34
13.07.2011 16:00;44.28;44.60;44.60;48.57;44.60
13.07.2011 17:00;44.16;44.43;44.21;48.41;44.43
13.07.2011 18:00;44.32;44.26;43.05;47.99;44.26
13.07.2011 19:00;44.61;44.14;42.32;47.80;44.14
13.07.2011 20:00;44.56;44.22;41.89;44.56;44.22
13.07.2011 21:00;43.71;43.71;41.86;43.71;43.71
13.07.2011 22:00;43.84;43.84;43.00;43.84;43.84
13.07.2011 23:00;43.09;43.09;40.51;43.09;43.09
14.07.2011 00:00;42.20;42.20;42.20;42.20;42.20
14.07.2011 01:00;39.46;39.46;39.46;39.46;39.46
14.07.2011 02:00;35.00;35.00;35.00;35.00;35.00
14.07.2011 03:00;30.40;30.40;30.40;30.40;30.40
14.07.2011 04:00;30.01;30.01;30.01;30.01;30.01
14.07.2011 05:00;39.51;39.51;39.51;39.51;39.51
14.07.2011 06:00;42.53;42.53;42.53;42.53;42.53
14.07.2011 07:00;45.15;43.57;43.18;45.50;43.57
14.07.2011 08:00;46.02;43.87;43.51;48.29;43.87
14.07.2011 09:00;46.25;44.01;43.56;49.24;44.01
14.07.2011 10:00;46.38;44.04;43.59;49.69;44.04
14.07.2011 11:00;46.51;44.00;43.58;49.43;44.00
14.07.2011 12:00;46.26;43.97;43.53;49.86;43.97
14.07.2011 13:00;46.38;43.93;42.47;49.68;43.93
14.07.2011 14:00;46.37;43.87;43.45;49.32;43.87
14.07.2011 15:00;46.26;43.18;43.18;48.41;43.18
14.07.2011 16:00;46.11;43.82;43.19;47.69;43.82
14.07.2011 17:00;45.94;44.47;43.03;46.40;44.47
14.07.2011 18:00;45.21;44.53;42.80;45.61;44.53
14.07.2011 19:00;44.66;44.50;42.60;44.66;44.50
14.07.2011 20:00;44.27;44.27;41.61;44.27;44.27
14.07.2011 21:00;43.87;43.87;41.62;43.87;43.87
14.07.2011 22:00;43.90;43.90;42.77;43.90;43.90
14.07.2011 23:00;42.44;42.44;42.35;42.44;42.44
15.07.2011 00:00;40.23;40.23;40.23;40.23;40.23
15.07.2011 01:00;35.58;35.58;35.58;35.58;35.58
15.07.2011 02:00;28.35;28.35;28.35;28.35;28.35
15.07.2011 03:00;27.97;27.97;27.97;27.97;27.97
15.07.2011 04:00;27.98;27.98;27.98;27.98;27.98
15.07.2011 05:00;38.95;38.95;38.95;38.95;38.95
15.07.2011 06:00;43.59;43.59;43.59;43.59;43.59
15.07.2011 07:00;45.22;44.34;43.43;45.22;44.34
15.07.2011 08:00;45.95;44.52;43.61;45.95;44.52
15.07.2011 09:00;47.36;44.71;43.99;47.36;44.71
15.07.2011 10:00;47.69;44.85;44.85;47.69;44.85
15.07.2011 11:00;47.52;44.87;44.87;47.52;44.87
15.07.2011 12:00;47.37;44.86;44.86;47.37;44.86
15.07.2011 13:00;46.71;44.82;44.82;46.71;44.82
15.07.2011 14:00;44.88;44.75;44.75;44.88;44.75
15.07.2011 15:00;44.31;44.31;44.31;44.31;44.31
15.07.2011 16:00;44.21;44.21;43.89;44.21;44.21
15.07.2011 17:00;44.31;44.29;43.68;44.31;44.29
15.07.2011 18:00;44.43;44.27;43.81;44.43;44.27
15.07.2011 19:00;44.02;44.02;43.75;44.02;44.02
15.07.2011 20:00;43.44;43.44;43.20;43.44;43.44
15.07.2011 21:00;43.15;43.15;42.84;43.15;43.15
15.07.2011 22:00;43.66;43.66;43.18;43.66;43.66
15.07.2011 23:00;43.16;43.16;43.16;43.16;43.16
16.07.2011 00:00;44.46;44.46;39.45;44.46;44.46
16.07.2011 01:00;42.14;42.14;42.14;42.14;42.14
16.07.2011 02:00;42.10;42.10;41.67;42.10;42.10
16.07.2011 03:00;40.91;40.91;40.67;40.91;40.91
16.07.2011 04:00;40.23;40.23;40.23;40.23;40.23
16.07.2011 05:00;39.28;39.28;39.28;39.28;39.28
16.07.2011 06:00;39.01;39.01;39.01;39.01;39.01
16.07.2011 07:00;42.94;42.94;39.49;42.94;42.94
16.07.2011 08:00;42.99;42.99;39.53;42.99;42.99
16.07.2011 09:00;43.54;43.54;39.21;43.54;43.54
16.07.2011 10:00;43.79;43.79;39.30;43.79;43.79
16.07.2011 11:00;43.70;43.70;39.32;43.70;43.70
16.07.2011 12:00;43.34;43.34;39.28;43.34;43.34
16.07.2011 13:00;42.10;42.10;39.22;42.10;42.10
16.07.2011 14:00;41.89;41.89;39.20;41.89;41.89
16.07.2011 15:00;41.11;41.11;39.16;41.11;41.11
16.07.2011 16:00;41.93;41.93;39.16;41.93;41.93
16.07.2011 17:00;43.29;43.29;39.19;43.29;43.29
16.07.2011 18:00;43.64;43.64;39.23;43.64;43.64
16.07.2011 19:00;43.34;43.34;39.23;43.34;43.34
16.07.2011 20:00;42.72;42.72;39.14;42.72;42.72
16.07.2011 21:00;42.48;42.48;39.08;42.48;42.48
16.07.2011 22:00;42.37;42.37;39.01;42.37;42.37
16.07.2011 23:00;39.07;39.07;39.07;39.07;39.07
17.07.2011 00:00;33.82;33.82;33.82;33.82;33.82
17.07.2011 01:00;25.00;25.00;25.00;25.00;25.00
17.07.2011 02:00;19.19;19.19;19.19;19.19;19.19
17.07.2011 03:00;19.66;19.66;19.66;19.66;19.66
17.07.2011 04:00;14.74;14.74;14.74;14.74;14.74
17.07.2011 05:00;9.90;9.90;9.90;9.90;9.90
17.07.2011 06:00;10.80;10.80;10.80;10.80;10.80
17.07.2011 07:00;19.99;19.99;19.99;19.99;19.99
17.07.2011 08:00;35.06;35.06;35.06;35.06;35.06
17.07.2011 09:00;40.37;40.37;39.45;40.37;40.37
17.07.2011 10:00;42.91;42.91;39.51;42.91;42.91
17.07.2011 11:00;43.70;43.70;40.69;43.70;43.70
17.07.2011 12:00;42.71;42.71;42.05;42.71;42.71
17.07.2011 13:00;41.37;41.37;41.37;41.37;41.37
17.07.2011 14:00;40.00;40.00;40.00;40.00;40.00
17.07.2011 15:00;39.95;39.95;39.95;39.95;39.95
17.07.2011 16:00;41.54;41.54;41.54;41.54;41.54
17.07.2011 17:00;44.00;44.00;40.62;44.00;44.00
17.07.2011 18:00;44.09;44.09;39.81;44.09;44.09
17.07.2011 19:00;44.10;44.10;40.63;44.10;44.10
17.07.2011 20:00;43.94;43.94;41.90;43.94;43.94
17.07.2011 21:00;43.79;43.79;41.89;43.79;43.79
17.07.2011 22:00;43.83;43.83;42.08;43.83;43.83
17.07.2011 23:00;41.95;41.95;40.31;41.95;41.95
18.07.2011 00:00;38.65;38.65;38.65;38.65;38.65
18.07.2011 01:00;27.80;27.80;27.80;27.80;27.80
18.07.2011 02:00;20.39;20.39;20.39;20.39;20.39
18.07.2011 03:00;17.89;17.89;17.89;17.89;17.89
18.07.2011 04:00;19.14;19.14;19.14;19.14;19.14
18.07.2011 05:00;30.08;30.08;30.08;30.08;30.08
18.07.2011 06:00;39.87;39.87;39.87;39.87;39.87
18.07.2011 07:00;43.00;43.00;40.68;43.00;43.00
18.07.2011 08:00;43.53;43.53;40.70;43.53;43.53
18.07.2011 09:00;43.90;43.90;40.74;43.90;43.90
18.07.2011 10:00;44.16;44.16;40.79;44.16;44.16
18.07.2011 11:00;44.25;44.25;40.78;44.25;44.25
18.07.2011 12:00;44.14;44.14;40.77;44.14;44.14
18.07.2011 13:00;44.06;44.06;40.77;44.06;44.06
18.07.2011 14:00;43.92;43.92;40.76;43.92;43.92
18.07.2011 15:00;43.75;43.75;40.73;43.75;43.75
18.07.2011 16:00;43.74;43.74;40.70;43.74;43.74
18.07.2011 17:00;43.81;43.81;40.67;43.81;43.81
18.07.2011 18:00;43.74;43.74;40.68;43.74;43.74
18.07.2011 19:00;43.46;43.46;39.66;43.46;43.46
18.07.2011 20:00;43.30;43.30;39.39;43.30;43.30
18.07.2011 21:00;43.04;43.04;39.35;43.04;43.04
18.07.2011 22:00;43.04;43.04;38.94;43.04;43.04
18.07.2011 23:00;42.27;42.27;38.91;42.27;42.27
19.07.2011 00:00;40.35;40.35;39.09;40.35;40.35
19.07.2011 01:00;39.23;39.23;39.23;39.23;39.23
19.07.2011 02:00;38.02;38.02;38.02;38.02;38.02
19.07.2011 03:00;37.85;37.85;37.85;37.85;37.85
19.07.2011 04:00;37.36;37.36;37.36;37.36;37.36
19.07.2011 05:00;39.25;39.25;39.25;39.25;39.25
19.07.2011 06:00;41.63;41.63;37.90;41.63;41.63
19.07.2011 07:00;42.81;42.81;39.46;42.81;42.81
19.07.2011 08:00;43.10;43.10;39.39;43.10;43.10
19.07.2011 09:00;43.55;43.55;39.67;43.55;43.55
19.07.2011 10:00;44.24;43.73;40.09;44.24;43.73
19.07.2011 11:00;44.04;43.75;39.91;44.04;43.75
19.07.2011 12:00;43.73;43.73;39.70;43.73;43.73
19.07.2011 13:00;43.69;43.69;39.78;43.69;43.69
19.07.2011 14:00;43.73;43.73;39.98;43.73;43.73
19.07.2011 15:00;43.64;43.64;39.64;43.64;43.64
19.07.2011 16:00;43.58;43.58;39.48;43.58;43.58
19.07.2011 17:00;44.06;43.62;39.40;44.06;43.62
19.07.2011 18:00;43.79;43.52;39.24;43.79;43.52
19.07.2011 19:00;43.46;43.46;39.32;43.46;43.46
19.07.2011 20:00;43.55;43.48;38.94;43.55;43.48
19.07.2011 21:00;43.41;43.41;38.36;43.41;43.41
19.07.2011 22:00;43.35;43.35;39.03;43.35;43.35
19.07.2011 23:00;42.48;42.48;38.38;42.48;42.48
20.07.2011 00:00;42.18;42.18;39.21;42.18;42.18
20.07.2011 01:00;40.85;40.85;39.91;40.85;40.85
20.07.2011 02:00;39.95;39.95;39.70;39.95;39.95
20.07.2011 03:00;39.92;39.92;39.64;39.92;39.92
20.07.2011 04:00;39.53;39.53;39.53;39.53;39.53
20.07.2011 05:00;40.98;40.98;39.68;40.98;40.98
20.07.2011 06:00;42.61;42.61;38.33;42.61;42.61
20.07.2011 07:00;42.83;42.76;39.37;42.83;42.76
20.07.2011 08:00;44.44;42.32;39.27;44.44;42.32
20.07.2011 09:00;46.04;42.54;39.47;46.04;42.54
20.07.2011 10:00;46.52;42.64;39.46;46.52;42.64
20.07.2011 11:00;46.47;43.45;39.50;46.47;43.45
20.07.2011 12:00;46.14;43.57;39.47;46.14;43.57
20.07.2011 13:00;46.36;43.53;39.48;46.36;43.53
20.07.2011 14:00;46.14;43.45;39.48;46.14;43.45
20.07.2011 15:00;46.13;43.34;39.42;46.13;43.34
20.07.2011 16:00;45.57;43.36;39.38;45.57;43.36
20.07.2011 17:00;45.44;43.23;38.99;45.44;43.23
20.07.2011 18:00;44.99;43.11;38.93;44.99;43.11
20.07.2011 19:00;43.90;43.01;38.69;43.90;43.01
20.07.2011 20:00;43.87;42.91;38.07;43.87;42.91
20.07.2011 21:00;43.71;42.82;37.98;43.71;42.82
20.07.2011 22:00;44.21;42.73;39.03;44.21;42.73
20.07.2011 23:00;42.47;42.47;38.35;42.47;42.47
21.07.2011 00:00;42.40;42.40;39.55;42.40;42.40
21.07.2011 01:00;40.40;40.40;39.61;40.40;40.40
21.07.2011 02:00;39.26;39.26;39.26;39.26;39.26
21.07.2011 03:00;38.87;38.87;38.87;38.87;38.87
21.07.2011 04:00;38.38;38.38;38.38;38.38;38.38
21.07.2011 05:00;40.95;40.95;39.57;40.95;40.95
21.07.2011 06:00;42.50;42.50;38.97;42.50;42.50
21.07.2011 07:00;43.95;42.33;39.04;43.95;42.33
21.07.2011 08:00;46.18;42.62;38.93;46.18;42.62
21.07.2011 09:00;46.82;42.86;39.58;46.82;42.86
21.07.2011 10:00;47.20;42.97;39.64;47.20;42.97
21.07.2011 11:00;47.05;42.93;39.63;47.05;42.93
21.07.2011 12:00;47.01;42.96;39.62;47.01;42.96
21.07.2011 13:00;46.94;42.92;39.64;46.94;42.92
21.07.2011 14:00;46.72;42.81;39.63;46.72;42.81
21.07.2011 15:00;46.25;42.69;39.57;46.25;42.69
21.07.2011 16:00;45.78;42.66;39.48;45.78;42.66
21.07.2011 17:00;45.80;42.56;39.02;45.80;42.56
21.07.2011 18:00;45.73;42.50;39.57;45.73;42.50
21.07.2011 19:00;44.25;42.38;39.13;44.25;42.38
21.07.2011 20:00;42.74;42.33;39.00;42.74;42.33
21.07.2011 21:00;42.40;42.35;38.93;42.40;42.35
21.07.2011 22:00;42.21;42.21;39.24;42.21;42.21
21.07.2011 23:00;41.95;41.95;38.92;41.95;41.95
22.07.2011 00:00;40.23;40.23;39.34;40.23;40.23
22.07.2011 01:00;37.93;37.93;37.93;37.93;37.93
22.07.2011 02:00;32.14;32.14;32.14;32.14;32.14
22.07.2011 03:00;25.68;25.68;25.68;25.68;25.68
22.07.2011 04:00;25.61;25.61;25.61;25.61;25.61
22.07.2011 05:00;37.82;37.82;37.82;37.82;37.82
22.07.2011 06:00;40.84;40.23;37.87;40.84;40.23
22.07.2011 07:00;41.40;39.67;37.92;41.40;39.67
22.07.2011 08:00;41.62;40.47;38.01;41.62;40.47
22.07.2011 09:00;42.50;40.82;39.29;42.50;40.82
22.07.2011 10:00;43.03;40.96;39.74;43.03;40.96
22.07.2011 11:00;42.85;41.01;39.70;42.85;41.01
22.07.2011 12:00;42.57;40.95;39.74;42.57;40.95
22.07.2011 13:00;42.26;40.74;39.77;42.26;40.74
22.07.2011 14:00;41.95;40.66;39.76;41.95;40.66
22.07.2011 15:00;41.96;40.44;39.51;41.96;40.44
22.07.2011 16:00;41.92;40.63;38.65;41.92;40.63
22.07.2011 17:00;42.10;40.59;38.27;42.10;40.59
22.07.2011 18:00;41.91;40.53;38.40;41.91;40.53
22.07.2011 19:00;41.50;40.53;38.28;41.50;40.53
22.07.2011 20:00;41.23;40.26;37.68;41.23;40.26
22.07.2011 21:00;41.21;39.98;37.44;41.21;39.98
22.07.2011 22:00;41.07;40.12;37.82;41.07;40.12
22.07.2011 23:00;39.41;39.41;37.68;39.41;39.41
23.07.2011 00:00;26.03;26.03;26.03;26.03;26.03
23.07.2011 01:00;19.77;19.77;19.77;19.77;19.77
23.07.2011 02:00;17.01;17.01;17.01;17.01;17.01
23.07.2011 03:00;10.15;10.15;10.15;10.15;10.15
23.07.2011 04:00;10.14;10.14;10.14;10.14;10.14
23.07.2011 05:00;9.85;9.85;9.85;9.85;9.85
23.07.2011 06:00;9.90;9.90;9.90;9.90;9.90
23.07.2011 07:00;24.27;24.27;24.27;24.27;24.27
23.07.2011 08:00;36.64;35.03;35.03;36.64;35.03
23.07.2011 09:00;37.42;31.28;31.28;37.42;31.28
23.07.2011 10:00;35.04;35.04;35.04;35.04;35.04
23.07.2011 11:00;35.37;35.37;35.37;35.37;35.37
23.07.2011 12:00;30.05;30.05;30.05;30.05;30.05
23.07.2011 13:00;30.03;30.03;30.03;30.03;30.03
23.07.2011 14:00;24.25;24.25;24.25;24.25;24.25
23.07.2011 15:00;24.25;24.25;24.25;24.25;24.25
23.07.2011 16:00;25.68;25.68;25.68;25.68;25.68
23.07.2011 17:00;36.81;32.99;32.99;36.81;32.99
23.07.2011 18:00;38.06;33.87;33.87;38.06;33.87
23.07.2011 19:00;38.47;33.32;33.32;38.47;33.32
23.07.2011 20:00;37.42;32.02;32.02;37.42;32.02
23.07.2011 21:00;37.45;29.00;29.00;37.45;29.00
23.07.2011 22:00;37.41;34.59;34.59;37.41;34.59
23.07.2011 23:00;24.22;24.22;24.22;24.22;24.22
24.07.2011 00:00;14.19;14.19;14.19;14.19;14.19
24.07.2011 01:00;10.17;10.17;10.17;10.17;10.17
24.07.2011 02:00;7.91;7.91;7.91;7.91;7.91
24.07.2011 03:00;3.98;3.98;3.98;3.98;3.98
24.07.2011 04:00;3.47;3.47;3.47;3.47;3.47
24.07.2011 05:00;1.92;1.92;1.92;1.92;1.92
24.07.2011 06:00;1.45;1.45;1.45;1.45;1.45
24.07.2011 07:00;5.96;5.96;5.96;5.96;5.96
24.07.2011 08:00;6.28;6.28;6.28;6.28;6.28
24.07.2011 09:00;13.87;13.87;13.87;13.87;13.87
24.07.2011 10:00;20.37;20.37;20.37;20.37;20.37
24.07.2011 11:00;26.98;26.98;26.98;26.98;26.98
24.07.2011 12:00;24.19;24.19;24.19;24.19;24.19
24.07.2011 13:00;19.79;19.79;19.79;19.79;19.79
24.07.2011 14:00;19.22;19.22;19.22;19.22;19.22
24.07.2011 15:00;19.19;19.19;19.19;19.19;19.19
24.07.2011 16:00;20.88;20.88;20.88;20.88;20.88
24.07.2011 17:00;30.84;30.84;30.84;30.84;30.84
24.07.2011 18:00;38.11;36.84;36.84;38.11;36.84
24.07.2011 19:00;38.46;36.86;36.86;38.46;36.86
24.07.2011 20:00;35.85;35.85;35.85;35.85;35.85
24.07.2011 21:00;37.10;36.41;36.41;37.10;36.41
24.07.2011 22:00;38.85;36.35;36.35;38.85;36.35
24.07.2011 23:00;31.41;31.41;31.41;31.41;31.41
25.07.2011 00:00;25.70;25.70;25.70;25.70;25.70
25.07.2011 01:00;14.79;14.79;14.79;14.79;14.79
25.07.2011 02:00;10.99;10.99;10.99;10.99;10.99
25.07.2011 03:00;10.20;10.20;10.20;10.20;10.20
25.07.2011 04:00;10.20;10.20;10.20;10.20;10.20
25.07.2011 05:00;28.50;28.50;28.50;28.50;28.50
25.07.2011 06:00;35.11;35.11;35.11;35.11;35.11
25.07.2011 07:00;35.32;35.32;35.32;35.32;35.32
25.07.2011 08:00;37.61;35.75;35.75;37.61;35.75
25.07.2011 09:00;39.15;36.02;36.02;39.15;36.02
25.07.2011 10:00;40.51;36.15;36.15;40.51;36.15
25.07.2011 11:00;41.25;36.06;36.06;41.25;36.06
25.07.2011 12:00;41.04;36.09;36.09;41.04;36.09
25.07.2011 13:00;41.08;36.10;36.10;41.08;36.10
25.07.2011 14:00;40.72;36.25;36.25;40.72;36.25
25.07.2011 15:00;40.53;36.26;36.26;40.53;36.26
25.07.2011 16:00;40.52;36.07;36.07;40.52;36.07
25.07.2011 17:00;40.36;36.92;36.92;40.36;36.92
25.07.2011 18:00;40.48;36.69;36.69;40.48;36.69
25.07.2011 19:00;40.16;38.04;38.04;40.16;38.04
25.07.2011 20:00;39.69;37.04;37.04;39.69;37.04
25.07.2011 21:00;39.79;36.77;36.77;39.79;36.77
25.07.2011 22:00;39.63;36.62;36.62;39.63;36.62
25.07.2011 23:00;36.12;35.80;35.80;36.12;35.80
26.07.2011 00:00;34.84;34.81;34.81;34.84;34.81
26.07.2011 01:00;34.10;34.10;34.10;34.10;34.10
26.07.2011 02:00;33.02;33.02;33.02;33.02;33.02
26.07.2011 03:00;32.21;32.21;32.21;32.21;32.21
26.07.2011 04:00;31.26;31.26;31.26;31.26;31.26
26.07.2011 05:00;33.29;33.29;33.29;33.29;33.29
26.07.2011 06:00;34.38;34.38;34.38;34.38;34.38
26.07.2011 07:00;34.27;34.27;34.27;34.27;34.27
26.07.2011 08:00;36.98;34.04;34.04;36.98;34.04
26.07.2011 09:00;38.01;34.28;34.28;38.01;34.28
26.07.2011 10:00;39.39;34.72;34.72;39.39;34.72
26.07.2011 11:00;39.65;34.64;34.64;39.65;34.64
26.07.2011 12:00;39.79;34.51;34.51;39.79;34.51
26.07.2011 13:00;39.57;34.47;34.47;39.57;34.47
26.07.2011 14:00;39.42;34.48;34.48;39.42;34.48
26.07.2011 15:00;39.32;34.35;34.35;39.32;34.35
26.07.2011 16:00;39.12;34.16;34.16;39.12;34.16
26.07.2011 17:00;39.41;33.58;33.58;39.41;33.58
26.07.2011 18:00;39.26;34.50;34.50;39.26;34.50
26.07.2011 19:00;39.04;34.54;34.54;39.04;34.54
26.07.2011 20:00;39.21;34.41;34.41;39.21;34.41
26.07.2011 21:00;39.47;34.56;34.56;39.47;34.56
26.07.2011 22:00;39.67;34.58;34.58;39.67;34.58
26.07.2011 23:00;34.72;34.72;34.72;34.72;34.72
27.07.2011 00:00;33.33;32.96;32.96;33.33;32.96
27.07.2011 01:00;32.32;32.32;32.32;32.32;32.32
27.07.2011 02:00;31.53;31.53;31.53;31.53;31.53
27.07.2011 03:00;29.64;29.64;29.64;29.64;29.64
27.07.2011 04:00;28.86;28.86;28.86;28.86;28.86
27.07.2011 05:00;32.29;32.29;32.29;32.29;32.29
27.07.2011 06:00;34.00;32.73;32.73;34.00;32.73
27.07.2011 07:00;33.42;33.09;33.09;33.42;33.09
27.07.2011 08:00;37.65;33.27;33.27;37.65;33.27
27.07.2011 09:00;37.68;34.31;34.31;37.68;34.31
27.07.2011 10:00;38.53;34.56;34.56;38.53;34.56
27.07.2011 11:00;38.70;34.49;34.49;38.70;34.49
27.07.2011 12:00;38.56;34.37;34.37;38.56;34.37
27.07.2011 13:00;37.69;34.31;34.31;37.69;34.31
27.07.2011 14:00;36.86;34.16;34.16;36.86;34.16
27.07.2011 15:00;36.27;34.08;34.08;36.27;34.08
27.07.2011 16:00;36.36;34.04;34.04;36.36;34.04
27.07.2011 17:00;35.59;33.70;33.70;35.59;33.70
27.07.2011 18:00;37.03;33.40;33.40;37.03;33.40
27.07.2011 19:00;37.13;33.28;33.28;37.13;33.28
27.07.2011 20:00;36.62;33.01;33.01;36.62;33.01
27.07.2011 21:00;34.64;32.99;32.99;34.64;32.99
27.07.2011 22:00;35.40;33.28;33.28;35.40;33.28
27.07.2011 23:00;32.97;32.97;32.97;32.97;32.97
28.07.2011 00:00;32.50;32.50;32.50;32.50;32.50
28.07.2011 01:00;30.03;30.03;30.03;30.03;30.03
28.07.2011 02:00;27.14;27.14;27.14;27.14;27.14
28.07.2011 03:00;24.16;24.16;24.16;24.16;24.16
28.07.2011 04:00;23.01;23.01;23.01;23.01;23.01
28.07.2011 05:00;30.10;30.10;30.10;30.10;30.10
28.07.2011 06:00;30.78;30.78;30.78;30.78;30.78
28.07.2011 07:00;30.37;30.37;30.37;30.37;30.37
28.07.2011 08:00;32.17;32.17;32.17;32.17;32.17
28.07.2011 09:00;32.89;32.89;32.89;32.89;32.89
28.07.2011 10:00;33.46;33.46;33.46;33.46;33.46
28.07.2011 11:00;33.43;33.43;33.43;33.43;33.43
28.07.2011 12:00;32.93;32.93;32.93;32.93;32.93
28.07.2011 13:00;32.95;32.95;32.95;32.95;32.95
28.07.2011 14:00;32.96;32.96;32.96;32.96;32.96
28.07.2011 15:00;32.89;32.89;32.89;32.89;32.89
28.07.2011 16:00;32.91;32.91;32.91;32.91;32.91
28.07.2011 17:00;32.77;32.77;32.77;32.77;32.77
28.07.2011 18:00;32.44;32.44;32.44;32.44;32.44
28.07.2011 19:00;32.71;32.71;32.71;32.71;32.71
28.07.2011 20:00;32.44;32.44;32.44;32.44;32.44
28.07.2011 21:00;32.36;32.36;32.36;32.36;32.36
28.07.2011 22:00;32.12;32.12;32.12;32.12;32.12
28.07.2011 23:00;30.24;30.24;30.24;30.24;30.24
29.07.2011 00:00;34.45;33.20;33.20;34.45;33.20
29.07.2011 01:00;32.70;32.70;32.70;32.70;32.70
29.07.2011 02:00;32.07;32.07;32.07;32.07;32.07
29.07.2011 03:00;31.58;31.58;31.58;31.58;31.58
29.07.2011 04:00;31.55;31.55;31.55;31.55;31.55
29.07.2011 05:00;32.55;32.55;32.55;32.55;32.55
29.07.2011 06:00;34.79;32.69;32.69;34.79;32.69
29.07.2011 07:00;37.64;32.47;32.47;37.64;32.47
29.07.2011 08:00;37.34;31.98;31.98;37.34;31.98
29.07.2011 09:00;38.64;32.72;32.72;38.64;32.72
29.07.2011 10:00;40.24;34.50;34.50;40.24;34.50
29.07.2011 11:00;40.35;34.42;34.42;40.35;34.42
29.07.2011 12:00;39.35;34.27;34.27;39.35;34.27
29.07.2011 13:00;38.83;34.17;34.17;38.83;34.17
29.07.2011 14:00;38.22;34.13;34.13;38.22;34.13
29.07.2011 15:00;38.57;33.75;33.75;38.57;33.75
29.07.2011 16:00;39.00;33.94;33.94;39.00;33.94
29.07.2011 17:00;40.52;33.60;33.60;40.52;33.60
29.07.2011 18:00;39.74;33.44;33.44;39.74;33.44
29.07.2011 19:00;38.32;33.18;33.18;38.32;33.18
29.07.2011 20:00;36.78;32.56;32.56;36.78;32.56
29.07.2011 21:00;37.63;32.34;32.34;37.63;32.34
29.07.2011 22:00;37.44;32.59;32.59;37.44;32.59
29.07.2011 23:00;37.17;32.14;32.14;37.17;32.14
30.07.2011 00:00;39.06;35.03;35.03;39.06;35.03
30.07.2011 01:00;34.89;34.89;34.89;34.89;34.89
30.07.2011 02:00;32.96;32.96;32.96;32.96;32.96
30.07.2011 03:00;32.34;32.34;32.34;32.34;32.34
30.07.2011 04:00;31.14;31.14;31.14;31.14;31.14
30.07.2011 05:00;29.64;29.64;29.64;29.64;29.64
30.07.2011 06:00;32.67;32.67;32.67;32.67;32.67
30.07.2011 07:00;35.50;34.41;34.41;35.50;34.41
30.07.2011 08:00;39.13;33.90;33.90;39.13;33.90
30.07.2011 09:00;40.07;34.62;34.62;40.07;34.62
30.07.2011 10:00;40.07;34.98;34.98;40.07;34.98
30.07.2011 11:00;40.32;35.05;35.05;40.32;35.05
30.07.2011 12:00;39.70;35.04;35.04;39.70;35.04
30.07.2011 13:00;39.01;34.89;34.89;39.01;34.89
30.07.2011 14:00;38.60;34.88;34.88;38.60;34.88
30.07.2011 15:00;38.31;34.83;34.83;38.31;34.83
30.07.2011 16:00;39.08;34.82;34.82;39.08;34.82
30.07.2011 17:00;40.25;34.84;34.84;40.25;34.84
30.07.2011 18:00;40.45;34.84;34.84;40.45;34.84
30.07.2011 19:00;39.42;34.92;34.92;39.42;34.92
30.07.2011 20:00;37.91;34.83;34.83;37.91;34.83
30.07.2011 21:00;37.75;34.75;34.75;37.75;34.75
30.07.2011 22:00;38.58;34.85;34.85;38.58;34.85
30.07.2011 23:00;35.92;34.82;34.82;35.92;34.82
31.07.2011 00:00;34.22;34.22;34.22;34.22;34.22
31.07.2011 01:00;31.47;31.47;31.47;31.47;31.47
31.07.2011 02:00;24.95;24.95;24.95;24.95;24.95
31.07.2011 03:00;24.00;24.00;24.00;24.00;24.00
31.07.2011 04:00;24.00;24.00;24.00;24.00;24.00
31.07.2011 05:00;23.45;23.45;23.45;23.45;23.45
31.07.2011 06:00;23.42;23.42;23.42;23.42;23.42
31.07.2011 07:00;31.66;31.66;31.66;31.66;31.66
31.07.2011 08:00;35.00;35.00;35.00;35.00;35.00
31.07.2011 09:00;39.91;36.13;36.13;39.91;36.13
31.07.2011 10:00;40.98;36.29;36.29;40.98;36.29
31.07.2011 11:00;41.54;36.43;36.43;41.54;36.43
31.07.2011 12:00;41.15;36.52;36.52;41.15;36.52
31.07.2011 13:00;40.92;36.55;36.55;40.92;36.55
31.07.2011 14:00;40.39;36.53;36.53;40.39;36.53
31.07.2011 15:00;40.18;36.38;36.38;40.18;36.38
31.07.2011 16:00;40.45;36.46;36.46;40.45;36.46
31.07.2011 17:00;40.25;36.59;36.59;40.25;36.59
31.07.2011 18:00;40.56;36.80;36.80;40.56;36.80
31.07.2011 19:00;40.70;36.91;36.91;40.70;36.91
31.07.2011 20:00;41.14;36.92;36.92;41.14;36.92
31.07.2011 21:00;40.84;36.92;36.92;40.84;36.92
31.07.2011 22:00;41.95;37.00;37.00;41.95;37.00
31.07.2011 23:00;40.30;36.73;36.73;40.30;36.73
01.08.2011 00:00;41.36;37.04;37.04;41.36;37.04
01.08.2011 01:00;40.41;36.33;36.33;40.41;36.33
01.08.2011 02:00;37.82;35.98;35.98;37.82;35.98
01.08.2011 03:00;37.25;35.81;35.81;37.25;35.81
01.08.2011 04:00;36.42;35.70;35.70;36.42;35.70
01.08.2011 05:00;42.16;34.39;34.39;42.16;34.39
01.08.2011 06:00;44.94;33.48;33.48;40.75;33.48
01.08.2011 07:00;44.18;33.90;33.90;40.16;33.90
01.08.2011 08:00;45.44;34.09;34.09;40.30;34.09
01.08.2011 09:00;45.52;34.63;34.63;40.58;34.63
01.08.2011 10:00;45.57;34.82;34.82;40.73;34.82
01.08.2011 11:00;45.69;34.85;34.85;40.73;34.85
01.08.2011 12:00;45.66;34.85;34.85;40.53;34.85
01.08.2011 13:00;45.60;34.70;34.70;40.46;34.70
01.08.2011 14:00;45.51;34.67;34.67;40.50;34.67
01.08.2011 15:00;45.36;34.54;34.54;40.40;34.54
01.08.2011 16:00;45.25;34.56;34.56;40.23;34.56
01.08.2011 17:00;45.13;34.39;34.39;40.11;34.39
01.08.2011 18:00;45.05;34.24;34.24;40.15;34.24
01.08.2011 19:00;44.80;34.18;34.18;39.89;34.18
01.08.2011 20:00;44.36;34.32;34.32;40.01;34.32
01.08.2011 21:00;45.00;34.55;34.55;39.99;34.55
01.08.2011 22:00;45.05;34.67;34.67;40.20;34.67
01.08.2011 23:00;42.78;34.40;34.40;40.06;34.40
02.08.2011 00:00;40.05;34.55;34.55;40.05;34.55
02.08.2011 01:00;37.07;34.00;34.00;37.07;34.00
02.08.2011 02:00;35.00;33.56;33.56;35.00;33.56
02.08.2011 03:00;35.04;33.36;33.36;35.04;33.36
02.08.2011 04:00;36.36;33.23;33.23;36.36;33.23
02.08.2011 05:00;38.99;33.30;33.30;38.99;33.30
02.08.2011 06:00;44.40;34.16;34.16;40.67;34.16
02.08.2011 07:00;43.93;34.19;34.19;42.38;34.19
02.08.2011 08:00;45.84;34.68;34.68;43.54;34.68
02.08.2011 09:00;46.13;35.13;35.13;44.05;35.13
02.08.2011 10:00;46.23;35.43;35.43;44.48;35.43
02.08.2011 11:00;46.14;35.38;35.38;44.40;35.38
02.08.2011 12:00;46.04;35.32;35.32;44.42;35.32
02.08.2011 13:00;45.97;35.24;35.24;44.11;35.24
02.08.2011 14:00;45.86;35.19;35.19;44.00;35.19
02.08.2011 15:00;45.78;35.04;35.04;43.98;35.04
02.08.2011 16:00;45.72;35.02;35.02;43.84;35.02
02.08.2011 17:00;45.57;34.82;34.82;43.81;34.82
02.08.2011 18:00;45.53;34.65;34.65;43.50;34.65
02.08.2011 19:00;45.54;34.50;34.50;43.60;34.50
02.08.2011 20:00;45.41;34.28;34.28;43.42;34.28
02.08.2011 21:00;44.50;34.51;34.51;43.34;34.51
02.08.2011 22:00;43.82;34.42;34.42;43.42;34.42
02.08.2011 23:00;41.34;34.24;34.24;41.34;34.24
03.08.2011 00:00;37.37;34.91;34.91;37.37;34.91
03.08.2011 01:00;33.55;33.55;33.55;33.55;33.55
03.08.2011 02:00;30.93;30.93;30.93;30.93;30.93
03.08.2011 03:00;30.03;30.03;30.03;30.03;30.03
03.08.2011 04:00;31.16;31.16;31.16;31.16;31.16
03.08.2011 05:00;35.95;34.14;34.14;35.95;34.14
03.08.2011 06:00;44.15;34.09;34.09;43.31;34.09
03.08.2011 07:00;44.98;34.21;34.21;43.14;34.21
03.08.2011 08:00;45.31;34.58;34.58;44.88;34.58
03.08.2011 09:00;45.67;34.72;34.72;45.67;34.72
03.08.2011 10:00;45.82;34.86;34.86;45.82;34.86
03.08.2011 11:00;45.69;34.86;34.86;45.69;34.86
03.08.2011 12:00;45.62;34.90;34.90;45.62;34.90
03.08.2011 13:00;45.58;34.87;34.87;45.42;34.87
03.08.2011 14:00;45.72;34.84;34.84;45.72;34.84
03.08.2011 15:00;45.64;34.81;34.81;45.64;34.81
03.08.2011 16:00;45.56;34.83;34.83;45.56;34.83
03.08.2011 17:00;45.38;34.68;34.68;45.38;34.68
03.08.2011 18:00;45.38;34.53;34.53;45.38;34.53
03.08.2011 19:00;45.30;34.38;34.38;45.25;34.38
03.08.2011 20:00;45.17;34.30;34.30;45.12;34.30
03.08.2011 21:00;45.10;34.34;34.34;45.10;34.34
03.08.2011 22:00;45.13;34.50;34.50;45.13;34.50
03.08.2011 23:00;43.44;34.15;34.15;43.44;34.15
04.08.2011 00:00;40.42;33.54;33.54;40.42;33.54
04.08.2011 01:00;37.62;33.52;33.52;37.62;33.52
04.08.2011 02:00;35.91;33.38;33.38;35.91;33.38
04.08.2011 03:00;35.08;33.34;33.34;35.08;33.34
04.08.2011 04:00;35.57;33.32;33.32;35.57;33.32
04.08.2011 05:00;39.53;33.40;33.40;39.53;33.40
04.08.2011 06:00;43.92;33.09;33.09;43.92;33.09
04.08.2011 07:00;44.64;33.47;33.47;44.64;33.47
04.08.2011 08:00;45.49;33.62;33.62;45.49;33.62
04.08.2011 09:00;45.75;33.71;33.71;45.75;33.71
04.08.2011 10:00;45.82;33.81;33.81;45.82;33.81
04.08.2011 11:00;45.76;33.84;33.84;45.76;33.84
04.08.2011 12:00;45.68;33.81;33.81;45.68;33.81
04.08.2011 13:00;45.65;33.78;33.78;45.65;33.78
04.08.2011 14:00;45.65;33.75;33.75;45.65;33.75
04.08.2011 15:00;45.55;33.68;33.68;45.55;33.68
04.08.2011 16:00;45.12;33.61;33.61;45.12;33.61
04.08.2011 17:00;45.00;33.56;33.56;45.00;33.56
04.08.2011 18:00;44.89;33.48;33.48;44.89;33.48
04.08.2011 19:00;44.60;33.42;33.42;44.60;33.42
04.08.2011 20:00;44.33;33.32;33.32;44.33;33.32
04.08.2011 21:00;44.31;33.45;33.45;44.31;33.45
04.08.2011 22:00;45.35;33.40;33.40;45.35;33.40
04.08.2011 23:00;43.10;33.32;33.32;43.10;33.32
05.08.2011 00:00;39.80;33.09;33.09;39.80;33.09
05.08.2011 01:00;37.60;33.07;33.07;37.60;33.07
05.08.2011 02:00;35.17;32.94;32.94;35.17;32.94
05.08.2011 03:00;34.34;32.87;32.87;34.34;32.87
05.08.2011 04:00;34.96;32.82;32.82;34.96;32.82
05.08.2011 05:00;38.61;32.84;32.84;38.61;32.84
05.08.2011 06:00;43.25;32.63;32.63;43.25;32.63
05.08.2011 07:00;43.40;32.40;32.40;43.40;32.40
05.08.2011 08:00;45.43;32.89;32.89;45.43;32.89
05.08.2011 09:00;45.56;33.09;33.09;45.56;33.09
05.08.2011 10:00;45.69;33.22;33.22;45.69;33.22
05.08.2011 11:00;45.67;33.23;33.23;45.67;33.23
05.08.2011 12:00;45.66;33.31;33.31;45.66;33.31
05.08.2011 13:00;45.52;33.28;33.28;45.52;33.28
05.08.2011 14:00;45.38;33.23;33.23;45.38;33.23
05.08.2011 15:00;45.13;33.07;33.07;45.13;33.07
05.08.2011 16:00;45.31;33.00;33.00;45.31;33.00
05.08.2011 17:00;45.24;32.92;32.92;45.24;32.92
05.08.2011 18:00;45.37;33.01;33.01;45.37;33.01
05.08.2011 19:00;45.30;32.96;32.96;45.30;32.96
05.08.2011 20:00;44.67;32.78;32.78;44.67;32.78
05.08.2011 21:00;45.00;32.66;32.66;45.00;32.66
05.08.2011 22:00;45.44;32.90;32.90;45.44;32.90
05.08.2011 23:00;43.34;32.86;32.86;43.34;32.86
06.08.2011 00:00;43.69;33.01;33.01;43.69;33.01
06.08.2011 01:00;42.02;33.03;33.03;42.02;33.03
06.08.2011 02:00;38.69;32.91;32.91;38.69;32.91
06.08.2011 03:00;37.44;32.84;32.84;37.44;32.84
06.08.2011 04:00;35.97;32.80;32.80;35.97;32.80
06.08.2011 05:00;37.62;32.70;32.70;37.62;32.70
06.08.2011 06:00;40.05;32.71;32.71;40.05;32.71
06.08.2011 07:00;42.20;32.49;32.49;42.20;32.49
06.08.2011 08:00;41.68;32.33;32.33;41.68;32.33
06.08.2011 09:00;43.01;32.63;32.63;43.01;32.63
06.08.2011 10:00;44.30;32.84;32.84;44.30;32.84
06.08.2011 11:00;44.07;32.91;32.91;44.07;32.91
06.08.2011 12:00;43.37;32.90;32.90;43.37;32.90
06.08.2011 13:00;42.48;32.83;32.83;42.48;32.83
06.08.2011 14:00;41.45;32.76;32.76;41.45;32.76
06.08.2011 15:00;41.58;32.69;32.69;41.58;32.69
06.08.2011 16:00;41.87;32.73;32.73;41.87;32.73
06.08.2011 17:00;41.98;32.77;32.77;41.98;32.77
06.08.2011 18:00;41.71;32.78;32.78;41.71;32.78
06.08.2011 19:00;41.01;32.77;32.77;41.01;32.77
06.08.2011 20:00;40.95;32.67;32.67;40.95;32.67
06.08.2011 21:00;41.77;32.61;32.61;41.77;32.61
06.08.2011 22:00;42.98;32.80;32.80;42.98;32.80
06.08.2011 23:00;39.59;32.80;32.80;39.59;32.80
07.08.2011 00:00;33.94;32.83;32.83;33.94;32.83
07.08.2011 01:00;30.54;30.54;30.54;30.54;30.54
07.08.2011 02:00;20.37;20.37;20.37;20.37;20.37
07.08.2011 03:00;20.07;20.07;20.07;20.07;20.07
07.08.2011 04:00;16.00;16.00;16.00;16.00;16.00
07.08.2011 05:00;10.61;10.61;10.61;10.61;10.61
07.08.2011 06:00;10.05;10.05;10.05;10.05;10.05
07.08.2011 07:00;21.67;21.67;21.67;21.67;21.67
07.08.2011 08:00;28.96;28.91;28.91;28.96;28.91
07.08.2011 09:00;32.69;32.58;32.58;32.69;32.58
07.08.2011 10:00;35.47;32.85;32.85;35.47;32.85
07.08.2011 11:00;39.81;32.82;32.82;39.81;32.82
07.08.2011 12:00;36.74;32.66;32.66;36.74;32.66
07.08.2011 13:00;37.25;30.17;30.17;37.25;30.17
07.08.2011 14:00;35.24;24.03;24.03;35.24;24.03
07.08.2011 15:00;35.17;22.60;22.60;35.17;22.60
07.08.2011 16:00;35.01;24.85;24.85;35.01;24.85
07.08.2011 17:00;32.24;31.01;31.01;32.24;31.01
07.08.2011 18:00;35.07;32.39;32.39;35.07;32.39
07.08.2011 19:00;39.93;32.92;32.92;39.93;32.92
07.08.2011 20:00;40.18;33.02;33.02;40.18;33.02
07.08.2011 21:00;40.47;33.10;33.10;40.47;33.10
07.08.2011 22:00;42.53;33.09;33.09;42.53;33.09
07.08.2011 23:00;36.46;32.89;32.89;36.46;32.89
08.08.2011 00:00;35.67;32.87;32.87;35.67;32.87
08.08.2011 01:00;32.17;32.17;32.17;32.17;32.17
08.08.2011 02:00;30.31;30.31;30.31;30.31;30.31
08.08.2011 03:00;26.89;26.89;26.89;26.89;26.89
08.08.2011 04:00;32.04;32.04;32.04;32.04;32.04
08.08.2011 05:00;39.94;32.71;32.71;39.94;32.71
08.08.2011 06:00;43.96;32.74;32.74;43.96;32.74
08.08.2011 07:00;44.65;32.63;32.63;44.65;32.63
08.08.2011 08:00;46.51;32.68;32.68;46.51;32.68
08.08.2011 09:00;47.29;32.85;32.85;47.29;32.85
08.08.2011 10:00;47.94;32.97;32.97;47.94;32.97
08.08.2011 11:00;48.88;32.89;32.89;48.88;32.89
08.08.2011 12:00;48.33;32.86;32.86;48.33;32.86
08.08.2011 13:00;45.93;32.85;32.85;45.93;32.85
08.08.2011 14:00;45.69;32.81;32.81;45.69;32.81
08.08.2011 15:00;45.29;32.74;32.74;45.29;32.74
08.08.2011 16:00;44.00;32.68;32.68;44.00;32.68
08.08.2011 17:00;44.26;32.60;32.60;44.26;32.60
08.08.2011 18:00;44.26;32.56;32.56;44.26;32.56
08.08.2011 19:00;45.03;32.53;32.53;45.03;32.53
08.08.2011 20:00;44.68;32.45;32.45;44.68;32.45
08.08.2011 21:00;43.99;32.57;32.57;43.99;32.57
08.08.2011 22:00;44.76;32.58;32.58;44.76;32.58
08.08.2011 23:00;38.67;32.61;32.61;38.67;32.61
09.08.2011 00:00;33.59;32.00;32.00;33.59;32.00
09.08.2011 01:00;31.29;31.29;31.29;31.29;31.29
09.08.2011 02:00;31.29;29.41;29.41;31.29;29.41
09.08.2011 03:00;31.02;27.41;27.41;31.02;27.41
09.08.2011 04:00;30.49;28.20;28.20;30.49;28.20
09.08.2011 05:00;31.99;30.46;30.46;31.99;30.46
09.08.2011 06:00;35.87;32.24;32.24;35.87;32.24
09.08.2011 07:00;41.34;32.45;32.45;41.34;32.45
09.08.2011 08:00;42.83;32.52;32.52;42.83;32.52
09.08.2011 09:00;43.44;32.66;32.66;43.44;32.66
09.08.2011 10:00;43.97;32.78;32.78;43.97;32.78
09.08.2011 11:00;44.51;32.80;32.80;44.51;32.80
09.08.2011 12:00;45.12;32.67;32.67;45.12;32.67
09.08.2011 13:00;45.30;32.59;32.59;45.30;32.59
09.08.2011 14:00;43.93;32.34;32.34;43.93;32.34
09.08.2011 15:00;43.02;32.12;32.12;43.02;32.12
09.08.2011 16:00;40.90;32.04;32.04;40.90;32.04
09.08.2011 17:00;43.77;32.06;32.06;43.77;32.06
09.08.2011 18:00;43.81;31.94;31.94;43.81;31.94
09.08.2011 19:00;43.82;32.28;32.28;43.82;32.28
09.08.2011 20:00;42.62;32.20;32.20;42.62;32.20
09.08.2011 21:00;43.07;32.29;32.29;43.07;32.29
09.08.2011 22:00;43.80;32.28;32.28;43.80;32.28
09.08.2011 23:00;38.21;32.18;32.18;38.21;32.18
10.08.2011 00:00;30.41;30.41;30.41;30.41;30.41
10.08.2011 01:00;20.24;20.24;20.24;20.24;20.24
10.08.2011 02:00;10.59;10.59;10.59;10.59;10.59
10.08.2011 03:00;10.13;10.13;10.13;10.13;10.13
10.08.2011 04:00;15.71;15.71;15.71;15.71;15.71
10.08.2011 05:00;27.62;27.62;27.62;27.62;27.62
10.08.2011 06:00;31.58;31.58;31.58;31.58;31.58
10.08.2011 07:00;36.94;31.04;31.04;36.94;31.04
10.08.2011 08:00;40.80;31.28;31.28;40.80;31.28
10.08.2011 09:00;42.25;31.40;31.40;42.25;31.40
10.08.2011 10:00;43.45;31.53;31.53;43.45;31.53
10.08.2011 11:00;43.25;31.54;31.54;43.25;31.54
10.08.2011 12:00;43.02;31.50;31.50;43.02;31.50
10.08.2011 13:00;42.32;31.54;31.54;42.32;31.54
10.08.2011 14:00;41.83;31.52;31.52;41.83;31.52
10.08.2011 15:00;41.71;31.49;31.49;41.71;31.49
10.08.2011 16:00;41.37;31.51;31.51;41.37;31.51
10.08.2011 17:00;41.13;31.62;31.62;41.13;31.62
10.08.2011 18:00;39.72;31.64;31.64;39.72;31.64
10.08.2011 19:00;40.19;31.63;31.63;40.19;31.63
10.08.2011 20:00;39.83;31.58;31.58;39.83;31.58
10.08.2011 21:00;40.88;31.61;31.61;40.88;31.61
10.08.2011 22:00;41.08;31.59;31.59;41.08;31.59
10.08.2011 23:00;39.14;31.46;31.46;39.14;31.46
11.08.2011 00:00;29.35;29.35;29.35;29.35;29.35
11.08.2011 01:00;22.79;22.79;22.79;22.79;22.79
11.08.2011 02:00;21.39;21.39;21.39;21.39;21.39
11.08.2011 03:00;20.09;20.09;20.09;20.09;20.09
11.08.2011 04:00;16.90;16.90;16.90;16.90;16.90
11.08.2011 05:00;24.93;24.93;24.93;24.93;24.93
11.08.2011 06:00;37.38;31.11;31.11;37.38;31.11
11.08.2011 07:00;38.13;31.32;31.32;38.13;31.32
11.08.2011 08:00;42.87;31.59;31.59;42.87;31.59
11.08.2011 09:00;43.66;31.66;31.66;43.66;31.66
11.08.2011 10:00;44.51;31.70;31.70;44.51;31.70
11.08.2011 11:00;44.63;31.56;31.56;44.63;31.56
11.08.2011 12:00;44.55;31.51;31.51;44.55;31.51
11.08.2011 13:00;44.59;31.52;31.52;44.59;31.52
11.08.2011 14:00;43.95;31.46;31.46;43.95;31.46
11.08.2011 15:00;43.46;31.37;31.37;43.46;31.37
11.08.2011 16:00;41.88;31.35;31.35;41.88;31.35
11.08.2011 17:00;41.42;31.27;31.27;41.42;31.27
11.08.2011 18:00;39.98;31.34;31.34;39.98;31.34
11.08.2011 19:00;39.05;31.29;31.29;39.05;31.29
11.08.2011 20:00;38.20;31.22;31.22;38.20;31.22
11.08.2011 21:00;38.16;31.16;31.16;38.16;31.16
11.08.2011 22:00;39.33;31.08;31.08;39.33;31.08
11.08.2011 23:00;37.14;30.54;30.54;37.14;30.54
12.08.2011 00:00;37.13;31.56;31.56;37.13;31.56
12.08.2011 01:00;35.79;31.46;31.46;35.79;31.46
12.08.2011 02:00;30.99;30.99;30.99;30.99;30.99
12.08.2011 03:00;30.63;30.63;30.63;30.63;30.63
12.08.2011 04:00;31.32;31.32;31.32;31.32;31.32
12.08.2011 05:00;35.68;31.40;31.40;35.68;31.40
12.08.2011 06:00;36.87;31.48;31.48;36.87;31.48
12.08.2011 07:00;37.44;31.73;31.73;37.44;31.73
12.08.2011 08:00;41.57;31.83;31.83;41.57;31.83
12.08.2011 09:00;43.58;31.95;31.95;43.58;31.95
12.08.2011 10:00;43.99;31.98;31.98;43.99;31.98
12.08.2011 11:00;44.28;31.92;31.92;44.28;31.92
12.08.2011 12:00;44.14;31.81;31.81;44.14;31.81
12.08.2011 13:00;43.55;31.79;31.79;43.55;31.79
12.08.2011 14:00;42.02;31.73;31.73;42.02;31.73
12.08.2011 15:00;41.39;31.52;31.52;41.39;31.52
12.08.2011 16:00;39.30;31.48;31.48;39.30;31.48
12.08.2011 17:00;41.85;31.76;31.76;41.85;31.76
12.08.2011 18:00;38.96;32.36;32.36;38.96;32.36
12.08.2011 19:00;37.96;32.24;32.24;37.96;32.24
12.08.2011 20:00;37.38;32.09;32.09;37.38;32.09
12.08.2011 21:00;37.59;31.92;31.92;37.59;31.92
12.08.2011 22:00;37.61;32.19;32.19;37.61;32.19
12.08.2011 23:00;36.76;32.00;32.00;36.76;32.00
13.08.2011 00:00;36.60;33.95;33.95;36.60;33.95
13.08.2011 01:00;33.77;33.41;33.41;33.77;33.41
13.08.2011 02:00;32.00;32.00;32.00;32.00;32.00
13.08.2011 03:00;31.87;31.87;31.87;31.87;31.87
13.08.2011 04:00;31.70;31.70;31.70;31.70;31.70
13.08.2011 05:00;31.60;31.60;31.60;31.60;31.60
13.08.2011 06:00;31.80;31.80;31.80;31.80;31.80
13.08.2011 07:00;32.08;32.08;32.08;32.08;32.08
13.08.2011 08:00;32.33;32.33;32.33;32.33;32.33
13.08.2011 09:00;34.17;32.90;32.90;34.17;32.90
13.08.2011 10:00;35.75;33.48;33.48;35.75;33.48
13.08.2011 11:00;35.94;33.82;33.82;35.94;33.82
13.08.2011 12:00;35.49;33.64;33.64;35.49;33.64
13.08.2011 13:00;32.95;32.95;32.95;32.95;32.95
13.08.2011 14:00;32.76;32.76;32.76;32.76;32.76
13.08.2011 15:00;32.44;32.44;32.44;32.44;32.44
13.08.2011 16:00;32.50;32.50;32.50;32.50;32.50
13.08.2011 17:00;32.81;32.81;32.81;32.81;32.81
13.08.2011 18:00;32.94;32.94;32.94;32.94;32.94
13.08.2011 19:00;33.79;32.94;32.94;33.79;32.94
13.08.2011 20:00;33.73;32.85;32.85;33.73;32.85
13.08.2011 21:00;35.21;32.88;32.88;35.21;32.88
13.08.2011 22:00;35.95;33.27;33.27;35.95;33.27
13.08.2011 23:00;32.67;32.67;32.67;32.67;32.67
14.08.2011 00:00;33.79;33.79;33.79;33.79;33.79
14.08.2011 01:00;32.64;32.64;32.64;32.64;32.64
14.08.2011 02:00;32.32;32.32;32.32;32.32;32.32
14.08.2011 03:00;32.16;32.16;32.16;32.16;32.16
14.08.2011 04:00;31.93;31.93;31.93;31.93;31.93
14.08.2011 05:00;31.79;31.79;31.79;31.79;31.79
14.08.2011 06:00;31.91;31.91;31.91;31.91;31.91
14.08.2011 07:00;32.20;32.20;32.20;32.20;32.20
14.08.2011 08:00;32.60;32.60;32.60;32.60;32.60
14.08.2011 09:00;35.48;33.18;33.18;35.48;33.18
14.08.2011 10:00;36.79;33.67;33.67;36.79;33.67
14.08.2011 11:00;37.82;33.97;33.97;37.82;33.97
14.08.2011 12:00;37.76;34.11;34.11;37.76;34.11
14.08.2011 13:00;37.35;34.07;34.07;37.35;34.07
14.08.2011 14:00;37.15;34.01;34.01;37.15;34.01
14.08.2011 15:00;36.85;33.96;33.96;36.85;33.96
14.08.2011 16:00;36.85;33.99;33.99;36.85;33.99
14.08.2011 17:00;37.71;33.99;33.99;37.71;33.99
14.08.2011 18:00;38.30;33.99;33.99;38.30;33.99
14.08.2011 19:00;38.91;34.10;34.10;38.91;34.10
14.08.2011 20:00;38.77;34.30;34.30;38.77;34.30
14.08.2011 21:00;38.93;34.45;34.45;38.93;34.45
14.08.2011 22:00;38.87;34.77;34.77;38.87;34.77
14.08.2011 23:00;37.23;33.97;33.97;37.23;33.97
15.08.2011 00:00;36.54;34.62;34.62;36.54;34.62
15.08.2011 01:00;33.96;33.96;33.96;33.96;33.96
15.08.2011 02:00;32.95;32.95;32.95;32.95;32.95
15.08.2011 03:00;30.79;30.79;30.79;30.79;30.79
15.08.2011 04:00;31.52;31.52;31.52;31.52;31.52
15.08.2011 05:00;35.21;34.07;34.07;35.21;34.07
15.08.2011 06:00;42.11;33.94;33.94;42.11;33.94
15.08.2011 07:00;43.12;34.02;34.02;43.12;34.02
15.08.2011 08:00;44.87;35.15;35.15;43.80;35.15
15.08.2011 09:00;45.21;34.88;34.88;44.07;34.88
15.08.2011 10:00;45.18;35.74;35.74;45.03;35.74
15.08.2011 11:00;45.37;35.62;35.62;45.37;35.62
15.08.2011 12:00;45.39;38.27;38.27;45.37;38.27
15.08.2011 13:00;45.34;38.18;38.18;45.28;38.18
15.08.2011 14:00;45.30;38.18;38.18;44.55;38.18
15.08.2011 15:00;45.22;35.85;35.85;43.98;35.85
15.08.2011 16:00;44.93;34.97;34.97;43.88;34.97
15.08.2011 17:00;44.91;34.48;34.48;43.70;34.48
15.08.2011 18:00;44.19;34.00;34.00;43.63;34.00
15.08.2011 19:00;44.16;33.93;33.93;43.57;33.93
15.08.2011 20:00;44.25;33.86;33.86;43.96;33.86
15.08.2011 21:00;43.90;34.17;34.17;43.90;34.17
15.08.2011 22:00;44.13;34.43;34.43;43.05;34.43
15.08.2011 23:00;39.00;33.77;33.77;39.00;33.77
16.08.2011 00:00;36.31;34.96;34.96;36.31;34.96
16.08.2011 01:00;34.70;34.46;34.46;34.70;34.46
16.08.2011 02:00;34.30;34.30;34.30;34.30;34.30
16.08.2011 03:00;34.17;34.17;34.17;34.17;34.17
16.08.2011 04:00;34.27;34.27;34.27;34.27;34.27
16.08.2011 05:00;36.99;34.39;34.39;36.99;34.39
16.08.2011 06:00;41.95;34.63;34.63;41.95;34.63
16.08.2011 07:00;44.28;34.94;34.94;44.28;34.94
16.08.2011 08:00;44.63;35.95;35.95;44.63;35.95
16.08.2011 09:00;45.12;43.19;43.19;45.12;43.19
16.08.2011 10:00;45.67;44.81;44.81;45.67;44.81
16.08.2011 11:00;45.79;45.07;45.07;45.79;45.07
16.08.2011 12:00;45.72;45.07;45.07;45.72;45.07
16.08.2011 13:00;45.85;44.62;44.62;45.85;44.62
16.08.2011 14:00;45.77;44.54;44.54;45.77;44.54
16.08.2011 15:00;45.61;43.11;43.11;45.61;43.11
16.08.2011 16:00;45.20;36.77;36.77;45.20;36.77
16.08.2011 17:00;44.97;36.70;36.70;44.97;36.70
16.08.2011 18:00;44.73;35.84;35.84;44.73;35.84
16.08.2011 19:00;44.55;35.90;35.90;44.55;35.90
16.08.2011 20:00;44.46;36.77;36.77;44.46;36.77
16.08.2011 21:00;44.37;37.26;37.26;44.37;37.26
16.08.2011 22:00;44.43;36.15;36.15;44.43;36.15
16.08.2011 23:00;41.72;34.98;34.98;41.72;34.98
17.08.2011 00:00;39.62;39.24;39.24;39.62;39.24
17.08.2011 01:00;37.28;37.13;37.13;37.28;37.13
17.08.2011 02:00;35.77;35.77;35.77;35.77;35.77
17.08.2011 03:00;34.09;34.09;34.09;34.09;34.09
17.08.2011 04:00;34.46;34.46;34.46;34.46;34.46
17.08.2011 05:00;37.34;35.91;35.91;37.34;35.91
17.08.2011 06:00;35.46;35.46;35.46;35.46;35.46
17.08.2011 07:00;39.32;39.32;39.32;39.32;39.32
17.08.2011 08:00;42.40;42.40;42.40;42.40;42.40
17.08.2011 09:00;43.62;43.62;43.62;43.62;43.62
17.08.2011 10:00;44.15;44.15;44.15;44.15;44.15
17.08.2011 11:00;44.18;44.18;44.18;44.18;44.18
17.08.2011 12:00;44.18;44.18;44.18;44.18;44.18
17.08.2011 13:00;43.77;43.77;43.77;43.77;43.77
17.08.2011 14:00;43.66;43.66;43.66;43.66;43.66
17.08.2011 15:00;43.07;43.07;43.07;43.07;43.07
17.08.2011 16:00;42.89;42.89;42.89;42.89;42.89
17.08.2011 17:00;42.48;42.48;42.48;42.48;42.48
17.08.2011 18:00;39.61;39.61;39.61;39.61;39.61
17.08.2011 19:00;38.94;37.56;37.56;38.94;37.56
17.08.2011 20:00;39.47;39.34;39.34;39.47;39.34
17.08.2011 21:00;39.72;37.95;37.95;39.72;37.95
17.08.2011 22:00;38.05;37.89;37.89;38.05;37.89
17.08.2011 23:00;35.57;35.57;35.57;35.57;35.57
18.08.2011 00:00;38.41;38.41;38.41;38.41;38.41
18.08.2011 01:00;36.53;36.53;36.53;36.53;36.53
18.08.2011 02:00;35.59;35.59;35.59;35.59;35.59
18.08.2011 03:00;35.51;35.51;35.51;35.51;35.51
18.08.2011 04:00;35.64;35.64;35.64;35.64;35.64
18.08.2011 05:00;38.13;38.13;38.13;38.13;38.13
18.08.2011 06:00;38.91;38.91;38.91;38.91;38.91
18.08.2011 07:00;42.42;41.12;41.12;42.42;41.12
18.08.2011 08:00;44.16;40.91;40.91;44.16;40.91
18.08.2011 09:00;44.93;41.71;41.71;44.93;41.71
18.08.2011 10:00;45.34;41.71;41.71;45.34;41.71
18.08.2011 11:00;45.45;41.60;41.60;45.45;41.60
18.08.2011 12:00;44.98;41.62;41.62;44.98;41.62
18.08.2011 13:00;44.91;41.18;41.18;44.91;41.18
18.08.2011 14:00;44.46;40.89;40.89;44.46;40.89
18.08.2011 15:00;44.24;40.61;40.61;44.24;40.61
18.08.2011 16:00;43.29;40.61;40.61;43.29;40.61
18.08.2011 17:00;45.34;40.52;40.52;45.34;40.52
18.08.2011 18:00;45.23;40.85;40.85;45.23;40.85
18.08.2011 19:00;45.22;40.71;40.71;45.22;40.71
18.08.2011 20:00;45.76;40.97;40.97;45.76;40.97
18.08.2011 21:00;45.83;41.19;41.19;45.83;41.19
18.08.2011 22:00;45.91;40.72;40.72;45.91;40.72
18.08.2011 23:00;43.55;40.09;40.09;43.55;40.09
19.08.2011 00:00;42.10;42.10;42.10;42.10;42.10
19.08.2011 01:00;39.88;39.88;39.88;39.88;39.88
19.08.2011 02:00;38.84;38.84;38.84;38.84;38.84
19.08.2011 03:00;38.34;38.34;38.34;38.34;38.34
19.08.2011 04:00;38.48;38.48;38.48;38.48;38.48
19.08.2011 05:00;39.61;39.61;39.61;39.61;39.61
19.08.2011 06:00;43.49;42.42;42.42;43.49;42.42
19.08.2011 07:00;45.87;43.22;43.22;45.87;43.22
19.08.2011 08:00;46.63;43.31;43.31;46.63;43.31
19.08.2011 09:00;47.20;43.58;43.58;47.20;43.58
19.08.2011 10:00;47.48;43.58;43.58;47.48;43.58
19.08.2011 11:00;47.08;43.46;43.46;47.08;43.46
19.08.2011 12:00;46.58;43.83;43.83;46.58;43.83
19.08.2011 13:00;46.38;43.55;43.55;46.38;43.55
19.08.2011 14:00;43.96;43.38;43.38;43.96;43.38
19.08.2011 15:00;42.33;42.33;42.33;42.33;42.33
19.08.2011 16:00;41.67;41.67;41.67;41.67;41.67
19.08.2011 17:00;41.45;41.45;41.45;41.45;41.45
19.08.2011 18:00;41.04;41.04;41.04;41.04;41.04
19.08.2011 19:00;40.50;40.50;40.50;40.50;40.50
19.08.2011 20:00;39.62;39.62;39.62;39.62;39.62
19.08.2011 21:00;40.01;40.01;40.01;40.01;40.01
19.08.2011 22:00;39.04;39.04;39.04;39.04;39.04
19.08.2011 23:00;38.06;38.06;38.06;38.06;38.06
20.08.2011 00:00;37.67;37.67;37.67;37.67;37.67
20.08.2011 01:00;37.05;37.05;37.05;37.05;37.05
20.08.2011 02:00;35.26;35.26;35.26;35.26;35.26
20.08.2011 03:00;35.08;35.08;35.08;35.08;35.08
20.08.2011 04:00;35.06;35.06;35.06;35.06;35.06
20.08.2011 05:00;35.25;35.25;35.25;35.25;35.25
20.08.2011 06:00;36.50;36.50;36.50;36.50;36.50
20.08.2011 07:00;38.18;38.18;38.18;38.18;38.18
20.08.2011 08:00;39.08;39.08;39.08;39.08;39.08
20.08.2011 09:00;41.45;41.45;41.45;41.45;41.45
20.08.2011 10:00;42.47;42.47;42.47;42.47;42.47
20.08.2011 11:00;42.69;42.69;42.69;42.69;42.69
20.08.2011 12:00;42.57;42.57;42.57;42.57;42.57
20.08.2011 13:00;42.08;42.08;42.08;42.08;42.08
20.08.2011 14:00;41.32;41.32;41.32;41.32;41.32
20.08.2011 15:00;41.35;41.35;41.35;41.35;41.35
20.08.2011 16:00;41.89;41.89;41.89;41.89;41.89
20.08.2011 17:00;42.31;42.31;42.31;42.31;42.31
20.08.2011 18:00;42.36;42.36;42.36;42.36;42.36
20.08.2011 19:00;42.24;42.24;42.24;42.24;42.24
20.08.2011 20:00;42.05;42.05;42.05;42.05;42.05
20.08.2011 21:00;42.29;42.29;42.29;42.29;42.29
20.08.2011 22:00;41.83;41.83;41.83;41.83;41.83
20.08.2011 23:00;39.40;39.40;39.40;39.40;39.40
21.08.2011 00:00;39.75;39.75;39.75;39.75;39.75
21.08.2011 01:00;37.86;37.86;37.86;37.86;37.86
21.08.2011 02:00;37.34;37.34;37.34;37.34;37.34
21.08.2011 03:00;37.19;37.19;37.19;37.19;37.19
21.08.2011 04:00;37.31;37.31;37.31;37.31;37.31
21.08.2011 05:00;37.46;37.46;37.46;37.46;37.46
21.08.2011 06:00;37.79;37.79;37.79;37.79;37.79
21.08.2011 07:00;38.60;38.60;38.60;38.60;38.60
21.08.2011 08:00;40.76;40.76;40.76;40.76;40.76
21.08.2011 09:00;41.61;41.61;41.61;41.61;41.61
21.08.2011 10:00;42.38;42.38;42.38;42.38;42.38
21.08.2011 11:00;42.92;42.70;42.70;42.92;42.70
21.08.2011 12:00;43.05;42.79;42.79;43.05;42.79
21.08.2011 13:00;42.54;42.54;42.54;42.54;42.54
21.08.2011 14:00;42.13;42.13;42.13;42.13;42.13
21.08.2011 15:00;42.03;42.03;42.03;42.03;42.03
21.08.2011 16:00;42.00;42.00;42.00;42.00;42.00
21.08.2011 17:00;42.53;42.53;42.53;42.53;42.53
21.08.2011 18:00;43.06;42.77;42.77;43.06;42.77
21.08.2011 19:00;43.27;42.97;42.97;43.27;42.97
21.08.2011 20:00;43.79;43.79;43.79;43.79;43.79
21.08.2011 21:00;43.89;43.89;43.89;43.89;43.89
21.08.2011 22:00;43.03;43.03;43.03;43.03;43.03
21.08.2011 23:00;41.05;41.05;41.05;41.05;41.05
22.08.2011 00:00;39.99;39.99;39.99;39.99;39.99
22.08.2011 01:00;38.61;38.61;38.61;38.61;38.61
22.08.2011 02:00;37.99;37.99;37.99;37.99;37.99
22.08.2011 03:00;37.71;37.71;37.71;37.71;37.71
22.08.2011 04:00;37.84;37.84;37.84;37.84;37.84
22.08.2011 05:00;38.98;38.98;38.98;38.98;38.98
22.08.2011 06:00;44.79;42.14;42.14;44.79;42.14
22.08.2011 07:00;44.54;42.10;42.10;44.54;42.10
22.08.2011 08:00;45.70;42.79;42.79;45.70;42.79
22.08.2011 09:00;45.99;42.88;42.88;45.99;42.88
22.08.2011 10:00;46.13;44.51;44.51;46.13;44.51
22.08.2011 11:00;46.22;44.04;44.04;46.22;44.04
22.08.2011 12:00;46.09;42.99;42.99;46.09;42.99
22.08.2011 13:00;46.01;42.55;42.55;46.01;42.55
22.08.2011 14:00;46.09;42.39;42.39;46.09;42.39
22.08.2011 15:00;45.70;40.48;40.48;45.70;40.48
22.08.2011 16:00;45.56;40.59;40.59;45.56;40.59
22.08.2011 17:00;45.40;40.80;40.80;45.40;40.80
22.08.2011 18:00;45.19;40.40;40.40;45.19;40.40
22.08.2011 19:00;44.99;40.71;40.71;44.99;40.71
22.08.2011 20:00;44.84;41.22;41.22;44.84;41.22
22.08.2011 21:00;44.83;41.48;41.48;44.83;41.48
22.08.2011 22:00;45.26;42.00;42.00;45.26;42.00
22.08.2011 23:00;42.93;40.15;40.15;42.93;40.15
23.08.2011 00:00;40.33;40.33;40.33;40.33;40.33
23.08.2011 01:00;38.75;38.75;38.75;38.75;38.75
23.08.2011 02:00;38.22;38.22;38.22;38.22;38.22
23.08.2011 03:00;38.01;38.01;38.01;38.01;38.01
23.08.2011 04:00;38.45;38.45;38.45;38.45;38.45
23.08.2011 05:00;40.26;40.26;40.26;40.26;40.26
23.08.2011 06:00;43.53;41.18;41.18;43.53;41.18
23.08.2011 07:00;45.90;41.81;41.81;45.90;41.81
23.08.2011 08:00;46.39;42.17;42.17;46.39;42.17
23.08.2011 09:00;46.61;42.23;42.23;46.61;42.23
23.08.2011 10:00;46.76;42.20;42.20;46.76;42.20
23.08.2011 11:00;46.70;42.05;42.05;46.70;42.05
23.08.2011 12:00;46.65;42.49;42.49;46.65;42.49
23.08.2011 13:00;46.67;42.49;42.49;46.67;42.49
23.08.2011 14:00;46.64;42.22;42.22;46.64;42.22
23.08.2011 15:00;46.43;42.01;42.01;46.43;42.01
23.08.2011 16:00;46.27;41.73;41.73;46.27;41.73
23.08.2011 17:00;46.17;41.60;41.60;46.17;41.60
23.08.2011 18:00;45.76;41.31;41.31;45.76;41.31
23.08.2011 19:00;45.55;41.41;41.41;45.55;41.41
23.08.2011 20:00;45.27;42.05;42.05;45.27;42.05
23.08.2011 21:00;45.20;42.21;42.21;45.20;42.21
23.08.2011 22:00;43.83;42.16;42.16;43.83;42.16
23.08.2011 23:00;40.14;40.14;40.14;40.14;40.14
24.08.2011 00:00;38.31;38.31;38.31;38.31;38.31
24.08.2011 01:00;36.46;36.46;36.46;36.46;36.46
24.08.2011 02:00;35.79;35.79;35.79;35.79;35.79
24.08.2011 03:00;35.66;35.66;35.66;35.66;35.66
24.08.2011 04:00;36.16;36.16;36.16;36.16;36.16
24.08.2011 05:00;38.69;38.69;38.69;38.69;38.69
24.08.2011 06:00;41.39;40.76;40.76;41.39;40.76
24.08.2011 07:00;44.76;40.80;40.80;44.76;40.80
24.08.2011 08:00;46.88;40.55;40.55;46.88;40.55
24.08.2011 09:00;47.03;40.56;40.56;47.03;40.56
24.08.2011 10:00;47.06;40.52;40.52;47.06;40.52
24.08.2011 11:00;47.04;40.47;40.47;47.04;40.47
24.08.2011 12:00;46.84;40.64;40.64;46.84;40.64
24.08.2011 13:00;46.83;40.72;40.72;46.83;40.72
24.08.2011 14:00;46.71;40.83;40.83;46.71;40.83
24.08.2011 15:00;46.34;40.60;40.60;46.34;40.60
24.08.2011 16:00;46.03;40.68;40.68;46.03;40.68
24.08.2011 17:00;45.34;40.65;40.65;45.34;40.65
24.08.2011 18:00;44.93;40.60;40.60;44.93;40.60
24.08.2011 19:00;45.04;40.66;40.66;45.04;40.66
24.08.2011 20:00;45.43;40.79;40.79;45.43;40.79
24.08.2011 21:00;45.42;40.88;40.88;45.42;40.88
24.08.2011 22:00;44.27;40.90;40.90;44.27;40.90
24.08.2011 23:00;40.49;40.49;40.49;40.49;40.49
25.08.2011 00:00;40.31;40.31;40.31;40.31;40.31
25.08.2011 01:00;37.80;37.80;37.80;37.80;37.80
25.08.2011 02:00;37.44;37.44;37.44;37.44;37.44
25.08.2011 03:00;37.31;37.31;37.31;37.31;37.31
25.08.2011 04:00;37.80;37.80;37.80;37.80;37.80
25.08.2011 05:00;40.21;40.21;40.21;40.21;40.21
25.08.2011 06:00;42.13;41.80;41.80;42.13;41.80
25.08.2011 07:00;44.68;41.70;41.70;44.68;41.70
25.08.2011 08:00;47.29;41.93;41.93;47.29;41.93
25.08.2011 09:00;47.59;41.93;41.93;47.59;41.93
25.08.2011 10:00;47.70;42.06;42.06;47.70;42.06
25.08.2011 11:00;47.03;41.93;41.93;47.03;41.93
25.08.2011 12:00;46.86;41.89;41.89;46.86;41.89
25.08.2011 13:00;46.99;41.84;41.84;46.99;41.84
25.08.2011 14:00;46.82;41.79;41.79;46.82;41.79
25.08.2011 15:00;46.63;41.77;41.77;46.63;41.77
25.08.2011 16:00;45.80;41.76;41.76;45.80;41.76
25.08.2011 17:00;45.01;41.77;41.77;45.01;41.77
25.08.2011 18:00;44.20;41.70;41.70;44.20;41.70
25.08.2011 19:00;44.03;41.74;41.74;44.03;41.74
25.08.2011 20:00;44.28;41.83;41.83;44.28;41.83
25.08.2011 21:00;44.59;41.85;41.85;44.59;41.85
25.08.2011 22:00;42.31;41.77;41.77;42.31;41.77
25.08.2011 23:00;40.32;40.32;40.32;40.32;40.32
26.08.2011 00:00;41.13;41.13;41.13;41.13;41.13
26.08.2011 01:00;39.79;39.79;39.79;39.79;39.79
26.08.2011 02:00;38.73;38.73;38.73;38.73;38.73
26.08.2011 03:00;38.95;38.95;38.95;38.95;38.95
26.08.2011 04:00;39.48;39.48;39.48;39.48;39.48
26.08.2011 05:00;40.91;40.91;40.91;40.91;40.91
26.08.2011 06:00;42.17;42.17;42.17;42.17;42.17
26.08.2011 07:00;44.29;42.65;42.65;44.29;42.65
26.08.2011 08:00;45.91;42.80;42.80;45.91;42.80
26.08.2011 09:00;47.46;42.92;42.92;47.46;42.92
26.08.2011 10:00;47.65;42.99;42.99;47.65;42.99
26.08.2011 11:00;47.39;42.84;42.84;47.39;42.84
26.08.2011 12:00;46.50;42.86;42.86;46.50;42.86
26.08.2011 13:00;44.87;42.78;42.78;44.87;42.78
26.08.2011 14:00;43.57;42.76;42.76;43.57;42.76
26.08.2011 15:00;42.53;42.53;42.53;42.53;42.53
26.08.2011 16:00;42.31;42.31;42.31;42.31;42.31
26.08.2011 17:00;42.44;42.44;42.44;42.44;42.44
26.08.2011 18:00;42.29;42.29;42.29;42.29;42.29
26.08.2011 19:00;42.18;42.18;42.18;42.18;42.18
26.08.2011 20:00;42.15;42.15;42.15;42.15;42.15
26.08.2011 21:00;42.11;42.11;42.11;42.11;42.11
26.08.2011 22:00;40.96;40.96;40.96;40.96;40.96
26.08.2011 23:00;39.98;39.98;39.98;39.98;39.98
27.08.2011 00:00;41.98;41.98;41.98;41.98;41.98
27.08.2011 01:00;40.72;40.72;40.72;40.72;40.72
27.08.2011 02:00;40.22;40.22;40.22;40.22;40.22
27.08.2011 03:00;40.06;40.06;40.06;40.06;40.06
27.08.2011 04:00;38.84;38.84;38.84;38.84;38.84
27.08.2011 05:00;39.38;39.38;39.38;39.38;39.38
27.08.2011 06:00;40.91;40.91;40.91;40.91;40.91
27.08.2011 07:00;42.04;42.04;42.04;42.04;42.04
27.08.2011 08:00;42.35;42.35;42.35;42.35;42.35
27.08.2011 09:00;43.09;43.09;43.09;43.09;43.09
27.08.2011 10:00;43.61;43.31;43.31;43.61;43.31
27.08.2011 11:00;43.31;43.31;43.31;43.31;43.31
27.08.2011 12:00;42.95;42.95;42.95;42.95;42.95
27.08.2011 13:00;42.39;42.39;42.39;42.39;42.39
27.08.2011 14:00;42.02;42.02;42.02;42.02;42.02
27.08.2011 15:00;41.89;41.89;41.89;41.89;41.89
27.08.2011 16:00;41.96;41.96;41.96;41.96;41.96
27.08.2011 17:00;41.96;41.96;41.96;41.96;41.96
27.08.2011 18:00;42.01;42.01;42.01;42.01;42.01
27.08.2011 19:00;41.96;41.96;41.96;41.96;41.96
27.08.2011 20:00;42.44;42.44;42.44;42.44;42.44
27.08.2011 21:00;42.93;42.93;42.93;42.93;42.93
27.08.2011 22:00;42.30;42.30;42.30;42.30;42.30
27.08.2011 23:00;41.71;41.71;41.71;41.71;41.71
28.08.2011 00:00;39.37;39.37;39.37;39.37;39.37
28.08.2011 01:00;37.00;37.00;37.00;37.00;37.00
28.08.2011 02:00;33.35;33.35;33.35;33.35;33.35
28.08.2011 03:00;29.40;29.40;29.40;29.40;29.40
28.08.2011 04:00;25.59;25.59;25.59;25.59;25.59
28.08.2011 05:00;29.38;29.38;29.38;29.38;29.38
28.08.2011 06:00;29.00;29.00;29.00;29.00;29.00
28.08.2011 07:00;36.05;36.05;36.05;36.05;36.05
28.08.2011 08:00;39.17;39.17;39.17;39.17;39.17
28.08.2011 09:00;40.01;40.01;40.01;40.01;40.01
28.08.2011 10:00;40.45;40.45;40.45;40.45;40.45
28.08.2011 11:00;42.19;42.19;42.19;42.19;42.19
28.08.2011 12:00;40.60;40.60;40.60;40.60;40.60
28.08.2011 13:00;39.09;39.09;39.09;39.09;39.09
28.08.2011 14:00;37.19;37.19;37.19;37.19;37.19
28.08.2011 15:00;38.39;38.39;38.39;38.39;38.39
28.08.2011 16:00;40.52;40.52;40.52;40.52;40.52
28.08.2011 17:00;43.38;43.38;43.38;43.38;43.38
28.08.2011 18:00;43.50;43.50;43.50;43.50;43.50
28.08.2011 19:00;44.06;43.77;43.77;44.06;43.77
28.08.2011 20:00;44.86;43.95;43.95;44.86;43.95
28.08.2011 21:00;44.74;44.36;44.36;44.74;44.36
28.08.2011 22:00;43.83;43.83;43.83;43.83;43.83
28.08.2011 23:00;41.73;41.73;41.73;41.73;41.73
29.08.2011 00:00;39.14;39.14;39.14;39.14;39.14
29.08.2011 01:00;36.52;36.52;36.52;36.52;36.52
29.08.2011 02:00;33.31;33.31;33.31;33.31;33.31
29.08.2011 03:00;26.90;26.90;26.90;26.90;26.90
29.08.2011 04:00;33.08;33.08;33.08;33.08;33.08
29.08.2011 05:00;38.77;38.77;38.77;38.77;38.77
29.08.2011 06:00;42.38;42.38;42.38;42.38;42.38
29.08.2011 07:00;44.27;43.14;43.14;44.27;43.14
29.08.2011 08:00;46.37;43.52;43.52;46.37;43.52
29.08.2011 09:00;47.54;43.68;43.68;47.54;43.68
29.08.2011 10:00;47.23;43.67;43.67;47.23;43.67
29.08.2011 11:00;46.64;43.55;43.55;46.64;43.55
29.08.2011 12:00;46.44;43.65;43.65;46.44;43.65
29.08.2011 13:00;46.11;43.60;43.60;46.11;43.60
29.08.2011 14:00;45.82;43.51;43.51;45.82;43.51
29.08.2011 15:00;45.15;43.52;43.52;45.15;43.52
29.08.2011 16:00;45.36;43.52;43.52;45.36;43.52
29.08.2011 17:00;45.40;43.46;43.46;45.40;43.46
29.08.2011 18:00;44.28;43.32;43.32;44.28;43.32
29.08.2011 19:00;43.83;43.36;43.36;43.83;43.36
29.08.2011 20:00;44.81;43.50;43.50;44.81;43.50
29.08.2011 21:00;45.22;43.47;43.47;45.22;43.47
29.08.2011 22:00;43.62;43.62;43.62;43.62;43.62
29.08.2011 23:00;41.03;41.03;41.03;41.03;41.03
30.08.2011 00:00;40.35;40.35;40.35;40.35;40.35
30.08.2011 01:00;36.62;36.62;36.62;36.62;36.62
30.08.2011 02:00;35.34;35.34;35.34;35.34;35.34
30.08.2011 03:00;36.55;36.55;36.55;36.55;36.55
30.08.2011 04:00;38.95;38.95;38.95;38.95;38.95
30.08.2011 05:00;41.12;41.12;41.12;41.12;41.12
30.08.2011 06:00;43.39;43.39;43.39;43.39;43.39
30.08.2011 07:00;45.21;42.84;42.84;45.21;42.84
30.08.2011 08:00;45.59;43.53;43.53;45.59;43.53
30.08.2011 09:00;45.71;43.54;43.54;45.71;43.54
30.08.2011 10:00;45.74;43.49;43.49;45.74;43.49
30.08.2011 11:00;45.75;43.43;43.43;45.75;43.43
30.08.2011 12:00;45.85;43.30;43.30;45.85;43.30
30.08.2011 13:00;45.83;43.17;43.17;45.83;43.17
30.08.2011 14:00;45.69;43.10;43.10;45.69;43.10
30.08.2011 15:00;45.58;42.90;42.90;45.58;42.90
30.08.2011 16:00;45.46;42.82;42.82;45.46;42.82
30.08.2011 17:00;45.35;43.03;43.03;45.35;43.03
30.08.2011 18:00;45.35;42.95;42.95;45.35;42.95
30.08.2011 19:00;45.28;42.97;42.97;45.28;42.97
30.08.2011 20:00;45.45;42.96;42.96;45.45;42.96
30.08.2011 21:00;45.49;43.28;43.28;45.49;43.28
30.08.2011 22:00;45.57;43.16;43.16;45.57;43.16
30.08.2011 23:00;45.50;42.27;42.27;45.50;42.27
31.08.2011 00:00;43.30;42.17;42.17;43.30;42.17
31.08.2011 01:00;41.31;41.31;41.31;41.31;41.31
31.08.2011 02:00;40.70;40.70;40.70;40.70;40.70
31.08.2011 03:00;40.31;40.31;40.31;40.31;40.31
31.08.2011 04:00;42.23;41.17;41.17;42.23;41.17
31.08.2011 05:00;43.83;42.01;42.01;43.83;42.01
31.08.2011 06:00;45.67;42.22;42.22;45.67;42.22
31.08.2011 07:00;46.59;43.07;43.07;46.59;43.07
31.08.2011 08:00;46.68;43.60;43.60;46.68;43.60
31.08.2011 09:00;46.70;43.49;43.49;46.70;43.49
31.08.2011 10:00;46.74;43.44;43.44;46.74;43.44
31.08.2011 11:00;47.09;43.24;43.24;47.09;43.24
31.08.2011 12:00;46.95;43.03;43.03;46.95;43.03
31.08.2011 13:00;46.95;43.15;43.15;46.95;43.15
31.08.2011 14:00;46.93;43.15;43.15;46.93;43.15
31.08.2011 15:00;46.38;42.88;42.88;46.38;42.88
31.08.2011 16:00;46.35;43.27;43.27;46.35;43.27
31.08.2011 17:00;46.36;43.20;43.20;46.36;43.20
31.08.2011 18:00;46.42;43.12;43.12;46.42;43.12
31.08.2011 19:00;46.40;43.14;43.14;46.40;43.14
31.08.2011 20:00;46.84;43.30;43.30;46.84;43.30
31.08.2011 21:00;46.92;43.60;43.60;46.92;43.60
31.08.2011 22:00;46.78;43.20;43.20;46.78;43.20
31.08.2011 23:00;43.98;42.57;42.57;43.98;42.57
01.09.2011 00:00;44.11;43.30;43.30;44.11;43.30
01.09.2011 01:00;43.07;43.07;43.07;43.07;43.07
01.09.2011 02:00;42.37;42.37;42.37;42.37;42.37
01.09.2011 03:00;42.52;42.52;42.52;42.52;42.52
01.09.2011 04:00;43.96;43.02;43.02;43.96;43.02
01.09.2011 05:00;45.16;43.23;43.23;45.16;43.23
01.09.2011 06:00;46.90;43.52;43.52;46.90;43.52
01.09.2011 07:00;46.92;43.95;43.95;46.92;43.95
01.09.2011 08:00;47.01;44.20;44.20;47.01;44.20
01.09.2011 09:00;47.26;44.17;44.17;47.26;44.17
01.09.2011 10:00;47.26;44.04;44.04;47.26;44.04
01.09.2011 11:00;47.12;44.03;44.03;47.12;44.03
01.09.2011 12:00;47.00;43.97;43.97;47.00;43.97
01.09.2011 13:00;46.93;43.91;43.91;46.93;43.91
01.09.2011 14:00;46.88;43.93;43.93;46.88;43.93
01.09.2011 15:00;46.92;43.86;43.86;46.92;43.86
01.09.2011 16:00;46.78;43.89;43.89;46.78;43.89
01.09.2011 17:00;47.80;43.84;43.84;47.80;43.84
01.09.2011 18:00;47.75;43.75;43.75;47.75;43.75
01.09.2011 19:00;47.80;43.75;43.75;47.80;43.75
01.09.2011 20:00;47.97;43.83;43.83;47.97;43.83
01.09.2011 21:00;48.39;43.88;43.88;48.39;43.88
01.09.2011 22:00;47.23;43.82;43.82;47.23;43.82
01.09.2011 23:00;44.74;43.53;43.53;44.74;43.53
02.09.2011 00:00;44.96;43.40;43.40;44.96;43.40
02.09.2011 01:00;43.15;43.15;43.15;43.15;43.15
02.09.2011 02:00;42.39;42.39;42.39;42.39;42.39
02.09.2011 03:00;42.31;42.31;42.31;42.31;42.31
02.09.2011 04:00;43.22;43.15;43.15;43.22;43.15
02.09.2011 05:00;45.57;43.31;43.31;45.57;43.31
02.09.2011 06:00;47.70;43.59;43.59;47.70;43.59
02.09.2011 07:00;49.26;44.11;44.11;49.26;44.11
02.09.2011 08:00;49.30;44.39;44.39;49.30;44.39
02.09.2011 09:00;49.28;44.43;44.43;49.28;44.43
02.09.2011 10:00;49.22;44.35;44.35;49.22;44.35
02.09.2011 11:00;49.07;44.27;44.27;49.07;44.27
02.09.2011 12:00;47.91;44.22;44.22;47.91;44.22
02.09.2011 13:00;47.72;44.17;44.17;47.72;44.17
02.09.2011 14:00;47.69;44.12;44.12;47.69;44.12
02.09.2011 15:00;46.64;44.05;44.05;46.64;44.05
02.09.2011 16:00;46.41;44.04;44.04;46.41;44.04
02.09.2011 17:00;46.28;44.02;44.02;46.28;44.02
02.09.2011 18:00;45.96;44.00;44.00;45.96;44.00
02.09.2011 19:00;46.62;43.92;43.92;46.62;43.92
02.09.2011 20:00;47.06;44.05;44.05;47.06;44.05
02.09.2011 21:00;47.04;43.93;43.93;47.04;43.93
02.09.2011 22:00;45.48;43.77;43.77;45.48;43.77
02.09.2011 23:00;43.89;43.45;43.45;43.89;43.45
03.09.2011 00:00;44.57;43.50;43.50;44.57;43.50
03.09.2011 01:00;43.77;43.25;43.25;43.77;43.25
03.09.2011 02:00;43.06;43.06;43.06;43.06;43.06
03.09.2011 03:00;42.23;42.23;42.23;42.23;42.23
03.09.2011 04:00;42.07;42.07;42.07;42.07;42.07
03.09.2011 05:00;42.44;42.44;42.44;42.44;42.44
03.09.2011 06:00;43.94;43.23;43.23;43.94;43.23
03.09.2011 07:00;44.41;43.18;43.18;44.41;43.18
03.09.2011 08:00;44.76;43.22;43.22;44.76;43.22
03.09.2011 09:00;45.20;43.45;43.45;45.20;43.45
03.09.2011 10:00;46.23;43.60;43.60;46.23;43.60
03.09.2011 11:00;45.97;43.59;43.59;45.97;43.59
03.09.2011 12:00;45.51;43.55;43.55;45.51;43.55
03.09.2011 13:00;44.88;43.50;43.50;44.88;43.50
03.09.2011 14:00;44.48;43.41;43.41;44.48;43.41
03.09.2011 15:00;44.41;43.37;43.37;44.41;43.37
03.09.2011 16:00;44.60;43.40;43.40;44.60;43.40
03.09.2011 17:00;44.84;43.48;43.48;44.84;43.48
03.09.2011 18:00;45.86;43.54;43.54;45.86;43.54
03.09.2011 19:00;46.98;43.49;43.49;46.98;43.49
03.09.2011 20:00;47.32;43.45;43.45;47.32;43.45
03.09.2011 21:00;47.29;43.40;43.40;47.29;43.40
03.09.2011 22:00;47.20;43.27;43.27;47.20;43.27
03.09.2011 23:00;44.96;43.15;43.15;44.96;43.15
04.09.2011 00:00;44.99;42.69;42.69;44.99;42.69
04.09.2011 01:00;42.13;42.13;42.13;42.13;42.13
04.09.2011 02:00;39.32;39.32;39.32;39.32;39.32
04.09.2011 03:00;35.95;35.95;35.95;35.95;35.95
04.09.2011 04:00;37.01;37.01;37.01;37.01;37.01
04.09.2011 05:00;38.30;38.30;38.30;38.30;38.30
04.09.2011 06:00;38.28;38.28;38.28;38.28;38.28
04.09.2011 07:00;39.82;39.82;39.82;39.82;39.82
04.09.2011 08:00;42.36;42.10;42.10;42.36;42.10
04.09.2011 09:00;46.27;42.34;42.34;46.27;42.34
04.09.2011 10:00;46.41;42.41;42.41;46.41;42.41
04.09.2011 11:00;46.53;42.54;42.54;46.53;42.54
04.09.2011 12:00;46.50;42.59;42.59;46.50;42.59
04.09.2011 13:00;44.21;42.60;42.60;44.21;42.60
04.09.2011 14:00;43.90;42.58;42.58;43.90;42.58
04.09.2011 15:00;42.65;42.56;42.56;42.65;42.56
04.09.2011 16:00;43.70;42.59;42.59;43.70;42.59
04.09.2011 17:00;45.01;42.44;42.44;45.01;42.44
04.09.2011 18:00;46.38;42.52;42.52;46.38;42.52
04.09.2011 19:00;46.55;42.61;42.61;46.55;42.61
04.09.2011 20:00;46.71;42.73;42.73;46.71;42.73
04.09.2011 21:00;46.68;42.75;42.75;46.68;42.75
04.09.2011 22:00;45.59;42.54;42.54;45.59;42.54
04.09.2011 23:00;43.94;42.21;42.21;43.94;42.21
05.09.2011 00:00;41.51;41.51;41.51;41.51;41.51
05.09.2011 01:00;39.48;39.48;39.48;39.48;39.48
05.09.2011 02:00;38.59;38.41;38.41;38.59;38.41
05.09.2011 03:00;38.23;38.23;38.23;38.23;38.23
05.09.2011 04:00;39.32;39.07;39.07;39.32;39.07
05.09.2011 05:00;43.82;41.58;41.58;43.82;41.58
05.09.2011 06:00;46.76;42.39;42.39;46.76;42.39
05.09.2011 07:00;47.48;43.53;37.69;47.48;43.53
05.09.2011 08:00;47.85;43.79;42.46;47.85;43.79
05.09.2011 09:00;48.03;43.72;42.62;48.03;43.72
05.09.2011 10:00;48.11;43.72;42.55;48.11;43.72
05.09.2011 11:00;47.94;43.69;42.56;47.94;43.69
05.09.2011 12:00;47.86;43.65;42.52;47.86;43.65
05.09.2011 13:00;47.91;43.64;42.68;47.91;43.64
05.09.2011 14:00;47.36;43.65;42.70;47.36;43.65
05.09.2011 15:00;47.18;43.61;42.42;47.18;43.61
05.09.2011 16:00;46.62;43.59;42.80;46.62;43.59
05.09.2011 17:00;46.43;43.55;42.75;46.43;43.55
05.09.2011 18:00;46.62;43.59;42.67;46.62;43.59
05.09.2011 19:00;46.62;43.61;42.66;46.62;43.61
05.09.2011 20:00;46.72;43.69;42.67;46.72;43.69
05.09.2011 21:00;46.73;43.62;42.63;46.73;43.62
05.09.2011 22:00;46.08;43.38;42.53;46.08;43.38
05.09.2011 23:00;41.87;41.87;41.87;41.87;41.87
06.09.2011 00:00;39.21;37.03;37.03;39.21;39.21
06.09.2011 01:00;33.91;32.65;32.65;33.91;33.91
06.09.2011 02:00;24.70;24.70;24.70;24.70;24.70
06.09.2011 03:00;19.98;19.98;19.98;19.98;19.98
06.09.2011 04:00;26.20;26.20;26.20;26.20;26.20
06.09.2011 05:00;40.56;33.00;33.00;40.56;40.58
06.09.2011 06:00;44.04;42.79;40.54;44.04;42.79
06.09.2011 07:00;46.28;43.11;41.49;46.28;43.11
06.09.2011 08:00;46.76;43.05;41.91;46.76;43.05
06.09.2011 09:00;46.89;42.95;41.98;46.89;42.95
06.09.2011 10:00;47.16;42.94;41.98;47.16;42.94
06.09.2011 11:00;47.67;42.88;42.13;47.67;42.88
06.09.2011 12:00;47.39;42.83;42.08;47.39;42.83
06.09.2011 13:00;46.14;42.82;42.11;46.14;42.82
06.09.2011 14:00;45.20;42.82;42.26;45.20;42.82
06.09.2011 15:00;44.58;42.80;42.18;44.58;42.80
06.09.2011 16:00;43.87;42.81;42.03;43.87;42.81
06.09.2011 17:00;44.25;42.89;41.81;44.25;42.89
06.09.2011 18:00;43.87;42.96;41.69;43.87;42.96
06.09.2011 19:00;44.49;42.97;41.71;44.49;42.97
06.09.2011 20:00;44.93;43.07;41.69;44.93;43.07
06.09.2011 21:00;43.30;42.97;41.68;43.30;42.97
06.09.2011 22:00;41.84;41.84;41.41;41.84;41.84
06.09.2011 23:00;37.69;37.69;37.69;37.69;37.69
07.09.2011 00:00;15.83;15.83;15.83;15.83;15.83
07.09.2011 01:00;14.41;14.41;14.41;14.41;14.41
07.09.2011 02:00;11.13;11.13;11.13;11.13;11.13
07.09.2011 03:00;10.48;10.48;10.48;10.48;10.48
07.09.2011 04:00;10.42;10.42;10.42;10.42;10.42
07.09.2011 05:00;15.75;15.75;15.75;15.75;15.75
07.09.2011 06:00;41.51;41.51;41.51;41.51;41.51
07.09.2011 07:00;43.75;42.18;39.74;43.75;42.18
07.09.2011 08:00;44.75;42.64;40.03;44.75;42.64
07.09.2011 09:00;45.19;42.54;40.07;45.19;42.54
07.09.2011 10:00;45.22;42.49;40.17;45.22;42.49
07.09.2011 11:00;44.15;42.39;40.32;44.15;42.39
07.09.2011 12:00;43.25;42.36;41.01;43.25;42.36
07.09.2011 13:00;43.27;42.26;41.17;43.27;42.26
07.09.2011 14:00;42.75;42.27;41.11;42.75;42.27
07.09.2011 15:00;42.37;42.19;40.23;42.37;42.19
07.09.2011 16:00;42.20;42.12;40.12;42.20;42.12
07.09.2011 17:00;42.57;42.12;40.06;42.57;42.12
07.09.2011 18:00;42.66;41.98;41.98;42.66;41.98
07.09.2011 19:00;43.33;42.01;42.01;43.33;42.01
07.09.2011 20:00;44.67;42.12;42.12;44.67;42.12
07.09.2011 21:00;43.91;42.06;42.06;43.91;42.06
07.09.2011 22:00;41.13;41.13;41.13;41.13;41.13
07.09.2011 23:00;37.81;37.81;37.81;37.81;37.81
08.09.2011 00:00;35.01;31.93;31.93;31.93;31.93
08.09.2011 01:00;34.28;15.52;15.52;15.52;15.52
08.09.2011 02:00;34.09;15.32;15.32;15.32;15.32
08.09.2011 03:00;34.03;16.09;16.09;16.09;16.09
08.09.2011 04:00;30.75;19.90;19.90;19.90;19.90
08.09.2011 05:00;36.02;30.96;30.96;36.02;30.96
08.09.2011 06:00;43.12;38.40;38.40;43.12;38.40
08.09.2011 07:00;45.96;41.12;31.56;46.95;41.12
08.09.2011 08:00;45.58;41.74;34.06;47.98;41.74
08.09.2011 09:00;45.96;41.64;34.14;48.43;41.64
08.09.2011 10:00;47.07;41.47;34.07;49.69;41.47
08.09.2011 11:00;46.20;41.37;34.05;49.62;41.37
08.09.2011 12:00;45.96;41.46;34.04;49.46;41.46
08.09.2011 13:00;45.90;41.23;34.04;49.38;41.23
08.09.2011 14:00;45.88;41.27;33.91;48.33;41.27
08.09.2011 15:00;45.57;41.01;31.68;47.76;41.01
08.09.2011 16:00;44.81;41.04;31.56;44.81;41.04
08.09.2011 17:00;44.05;41.04;31.52;44.05;41.04
08.09.2011 18:00;44.04;39.33;39.33;44.04;39.33
08.09.2011 19:00;44.83;39.45;39.45;44.83;39.45
08.09.2011 20:00;45.81;39.98;39.98;45.81;39.98
08.09.2011 21:00;43.86;39.86;39.86;43.86;39.86
08.09.2011 22:00;40.77;37.32;37.32;40.77;37.32
08.09.2011 23:00;36.50;34.38;34.38;36.50;34.38
09.09.2011 00:00;33.27;31.28;31.28;31.28;31.28
09.09.2011 01:00;32.51;16.40;16.40;16.40;16.40
09.09.2011 02:00;32.18;13.37;13.37;13.37;13.37
09.09.2011 03:00;32.08;13.90;13.90;13.90;13.90
09.09.2011 04:00;28.89;23.83;23.83;23.83;23.83
09.09.2011 05:00;36.03;36.03;36.03;36.03;36.03
09.09.2011 06:00;42.14;38.29;38.29;42.14;38.29
09.09.2011 07:00;46.61;40.65;30.58;46.61;40.65
09.09.2011 08:00;47.15;41.06;30.53;49.70;41.06
09.09.2011 09:00;47.22;40.94;30.60;50.46;40.94
09.09.2011 10:00;47.29;40.76;30.59;50.43;40.76
09.09.2011 11:00;47.24;40.56;30.90;50.38;40.56
09.09.2011 12:00;47.19;40.37;30.75;47.85;40.37
09.09.2011 13:00;46.61;40.22;30.62;46.61;40.22
09.09.2011 14:00;44.86;40.08;30.54;44.86;40.08
09.09.2011 15:00;43.91;38.89;29.46;43.91;38.89
09.09.2011 16:00;42.88;38.69;28.86;42.88;38.69
09.09.2011 17:00;42.59;38.71;28.36;42.59;38.71
09.09.2011 18:00;42.23;37.96;37.96;42.23;37.96
09.09.2011 19:00;43.92;38.13;38.13;43.92;38.13
09.09.2011 20:00;44.97;38.35;38.35;44.97;38.35
09.09.2011 21:00;42.81;38.27;38.27;42.81;38.27
09.09.2011 22:00;40.57;35.31;35.31;40.57;35.31
09.09.2011 23:00;37.17;30.53;30.53;37.17;30.53
10.09.2011 00:00;32.92;32.92;32.92;32.92;32.92
10.09.2011 01:00;26.94;26.94;26.94;26.94;26.94
10.09.2011 02:00;20.29;20.29;20.29;20.29;20.29
10.09.2011 03:00;16.08;16.08;16.08;16.08;16.08
10.09.2011 04:00;16.28;16.28;16.28;16.28;16.28
10.09.2011 05:00;16.38;16.38;16.38;16.38;16.38
10.09.2011 06:00;21.24;21.24;21.24;21.24;21.24
10.09.2011 07:00;33.27;24.04;12.82;33.27;24.04
10.09.2011 08:00;37.28;32.67;14.42;37.28;32.67
10.09.2011 09:00;39.13;35.80;16.27;39.13;35.80
10.09.2011 10:00;39.87;37.52;17.67;39.87;37.52
10.09.2011 11:00;40.29;37.35;18.01;40.29;37.35
10.09.2011 12:00;40.11;37.11;17.88;40.11;37.11
10.09.2011 13:00;39.61;34.94;17.07;39.61;34.94
10.09.2011 14:00;39.19;34.42;16.75;39.19;34.42
10.09.2011 15:00;38.41;33.92;16.07;38.41;33.92
10.09.2011 16:00;38.68;33.92;15.81;38.68;33.92
10.09.2011 17:00;39.35;34.88;16.23;39.35;34.88
10.09.2011 18:00;40.07;33.80;33.80;40.07;33.80
10.09.2011 19:00;41.07;34.30;34.30;41.07;34.30
10.09.2011 20:00;42.02;34.60;34.60;42.02;34.60
10.09.2011 21:00;40.60;33.86;33.86;40.60;33.86
10.09.2011 22:00;36.10;24.05;24.05;36.10;24.05
10.09.2011 23:00;26.91;17.33;17.33;26.91;17.33
11.09.2011 00:00;9.91;9.91;9.91;9.91;9.91
11.09.2011 01:00;4.87;4.87;4.87;4.87;4.87
11.09.2011 02:00;3.83;3.83;3.83;3.83;3.83
11.09.2011 03:00;3.67;3.67;3.67;3.67;3.67
11.09.2011 04:00;3.69;3.69;3.69;3.69;3.69
11.09.2011 05:00;3.97;3.97;3.97;3.97;3.97
11.09.2011 06:00;3.39;3.39;3.39;3.39;3.39
11.09.2011 07:00;4.54;4.54;4.54;4.54;4.54
11.09.2011 08:00;9.11;9.11;9.11;9.11;9.11
11.09.2011 09:00;32.56;11.88;11.88;32.56;11.88
11.09.2011 10:00;36.78;15.56;15.56;36.78;15.56
11.09.2011 11:00;37.43;18.51;18.51;37.43;18.51
11.09.2011 12:00;37.98;19.56;19.56;37.98;19.56
11.09.2011 13:00;36.89;16.69;16.69;36.89;16.69
11.09.2011 14:00;36.71;17.43;17.43;36.71;17.43
11.09.2011 15:00;36.39;16.55;16.55;36.39;16.55
11.09.2011 16:00;36.77;16.67;16.67;36.77;16.67
11.09.2011 17:00;37.59;36.18;25.01;37.59;36.18
11.09.2011 18:00;39.32;36.02;36.02;39.32;36.02
11.09.2011 19:00;41.12;37.07;37.07;41.12;37.07
11.09.2011 20:00;42.15;37.35;37.35;42.15;37.35
11.09.2011 21:00;40.43;37.41;37.41;40.43;37.41
11.09.2011 22:00;37.44;35.21;35.21;37.44;35.21
11.09.2011 23:00;26.66;26.66;26.66;26.66;26.66
12.09.2011 00:00;10.31;10.31;10.31;10.31;10.31
12.09.2011 01:00;4.38;4.38;4.38;4.38;4.38
12.09.2011 02:00;3.79;3.79;3.79;3.79;3.79
12.09.2011 03:00;3.70;3.70;3.70;3.70;3.70
12.09.2011 04:00;4.23;4.23;4.23;4.23;4.23
12.09.2011 05:00;10.88;10.88;10.88;10.88;10.88
12.09.2011 06:00;36.43;29.47;29.47;36.43;29.47
12.09.2011 07:00;42.78;17.66;17.66;42.78;17.66
12.09.2011 08:00;44.35;30.21;30.21;44.35;30.21
12.09.2011 09:00;43.86;26.68;26.68;43.86;26.68
12.09.2011 10:00;44.22;26.68;26.68;44.22;26.68
12.09.2011 11:00;42.63;25.98;25.98;42.63;25.98
12.09.2011 12:00;41.90;24.85;24.85;41.90;24.85
12.09.2011 13:00;41.02;24.29;24.29;41.02;24.29
12.09.2011 14:00;41.59;24.06;24.06;41.59;24.06
12.09.2011 15:00;40.70;23.29;23.29;40.70;23.29
12.09.2011 16:00;39.21;23.57;23.57;39.21;23.57
12.09.2011 17:00;38.49;19.39;19.39;38.49;19.39
12.09.2011 18:00;38.23;16.83;16.83;38.23;16.83
12.09.2011 19:00;39.16;21.42;21.42;39.16;21.42
12.09.2011 20:00;37.98;24.04;24.04;37.98;24.04
12.09.2011 21:00;29.59;23.76;23.76;29.59;23.76
12.09.2011 22:00;15.03;8.80;8.80;15.03;8.80
12.09.2011 23:00;3.58;3.58;3.58;3.58;3.58
13.09.2011 00:00;32.29;2.63;2.63;6.97;2.63
13.09.2011 01:00;32.23;1.99;1.99;5.85;1.99
13.09.2011 02:00;32.21;1.61;1.61;5.24;1.61
13.09.2011 03:00;32.16;1.60;1.60;5.33;1.60
13.09.2011 04:00;32.14;1.79;1.79;5.80;1.79
13.09.2011 05:00;32.04;2.27;2.27;6.14;2.27
13.09.2011 06:00;33.77;4.83;4.83;15.71;4.83
13.09.2011 07:00;37.24;3.47;3.47;37.24;3.47
13.09.2011 08:00;40.80;4.95;4.95;40.80;4.95
13.09.2011 09:00;39.27;4.92;4.92;39.27;4.92
13.09.2011 10:00;39.17;4.51;4.51;39.17;4.51
13.09.2011 11:00;38.82;3.88;3.88;38.82;3.88
13.09.2011 12:00;39.12;4.14;4.14;39.12;4.14
13.09.2011 13:00;38.80;4.36;4.36;38.80;4.36
13.09.2011 14:00;38.32;4.15;4.15;38.32;4.15
13.09.2011 15:00;36.79;8.99;8.99;36.79;8.99
13.09.2011 16:00;39.21;8.76;8.76;39.21;8.76
13.09.2011 17:00;39.21;7.35;7.35;39.21;7.35
13.09.2011 18:00;39.53;5.29;5.29;39.53;5.29
13.09.2011 19:00;41.30;6.06;6.06;41.30;6.06
13.09.2011 20:00;39.94;7.26;7.26;39.94;7.26
13.09.2011 21:00;36.62;6.90;6.90;36.62;6.90
13.09.2011 22:00;36.01;4.02;4.02;20.13;4.02
13.09.2011 23:00;34.85;2.43;2.43;19.47;2.43
14.09.2011 00:00;30.47;2.99;2.99;3.58;2.99
14.09.2011 01:00;30.41;2.75;2.75;3.06;2.75
14.09.2011 02:00;29.45;2.57;2.57;3.01;2.57
14.09.2011 03:00;29.41;2.52;2.52;2.52;2.52
14.09.2011 04:00;29.40;2.67;2.67;2.67;2.67
14.09.2011 05:00;29.47;3.06;3.06;3.06;3.06
14.09.2011 06:00;33.77;13.78;13.78;15.49;13.78
14.09.2011 07:00;36.26;20.70;20.70;36.26;20.70
14.09.2011 08:00;36.99;21.04;21.04;36.99;21.04
14.09.2011 09:00;36.30;20.75;20.75;31.74;20.75
14.09.2011 10:00;36.28;20.67;20.67;32.66;20.67
14.09.2011 11:00;36.28;20.44;20.44;32.02;20.44
14.09.2011 12:00;36.28;20.26;20.26;31.60;20.26
14.09.2011 13:00;36.27;20.24;20.24;31.36;20.24
14.09.2011 14:00;36.26;20.24;20.24;31.34;20.24
14.09.2011 15:00;36.25;20.06;20.06;31.16;20.06
14.09.2011 16:00;36.24;20.11;20.11;29.15;20.11
14.09.2011 17:00;31.68;20.03;20.03;31.68;20.03
14.09.2011 18:00;33.42;20.05;20.05;33.42;20.05
14.09.2011 19:00;36.25;20.37;20.37;36.25;20.37
14.09.2011 20:00;39.06;20.54;20.54;39.06;20.54
14.09.2011 21:00;37.42;20.19;20.19;37.42;20.19
14.09.2011 22:00;30.92;14.92;14.92;30.92;14.92
14.09.2011 23:00;15.07;11.05;11.05;15.07;11.05
15.09.2011 00:00;2.92;2.66;2.66;2.92;2.66
15.09.2011 01:00;2.55;2.55;2.55;2.55;2.55
15.09.2011 02:00;2.47;2.47;2.47;2.47;2.47
15.09.2011 03:00;2.45;2.45;2.45;2.45;2.45
15.09.2011 04:00;2.50;2.50;2.50;2.50;2.50
15.09.2011 05:00;3.00;2.64;2.64;3.00;2.64
15.09.2011 06:00;29.34;2.88;2.88;29.34;2.88
15.09.2011 07:00;31.65;3.39;3.39;31.65;3.39
15.09.2011 08:00;30.21;3.45;3.45;30.21;3.45
15.09.2011 09:00;30.19;3.44;3.44;30.19;3.44
15.09.2011 10:00;29.63;3.37;3.37;29.63;3.37
15.09.2011 11:00;28.38;3.21;3.21;28.38;3.21
15.09.2011 12:00;21.83;3.07;3.07;21.83;3.07
15.09.2011 13:00;19.44;3.05;3.05;19.44;3.05
15.09.2011 14:00;19.18;3.04;3.04;19.18;3.04
15.09.2011 15:00;18.49;2.99;2.99;18.49;2.99
15.09.2011 16:00;19.46;3.00;3.00;19.46;3.00
15.09.2011 17:00;26.59;2.99;2.99;26.59;2.99
15.09.2011 18:00;30.03;2.98;2.98;30.03;2.98
15.09.2011 19:00;31.99;2.99;2.99;31.99;2.99
15.09.2011 20:00;33.26;3.09;3.09;33.26;3.09
15.09.2011 21:00;30.44;3.00;3.00;30.44;3.00
15.09.2011 22:00;26.23;2.91;2.91;26.23;2.91
15.09.2011 23:00;12.90;2.83;2.83;12.90;2.83
16.09.2011 00:00;19.38;2.89;2.89;4.64;2.89
16.09.2011 01:00;5.04;2.81;2.81;5.04;2.81
16.09.2011 02:00;3.53;2.77;2.77;3.53;2.77
16.09.2011 03:00;3.46;2.76;2.76;3.46;2.76
16.09.2011 04:00;3.17;2.79;2.79;3.17;2.79
16.09.2011 05:00;7.33;2.90;2.90;7.33;2.90
16.09.2011 06:00;25.64;3.20;3.20;25.64;3.20
16.09.2011 07:00;29.55;3.99;3.99;29.55;3.99
16.09.2011 08:00;32.64;5.15;5.15;32.64;5.15
16.09.2011 09:00;32.18;4.79;4.79;32.18;4.79
16.09.2011 10:00;32.16;3.96;3.96;32.16;3.96
16.09.2011 11:00;30.14;3.78;3.78;30.14;3.78
16.09.2011 12:00;26.01;3.64;3.64;26.01;3.64
16.09.2011 13:00;17.02;3.55;3.55;17.02;3.55
16.09.2011 14:00;17.34;3.42;3.42;17.34;3.42
16.09.2011 15:00;17.38;3.28;3.28;17.38;3.28
16.09.2011 16:00;16.37;3.17;3.17;16.37;3.17
16.09.2011 17:00;28.47;3.66;3.66;28.47;3.66
16.09.2011 18:00;26.97;3.99;3.99;26.97;3.99
16.09.2011 19:00;31.06;4.43;4.43;31.06;4.43
16.09.2011 20:00;32.16;5.12;5.12;32.16;5.12
16.09.2011 21:00;28.40;4.06;4.06;28.40;4.06
16.09.2011 22:00;20.21;3.68;3.68;20.21;3.68
16.09.2011 23:00;26.81;3.45;3.45;26.81;3.45
17.09.2011 00:00;15.09;6.08;6.08;15.09;6.08
17.09.2011 01:00;13.01;5.83;5.83;13.01;5.83
17.09.2011 02:00;5.48;5.48;5.48;5.48;5.48
17.09.2011 03:00;5.18;5.18;5.18;5.18;5.18
17.09.2011 04:00;5.22;5.22;5.22;5.22;5.22
17.09.2011 05:00;5.51;5.51;5.51;5.51;5.51
17.09.2011 06:00;5.51;5.51;5.51;5.51;5.51
17.09.2011 07:00;5.49;5.49;5.49;5.49;5.49
17.09.2011 08:00;10.87;6.21;6.21;10.87;6.21
17.09.2011 09:00;12.97;6.68;6.68;12.97;6.68
17.09.2011 10:00;13.04;6.97;6.97;13.04;6.97
17.09.2011 11:00;12.46;6.94;6.94;12.46;6.94
17.09.2011 12:00;11.31;6.69;6.69;11.31;6.69
17.09.2011 13:00;11.15;6.49;6.49;11.15;6.49
17.09.2011 14:00;10.46;6.36;6.36;10.46;6.36
17.09.2011 15:00;8.05;6.28;6.28;8.05;6.28
17.09.2011 16:00;7.58;6.34;6.34;7.58;6.34
17.09.2011 17:00;11.49;6.42;6.42;11.49;6.42
17.09.2011 18:00;13.02;6.60;6.60;13.02;6.60
17.09.2011 19:00;14.14;6.68;6.68;14.14;6.68
17.09.2011 20:00;14.83;6.75;6.75;14.83;6.75
17.09.2011 21:00;13.99;6.41;6.41;13.99;6.41
17.09.2011 22:00;13.17;5.83;5.83;13.17;5.83
17.09.2011 23:00;5.98;5.84;5.84;5.98;5.84
18.09.2011 00:00;11.83;11.83;11.83;11.83;11.83
18.09.2011 01:00;10.59;10.59;10.59;10.59;10.59
18.09.2011 02:00;10.03;10.03;10.03;10.03;10.03
18.09.2011 03:00;9.87;9.87;9.87;9.87;9.87
18.09.2011 04:00;9.79;9.79;9.79;9.79;9.79
18.09.2011 05:00;9.83;9.83;9.83;9.83;9.83
18.09.2011 06:00;9.79;9.79;9.79;9.79;9.79
18.09.2011 07:00;10.00;10.00;10.00;10.00;10.00
18.09.2011 08:00;10.04;10.04;10.04;10.04;10.04
18.09.2011 09:00;10.87;10.87;10.87;10.87;10.87
18.09.2011 10:00;11.99;11.99;11.99;11.99;11.99
18.09.2011 11:00;13.68;13.68;13.68;13.68;13.68
18.09.2011 12:00;13.25;13.25;13.25;13.25;13.25
18.09.2011 13:00;12.72;12.72;12.72;12.72;12.72
18.09.2011 14:00;12.15;12.15;12.15;12.15;12.15
18.09.2011 15:00;11.54;11.54;11.54;11.54;11.54
18.09.2011 16:00;11.95;11.95;11.95;11.95;11.95
18.09.2011 17:00;12.37;12.37;12.37;12.37;12.37
18.09.2011 18:00;13.44;12.98;12.98;13.44;12.98
18.09.2011 19:00;22.48;14.44;14.44;22.48;14.44
18.09.2011 20:00;26.00;17.30;17.30;26.00;17.30
18.09.2011 21:00;18.26;14.65;14.65;18.26;14.65
18.09.2011 22:00;11.81;11.81;11.81;11.81;11.81
18.09.2011 23:00;10.20;10.20;10.20;10.20;10.20
19.09.2011 00:00;16.78;16.78;16.78;16.78;16.78
19.09.2011 01:00;15.03;15.03;15.03;15.03;15.03
19.09.2011 02:00;13.78;13.78;13.78;13.78;13.78
19.09.2011 03:00;13.64;13.64;13.64;13.64;13.64
19.09.2011 04:00;15.01;15.01;15.01;15.01;15.01
19.09.2011 05:00;16.92;16.92;16.92;16.92;16.92
19.09.2011 06:00;34.47;16.82;16.82;34.47;16.82
19.09.2011 07:00;39.54;18.76;18.76;39.54;18.76
19.09.2011 08:00;42.60;19.33;19.33;42.60;19.33
19.09.2011 09:00;42.04;19.21;19.21;42.04;19.21
19.09.2011 10:00;41.07;19.09;19.09;41.07;19.09
19.09.2011 11:00;40.67;18.97;18.97;40.67;18.97
19.09.2011 12:00;37.99;18.82;18.82;37.99;18.82
19.09.2011 13:00;40.04;18.65;18.65;40.04;18.65
19.09.2011 14:00;40.76;18.76;18.76;40.76;18.76
19.09.2011 15:00;39.88;18.14;18.14;39.88;18.14
19.09.2011 16:00;38.56;18.07;18.07;38.56;18.07
19.09.2011 17:00;38.42;17.95;17.95;38.42;17.95
19.09.2011 18:00;37.81;17.89;17.89;37.81;17.89
19.09.2011 19:00;37.71;18.26;18.26;37.71;18.26
19.09.2011 20:00;39.64;18.48;18.48;39.64;18.48
19.09.2011 21:00;33.97;18.08;18.08;33.97;18.08
19.09.2011 22:00;29.60;17.03;17.03;29.60;17.03
19.09.2011 23:00;22.39;15.61;15.61;22.39;15.61
20.09.2011 00:00;19.68;19.68;19.68;19.68;19.68
20.09.2011 01:00;17.78;17.78;17.78;17.78;17.78
20.09.2011 02:00;15.91;15.91;15.91;15.91;15.91
20.09.2011 03:00;15.58;15.58;15.58;15.58;15.58
20.09.2011 04:00;17.15;17.15;17.15;17.15;17.15
20.09.2011 05:00;28.83;20.65;20.65;28.83;20.65
20.09.2011 06:00;33.38;21.86;21.86;33.38;21.86
20.09.2011 07:00;37.28;23.34;23.34;37.28;23.34
20.09.2011 08:00;39.30;23.57;23.57;39.30;23.57
20.09.2011 09:00;39.94;23.33;23.33;39.94;23.33
20.09.2011 10:00;37.27;23.27;23.27;37.27;23.27
20.09.2011 11:00;36.00;23.14;23.14;36.00;23.14
20.09.2011 12:00;35.10;23.13;23.13;35.10;23.13
20.09.2011 13:00;38.54;23.14;23.14;38.54;23.14
20.09.2011 14:00;37.30;23.15;23.15;37.30;23.15
20.09.2011 15:00;36.24;22.94;22.94;36.24;22.94
20.09.2011 16:00;34.13;22.91;22.91;34.13;22.91
20.09.2011 17:00;35.01;22.73;22.73;35.01;22.73
20.09.2011 18:00;35.10;22.73;22.73;35.10;22.73
20.09.2011 19:00;38.24;23.04;23.04;38.24;23.04
20.09.2011 20:00;38.91;23.12;23.12;38.91;23.12
20.09.2011 21:00;33.27;22.76;22.76;33.27;22.76
20.09.2011 22:00;31.06;21.53;21.53;31.06;21.53
20.09.2011 23:00;25.13;19.10;19.10;25.13;19.10
21.09.2011 00:00;29.20;22.15;22.15;29.20;22.15
21.09.2011 01:00;21.79;21.79;21.79;21.79;21.79
21.09.2011 02:00;21.20;21.20;21.20;21.20;21.20
21.09.2011 03:00;21.56;21.56;21.56;21.56;21.56
21.09.2011 04:00;24.91;21.83;21.83;24.91;21.83
21.09.2011 05:00;31.53;22.48;22.48;31.53;22.48
21.09.2011 06:00;35.48;23.30;23.30;35.48;23.30
21.09.2011 07:00;43.22;23.98;23.98;43.22;23.98
21.09.2011 08:00;43.58;24.24;24.24;43.58;24.24
21.09.2011 09:00;43.11;24.03;24.03;43.11;24.03
21.09.2011 10:00;42.49;23.96;23.96;42.49;23.96
21.09.2011 11:00;42.08;23.80;23.80;42.08;23.80
21.09.2011 12:00;40.09;23.70;23.70;40.09;23.70
21.09.2011 13:00;40.05;23.56;23.56;40.05;23.56
21.09.2011 14:00;40.08;23.66;23.66;40.08;23.66
21.09.2011 15:00;40.94;23.34;23.34;40.94;23.34
21.09.2011 16:00;41.30;23.29;23.29;41.30;23.29
21.09.2011 17:00;41.59;23.16;23.16;41.59;23.16
21.09.2011 18:00;42.04;23.22;23.22;42.04;23.22
21.09.2011 19:00;43.42;23.37;23.37;43.42;23.37
21.09.2011 20:00;43.92;23.49;23.49;43.92;23.49
21.09.2011 21:00;39.58;23.14;23.14;39.58;23.14
21.09.2011 22:00;33.52;22.61;22.61;33.52;22.61
21.09.2011 23:00;24.70;21.30;21.30;24.70;21.30
22.09.2011 00:00;24.62;19.23;19.23;24.62;19.23
22.09.2011 01:00;20.62;8.56;8.56;20.62;8.56
22.09.2011 02:00;20.45;6.54;6.54;20.45;6.54
22.09.2011 03:00;19.90;6.47;6.47;19.90;6.47
22.09.2011 04:00;20.03;8.44;8.44;20.03;8.44
22.09.2011 05:00;20.59;20.59;20.59;20.59;20.59
22.09.2011 06:00;37.07;22.21;22.21;37.07;22.21
22.09.2011 07:00;41.34;22.95;22.95;41.34;22.95
22.09.2011 08:00;41.50;23.60;23.60;41.50;23.60
22.09.2011 09:00;41.10;23.46;23.46;41.10;23.46
22.09.2011 10:00;40.26;23.35;23.35;40.26;23.35
22.09.2011 11:00;39.98;23.22;23.22;39.98;23.22
22.09.2011 12:00;39.63;23.26;23.26;39.63;23.26
22.09.2011 13:00;39.91;23.14;23.14;39.91;23.14
22.09.2011 14:00;39.47;22.96;22.96;39.47;22.96
22.09.2011 15:00;38.45;22.79;22.79;38.45;22.79
22.09.2011 16:00;35.06;22.76;22.76;35.06;22.76
22.09.2011 17:00;35.14;22.58;22.58;35.14;22.58
22.09.2011 18:00;34.28;22.65;22.65;34.28;22.65
22.09.2011 19:00;36.46;22.86;22.86;36.46;22.86
22.09.2011 20:00;37.15;22.98;22.98;37.15;22.98
22.09.2011 21:00;33.70;22.90;22.90;33.70;22.90
22.09.2011 22:00;33.15;22.42;22.42;33.15;22.42
22.09.2011 23:00;22.64;21.74;21.74;22.64;21.74
23.09.2011 00:00;20.48;20.02;20.02;20.02;20.02
23.09.2011 01:00;19.20;18.11;18.11;18.11;18.11
23.09.2011 02:00;17.17;17.17;17.17;17.17;17.17
23.09.2011 03:00;17.85;17.85;17.85;17.85;17.85
23.09.2011 04:00;19.01;19.01;19.01;19.01;19.01
23.09.2011 05:00;27.57;21.43;21.43;27.57;21.43
23.09.2011 06:00;39.21;22.34;22.34;39.21;22.34
23.09.2011 07:00;36.96;23.21;23.21;36.96;23.21
23.09.2011 08:00;38.53;23.49;23.49;38.53;23.49
23.09.2011 09:00;39.00;23.16;23.16;39.00;23.16
23.09.2011 10:00;38.35;22.97;22.97;38.35;22.97
23.09.2011 11:00;37.52;22.79;22.79;37.52;22.79
23.09.2011 12:00;35.44;22.66;22.66;35.44;22.66
23.09.2011 13:00;34.22;22.48;22.48;34.22;22.48
23.09.2011 14:00;32.80;22.29;22.29;32.80;22.29
23.09.2011 15:00;31.97;22.13;22.13;31.97;22.13
23.09.2011 16:00;31.94;22.18;22.18;31.94;22.18
23.09.2011 17:00;27.38;23.03;23.03;27.38;23.03
23.09.2011 18:00;23.99;23.99;23.99;23.99;23.99
23.09.2011 19:00;24.80;24.80;24.46;24.80;24.80
23.09.2011 20:00;26.87;24.87;24.54;26.87;24.87
23.09.2011 21:00;24.21;24.21;24.21;24.21;24.21
23.09.2011 22:00;23.55;23.55;23.55;23.55;23.55
23.09.2011 23:00;22.70;22.70;22.70;22.70;22.70
24.09.2011 00:00;21.75;21.75;21.75;21.75;21.75
24.09.2011 01:00;21.09;21.09;21.09;21.09;21.09
24.09.2011 02:00;20.43;20.43;20.43;20.43;20.43
24.09.2011 03:00;20.16;20.16;20.16;20.16;20.16
24.09.2011 04:00;20.61;20.61;20.61;20.61;20.61
24.09.2011 05:00;21.35;21.35;21.35;21.35;21.35
24.09.2011 06:00;22.16;22.16;22.16;22.16;22.16
24.09.2011 07:00;22.60;22.60;22.60;22.60;22.60
24.09.2011 08:00;30.00;22.75;22.75;30.00;22.75
24.09.2011 09:00;32.33;23.21;23.21;32.33;23.21
24.09.2011 10:00;33.68;23.47;23.47;33.68;23.47
24.09.2011 11:00;33.99;23.28;23.28;33.99;23.28
24.09.2011 12:00;33.11;22.93;22.93;33.11;22.93
24.09.2011 13:00;32.31;22.81;22.81;32.31;22.81
24.09.2011 14:00;31.81;22.72;22.72;31.81;22.72
24.09.2011 15:00;29.23;22.66;22.66;29.23;22.66
24.09.2011 16:00;27.81;22.71;22.71;27.81;22.71
24.09.2011 17:00;31.89;22.81;22.81;31.89;22.81
24.09.2011 18:00;33.52;23.09;23.09;33.52;23.09
24.09.2011 19:00;34.26;25.08;24.13;34.26;25.08
24.09.2011 20:00;34.23;24.57;24.14;34.23;24.57
24.09.2011 21:00;31.37;23.49;23.49;31.37;23.49
24.09.2011 22:00;27.80;22.75;22.75;27.80;22.75
24.09.2011 23:00;22.43;22.43;22.43;22.43;22.43
25.09.2011 00:00;22.71;22.71;22.71;22.71;22.71
25.09.2011 01:00;22.29;22.29;22.29;22.29;22.29
25.09.2011 02:00;22.07;22.07;22.07;22.07;22.07
25.09.2011 03:00;21.72;21.72;21.72;21.72;21.72
25.09.2011 04:00;21.01;21.01;21.01;21.01;21.01
25.09.2011 05:00;22.31;22.31;22.31;22.31;22.31
25.09.2011 06:00;24.40;22.77;22.77;24.40;22.77
25.09.2011 07:00;23.62;22.71;22.71;23.62;22.71
25.09.2011 08:00;27.89;22.63;22.63;27.89;22.63
25.09.2011 09:00;30.32;22.74;22.74;30.32;22.74
25.09.2011 10:00;32.78;22.90;22.90;32.78;22.90
25.09.2011 11:00;33.00;22.97;22.97;33.00;22.97
25.09.2011 12:00;32.99;23.02;23.02;32.99;23.02
25.09.2011 13:00;32.35;22.95;22.95;32.35;22.95
25.09.2011 14:00;32.24;22.97;22.97;32.24;22.97
25.09.2011 15:00;32.30;22.89;22.89;32.30;22.89
25.09.2011 16:00;32.93;22.88;22.88;32.93;22.88
25.09.2011 17:00;33.64;22.87;22.87;33.64;22.87
25.09.2011 18:00;36.02;23.29;23.29;36.02;23.29
25.09.2011 19:00;40.25;23.83;23.83;40.25;23.83
25.09.2011 20:00;39.84;23.98;23.98;39.84;23.98
25.09.2011 21:00;34.51;23.40;23.40;34.51;23.40
25.09.2011 22:00;31.14;22.78;22.78;31.14;22.78
25.09.2011 23:00;25.18;22.40;22.40;25.18;22.40
26.09.2011 00:00;23.45;21.92;21.92;23.45;21.92
26.09.2011 01:00;21.78;21.78;21.78;21.78;21.78
26.09.2011 02:00;21.52;21.52;21.52;21.52;21.52
26.09.2011 03:00;21.49;21.49;21.49;21.49;21.49
26.09.2011 04:00;21.69;21.69;21.69;21.69;21.69
26.09.2011 05:00;31.44;21.51;21.51;31.44;21.51
26.09.2011 06:00;36.29;21.33;21.33;36.29;21.33
26.09.2011 07:00;42.89;21.81;21.81;42.89;21.81
26.09.2011 08:00;43.60;21.88;21.88;43.60;21.88
26.09.2011 09:00;44.30;21.75;21.75;44.30;21.75
26.09.2011 10:00;43.55;21.74;21.74;43.55;21.74
26.09.2011 11:00;42.40;21.67;21.67;42.40;21.67
26.09.2011 12:00;40.53;21.62;21.62;40.53;21.62
26.09.2011 13:00;38.55;21.60;21.60;38.55;21.60
26.09.2011 14:00;37.53;21.59;21.59;37.53;21.59
26.09.2011 15:00;35.49;21.56;21.56;35.49;21.56
26.09.2011 16:00;34.52;21.43;21.43;34.52;21.43
26.09.2011 17:00;36.59;21.37;21.37;36.59;21.37
26.09.2011 18:00;37.35;21.44;21.44;37.35;21.44
26.09.2011 19:00;40.11;21.69;21.69;40.11;21.69
26.09.2011 20:00;39.92;21.72;21.72;39.92;21.72
26.09.2011 21:00;35.13;21.43;21.43;35.13;21.43
26.09.2011 22:00;29.56;20.98;20.98;29.56;20.98
26.09.2011 23:00;23.47;19.97;19.97;23.47;19.97
27.09.2011 00:00;20.33;17.59;17.59;17.59;17.59
27.09.2011 01:00;15.95;15.95;15.95;15.95;15.95
27.09.2011 02:00;16.40;16.40;16.40;16.40;16.40
27.09.2011 03:00;16.78;16.78;16.78;16.78;16.78
27.09.2011 04:00;17.35;17.35;17.35;17.35;17.35
27.09.2011 05:00;25.45;18.00;18.00;25.45;18.00
27.09.2011 06:00;34.74;19.37;19.37;34.74;19.37
27.09.2011 07:00;37.01;20.66;20.66;37.01;20.66
27.09.2011 08:00;39.45;21.75;21.75;39.45;21.75
27.09.2011 09:00;39.65;21.14;21.14;39.65;21.14
27.09.2011 10:00;40.57;20.77;20.77;40.57;20.77
27.09.2011 11:00;40.30;20.59;20.59;40.30;20.59
27.09.2011 12:00;39.57;20.33;20.33;39.57;20.33
27.09.2011 13:00;40.22;20.22;20.22;40.22;20.22
27.09.2011 14:00;40.18;20.00;20.00;40.18;20.00
27.09.2011 15:00;38.21;19.74;19.74;38.21;19.74
27.09.2011 16:00;37.87;19.72;19.72;37.87;19.72
27.09.2011 17:00;38.47;19.63;19.63;38.47;19.63
27.09.2011 18:00;39.79;19.57;19.57;39.79;19.57
27.09.2011 19:00;40.23;19.89;19.89;40.23;19.89
27.09.2011 20:00;39.81;19.82;19.82;39.81;19.82
27.09.2011 21:00;39.21;19.41;19.41;39.21;19.41
27.09.2011 22:00;34.87;18.51;18.51;34.87;18.51
27.09.2011 23:00;30.61;17.49;17.49;30.61;17.49
28.09.2011 00:00;29.69;16.25;16.25;29.69;16.25
28.09.2011 01:00;24.11;15.72;15.72;24.11;15.72
28.09.2011 02:00;20.43;15.48;15.48;20.43;15.48
28.09.2011 03:00;15.46;15.46;15.46;15.46;15.46
28.09.2011 04:00;22.87;15.67;15.67;22.87;15.67
28.09.2011 05:00;29.93;16.36;16.36;29.93;16.36
28.09.2011 06:00;32.97;17.78;17.78;32.97;17.78
28.09.2011 07:00;34.52;19.14;19.14;34.52;19.14
28.09.2011 08:00;37.71;20.04;20.04;37.71;20.04
28.09.2011 09:00;38.13;19.85;19.85;38.13;19.85
28.09.2011 10:00;38.13;19.50;19.50;38.13;19.50
28.09.2011 11:00;35.73;19.25;19.25;35.73;19.25
28.09.2011 12:00;33.91;19.04;19.04;33.91;19.04
28.09.2011 13:00;38.35;19.10;19.10;38.35;19.10
28.09.2011 14:00;37.51;19.02;19.02;37.51;19.02
28.09.2011 15:00;36.41;18.62;18.62;36.41;18.62
28.09.2011 16:00;34.44;18.56;18.56;34.44;18.56
28.09.2011 17:00;35.24;18.53;18.53;35.24;18.53
28.09.2011 18:00;34.41;18.27;18.27;34.41;18.27
28.09.2011 19:00;36.34;18.55;18.55;36.34;18.55
28.09.2011 20:00;38.33;18.69;18.69;38.33;18.69
28.09.2011 21:00;34.65;18.45;18.45;34.65;18.45
28.09.2011 22:00;30.81;17.36;17.36;30.81;17.36
28.09.2011 23:00;20.42;16.41;16.41;20.42;16.41
29.09.2011 00:00;21.00;5.58;5.58;21.00;5.58
29.09.2011 01:00;12.81;4.86;4.86;12.81;4.86
29.09.2011 02:00;9.28;4.60;4.60;9.28;4.60
29.09.2011 03:00;10.95;4.58;4.58;10.95;4.58
29.09.2011 04:00;16.49;4.75;4.75;16.49;4.75
29.09.2011 05:00;20.87;5.62;5.62;20.87;5.62
29.09.2011 06:00;32.04;12.78;12.74;32.04;12.78
29.09.2011 07:00;32.41;15.78;12.49;32.41;15.78
29.09.2011 08:00;37.04;15.83;13.69;37.04;15.83
29.09.2011 09:00;36.45;15.88;13.56;36.45;15.88
29.09.2011 10:00;36.57;15.39;12.81;36.57;15.39
29.09.2011 11:00;36.30;14.91;12.57;36.30;14.91
29.09.2011 12:00;32.18;13.37;12.54;32.18;13.37
29.09.2011 13:00;32.64;12.80;11.42;32.64;12.80
29.09.2011 14:00;33.58;12.78;11.47;33.58;12.78
29.09.2011 15:00;33.23;11.86;11.86;33.23;11.86
29.09.2011 16:00;32.60;12.72;11.84;32.60;12.72
29.09.2011 17:00;33.00;12.69;12.08;33.00;12.69
29.09.2011 18:00;33.60;12.72;12.07;33.60;12.72
29.09.2011 19:00;36.40;13.25;12.73;36.40;13.25
29.09.2011 20:00;33.92;14.57;12.89;33.92;14.57
29.09.2011 21:00;32.83;12.78;12.45;32.83;12.78
29.09.2011 22:00;30.83;9.96;9.96;30.83;9.96
29.09.2011 23:00;22.85;6.13;6.13;22.85;6.13
30.09.2011 00:00;19.95;8.45;2.70;19.95;8.45
30.09.2011 01:00;14.17;8.06;2.50;14.17;8.06
30.09.2011 02:00;11.96;7.58;2.30;11.96;7.58
30.09.2011 03:00;11.96;7.69;2.14;11.96;7.69
30.09.2011 04:00;18.20;7.69;2.24;18.20;7.69
30.09.2011 05:00;22.81;8.52;2.55;22.81;8.52
30.09.2011 06:00;35.52;9.66;3.71;35.52;9.66
30.09.2011 07:00;39.19;9.99;5.21;39.19;9.99
30.09.2011 08:00;37.98;10.32;5.51;37.98;10.32
30.09.2011 09:00;37.52;10.00;5.41;37.52;10.00
30.09.2011 10:00;37.27;9.93;5.43;37.27;9.93
30.09.2011 11:00;35.68;9.67;5.42;35.68;9.67
30.09.2011 12:00;36.75;9.37;5.06;36.75;9.37
30.09.2011 13:00;32.67;9.12;5.04;32.67;9.12
30.09.2011 14:00;32.99;8.77;5.01;32.99;8.77
30.09.2011 15:00;23.60;9.17;4.77;23.60;9.17
30.09.2011 16:00;21.89;8.57;4.35;21.89;8.57
30.09.2011 17:00;26.12;5.70;4.28;26.12;5.70
30.09.2011 18:00;29.94;6.70;4.35;29.94;6.70
30.09.2011 19:00;33.53;8.12;4.57;33.53;8.12
30.09.2011 20:00;31.54;8.33;4.62;31.54;8.33
30.09.2011 21:00;24.55;7.57;4.26;24.55;7.57
30.09.2011 22:00;21.55;5.63;3.81;21.55;5.63
30.09.2011 23:00;19.96;5.00;3.42;19.96;5.00
01.10.2011 00:00;4.75;4.75;4.62;4.75;4.75
01.10.2011 01:00;3.93;3.93;3.93;3.93;3.93
01.10.2011 02:00;3.80;3.80;3.80;3.80;3.80
01.10.2011 03:00;3.76;3.76;3.76;3.76;3.76
01.10.2011 04:00;3.80;3.80;3.80;3.80;3.80
01.10.2011 05:00;3.95;3.95;3.95;3.95;3.95
01.10.2011 06:00;4.43;4.43;4.43;4.43;4.43
01.10.2011 07:00;5.48;4.62;4.62;5.48;4.62
01.10.2011 08:00;6.05;5.96;4.74;6.05;5.96
01.10.2011 09:00;6.77;6.77;4.99;6.77;6.77
01.10.2011 10:00;10.32;6.99;5.13;10.32;6.99
01.10.2011 11:00;14.89;6.79;5.12;14.89;6.79
01.10.2011 12:00;12.16;6.56;5.09;12.16;6.56
01.10.2011 13:00;7.06;6.30;5.04;7.06;6.30
01.10.2011 14:00;6.06;6.06;4.99;6.06;6.06
01.10.2011 15:00;7.16;5.89;4.94;7.16;5.89
01.10.2011 16:00;8.12;6.07;4.96;8.12;6.07
01.10.2011 17:00;15.05;6.28;5.01;15.05;6.28
01.10.2011 18:00;19.33;6.51;5.06;19.33;6.51
01.10.2011 19:00;27.03;6.96;5.15;27.03;6.96
01.10.2011 20:00;19.80;7.23;5.17;19.80;7.23
01.10.2011 21:00;14.87;6.69;5.05;14.87;6.69
01.10.2011 22:00;6.09;6.09;4.90;6.09;6.09
01.10.2011 23:00;4.75;4.75;4.75;4.75;4.75
02.10.2011 00:00;5.38;5.38;2.79;5.38;5.38
02.10.2011 01:00;3.78;3.78;2.69;3.78;3.78
02.10.2011 02:00;3.69;3.69;2.64;3.69;3.69
02.10.2011 03:00;3.44;3.44;2.62;3.44;3.50
02.10.2011 04:00;3.61;3.61;2.61;3.61;3.61
02.10.2011 05:00;3.70;3.70;2.62;3.70;3.70
02.10.2011 06:00;3.79;3.79;2.67;3.79;3.79
02.10.2011 07:00;3.65;3.65;2.72;3.65;3.65
02.10.2011 08:00;3.92;3.92;2.79;3.92;3.92
02.10.2011 09:00;4.65;4.65;2.93;4.65;4.65
02.10.2011 10:00;5.45;5.45;3.20;5.45;5.45
02.10.2011 11:00;5.56;5.56;3.32;5.56;5.56
02.10.2011 12:00;5.55;5.55;3.33;5.55;5.55
02.10.2011 13:00;5.54;5.54;3.33;5.54;5.54
02.10.2011 14:00;5.25;5.25;3.33;5.25;5.25
02.10.2011 15:00;5.08;5.08;3.32;5.08;5.08
02.10.2011 16:00;6.20;6.20;3.34;6.20;6.20
02.10.2011 17:00;6.78;6.78;3.35;6.78;6.78
02.10.2011 18:00;15.74;8.04;3.39;15.74;8.04
02.10.2011 19:00;27.39;8.53;3.83;27.39;8.53
02.10.2011 20:00;26.00;8.68;4.17;26.00;8.68
02.10.2011 21:00;18.64;8.37;4.03;18.64;8.37
02.10.2011 22:00;7.05;7.05;3.53;7.05;7.05
02.10.2011 23:00;6.31;6.31;3.05;6.31;6.31
03.10.2011 00:00;8.01;8.01;2.70;8.01;8.01
03.10.2011 01:00;5.15;5.15;2.62;5.15;5.15
03.10.2011 02:00;4.39;4.39;2.59;4.39;4.39
03.10.2011 03:00;4.27;4.27;2.59;4.27;4.27
03.10.2011 04:00;5.08;5.08;2.60;5.08;5.08
03.10.2011 05:00;9.96;8.31;2.64;9.96;8.31
03.10.2011 06:00;23.71;8.56;2.95;23.71;8.56
03.10.2011 07:00;28.66;9.77;4.06;28.66;9.77
03.10.2011 08:00;28.16;9.97;4.37;28.16;9.97
03.10.2011 09:00;28.89;9.89;4.52;28.89;9.89
03.10.2011 10:00;31.51;9.81;4.54;31.51;9.81
03.10.2011 11:00;28.93;9.67;4.52;28.93;9.67
03.10.2011 12:00;28.00;9.63;4.42;28.00;9.63
03.10.2011 13:00;25.66;9.62;4.15;25.66;9.62
03.10.2011 14:00;26.19;9.54;4.19;26.19;9.54
03.10.2011 15:00;25.30;8.85;4.30;25.30;8.85
03.10.2011 16:00;27.01;8.79;4.20;27.01;8.79
03.10.2011 17:00;27.30;8.70;4.13;27.30;8.70
03.10.2011 18:00;28.84;8.70;4.15;28.84;8.70
03.10.2011 19:00;31.66;9.17;4.27;31.66;9.17
03.10.2011 20:00;28.52;9.14;4.34;28.52;9.14
03.10.2011 21:00;25.43;8.74;4.10;25.43;8.74
03.10.2011 22:00;16.50;8.24;3.46;16.50;8.24
03.10.2011 23:00;6.22;6.22;2.97;6.22;6.22
04.10.2011 00:00;3.49;3.49;3.10;3.49;3.49
04.10.2011 01:00;2.90;2.90;2.90;2.90;2.90
04.10.2011 02:00;2.78;2.78;2.78;2.78;2.78
04.10.2011 03:00;2.77;2.77;2.77;2.77;2.77
04.10.2011 04:00;2.94;2.94;2.87;2.94;2.94
04.10.2011 05:00;3.91;3.91;3.05;3.91;3.91
04.10.2011 06:00;18.69;7.11;3.30;18.69;7.11
04.10.2011 07:00;20.75;6.29;3.43;20.75;6.29
04.10.2011 08:00;21.82;7.20;3.48;21.82;7.20
04.10.2011 09:00;20.48;6.88;3.50;20.48;6.88
04.10.2011 10:00;19.14;6.29;3.48;19.14;6.29
04.10.2011 11:00;17.54;6.10;3.47;17.54;6.10
04.10.2011 12:00;15.36;5.77;3.48;15.36;5.77
04.10.2011 13:00;12.74;5.62;3.48;12.74;5.62
04.10.2011 14:00;10.32;5.40;3.42;10.32;5.40
04.10.2011 15:00;10.15;5.15;3.40;10.15;5.15
04.10.2011 16:00;11.90;5.21;3.39;11.90;5.21
04.10.2011 17:00;10.85;5.20;3.38;10.85;5.20
04.10.2011 18:00;16.75;5.20;3.37;16.75;5.20
04.10.2011 19:00;21.82;6.28;3.42;21.82;6.28
04.10.2011 20:00;18.22;6.59;3.45;18.22;6.59
04.10.2011 21:00;15.73;5.71;3.38;15.73;5.71
04.10.2011 22:00;6.31;5.14;3.37;6.31;5.14
04.10.2011 23:00;3.28;3.28;3.26;3.28;3.28
05.10.2011 00:00;3.26;3.26;1.73;3.26;3.26
05.10.2011 01:00;2.69;2.69;1.46;2.69;2.69
05.10.2011 02:00;2.65;2.65;1.33;2.65;2.65
05.10.2011 03:00;2.70;2.70;1.33;2.70;2.70
05.10.2011 04:00;2.88;2.88;1.37;2.88;2.88
05.10.2011 05:00;4.39;4.39;1.60;4.39;4.39
05.10.2011 06:00;10.11;5.62;2.33;10.11;5.62
05.10.2011 07:00;9.84;8.50;3.12;9.84;8.50
05.10.2011 08:00;13.95;9.07;3.21;13.95;9.07
05.10.2011 09:00;12.60;8.81;3.22;12.60;8.81
05.10.2011 10:00;12.67;8.46;3.19;12.67;8.46
05.10.2011 11:00;11.96;8.28;3.18;11.96;8.28
05.10.2011 12:00;10.25;8.05;3.16;10.25;8.05
05.10.2011 13:00;10.17;7.97;3.15;10.17;7.97
05.10.2011 14:00;10.15;7.35;3.13;10.15;7.35
05.10.2011 15:00;10.13;7.82;3.11;10.13;7.82
05.10.2011 16:00;9.38;8.10;3.12;9.38;8.10
05.10.2011 17:00;10.33;8.05;3.09;10.33;8.05
05.10.2011 18:00;11.36;8.12;3.09;11.36;8.12
05.10.2011 19:00;13.85;8.47;3.12;13.85;8.47
05.10.2011 20:00;9.90;8.32;3.14;9.90;8.32
05.10.2011 21:00;7.23;7.23;3.09;7.23;7.23
05.10.2011 22:00;6.63;6.63;3.00;6.63;6.63
05.10.2011 23:00;4.62;4.62;2.31;4.62;4.62
06.10.2011 00:00;3.43;3.43;2.60;3.43;3.43
06.10.2011 01:00;2.38;2.38;2.28;2.38;2.38
06.10.2011 02:00;2.23;2.23;2.19;2.23;2.23
06.10.2011 03:00;2.26;2.26;2.21;2.26;2.26
06.10.2011 04:00;2.41;2.41;2.25;2.41;2.41
06.10.2011 05:00;3.99;3.99;2.48;3.99;3.99
06.10.2011 06:00;8.46;8.46;3.12;8.46;8.46
06.10.2011 07:00;9.02;10.08;3.35;9.02;10.08
06.10.2011 08:00;9.18;10.20;3.43;9.18;10.20
06.10.2011 09:00;9.17;10.14;3.62;9.17;10.14
06.10.2011 10:00;9.35;10.09;3.42;9.35;10.09
06.10.2011 11:00;9.22;10.02;3.40;9.22;10.02
06.10.2011 12:00;9.24;10.06;3.40;9.24;10.06
06.10.2011 13:00;9.22;10.06;3.40;9.22;10.06
06.10.2011 14:00;9.02;10.03;3.40;9.02;10.03
06.10.2011 15:00;9.21;9.21;3.39;9.21;9.21
06.10.2011 16:00;9.14;9.14;3.38;9.14;9.14
06.10.2011 17:00;9.11;9.11;3.38;9.11;9.11
06.10.2011 18:00;9.27;10.02;3.37;9.27;10.02
06.10.2011 19:00;10.23;10.23;3.40;10.23;10.23
06.10.2011 20:00;9.95;10.20;3.43;9.95;10.20
06.10.2011 21:00;9.50;10.03;3.39;9.50;10.03
06.10.2011 22:00;7.66;7.66;3.31;7.66;7.66
06.10.2011 23:00;6.48;6.48;3.19;6.48;6.48
07.10.2011 00:00;6.72;6.72;3.27;6.72;6.72
07.10.2011 01:00;3.95;3.95;3.19;3.95;3.95
07.10.2011 02:00;3.89;3.89;3.17;3.89;3.89
07.10.2011 03:00;4.17;4.17;3.16;4.17;4.17
07.10.2011 04:00;7.12;7.12;3.16;7.12;7.12
07.10.2011 05:00;8.43;8.43;3.25;8.43;8.43
07.10.2011 06:00;11.98;8.70;3.41;11.98;8.70
07.10.2011 07:00;13.58;8.91;3.68;13.58;8.91
07.10.2011 08:00;15.39;8.95;3.75;15.39;8.95
07.10.2011 09:00;14.28;8.88;3.75;14.28;8.88
07.10.2011 10:00;15.01;8.81;3.73;15.01;8.81
07.10.2011 11:00;14.84;8.39;3.70;14.84;8.39
07.10.2011 12:00;13.37;8.39;3.68;13.37;8.39
07.10.2011 13:00;13.25;8.35;3.66;13.25;8.35
07.10.2011 14:00;11.78;8.28;3.64;11.78;8.28
07.10.2011 15:00;9.65;8.21;3.61;9.65;8.21
07.10.2011 16:00;8.87;8.17;3.60;8.87;8.17
07.10.2011 17:00;9.43;8.18;3.60;9.43;8.18
07.10.2011 18:00;10.55;8.25;3.61;10.55;8.25
07.10.2011 19:00;12.30;8.42;3.68;12.30;8.42
07.10.2011 20:00;9.88;8.38;3.69;9.88;8.38
07.10.2011 21:00;8.21;8.21;3.60;8.21;8.21
07.10.2011 22:00;7.28;7.28;3.49;7.28;7.28
07.10.2011 23:00;4.74;4.74;3.32;4.74;4.74
08.10.2011 00:00;6.43;6.43;3.35;6.43;6.43
08.10.2011 01:00;3.83;3.83;3.28;3.83;3.83
08.10.2011 02:00;3.33;3.33;3.25;3.33;3.33
08.10.2011 03:00;3.21;3.21;3.21;3.21;3.21
08.10.2011 04:00;3.43;3.43;3.23;3.43;3.43
08.10.2011 05:00;3.99;3.99;3.27;3.99;3.99
08.10.2011 06:00;6.21;6.21;3.30;6.21;6.21
08.10.2011 07:00;7.83;7.83;3.39;7.83;7.83
08.10.2011 08:00;9.92;9.40;3.48;9.92;9.40
08.10.2011 09:00;13.22;9.52;3.56;13.22;9.52
08.10.2011 10:00;15.31;9.66;3.64;15.31;9.66
08.10.2011 11:00;14.09;9.63;3.66;14.09;9.63
08.10.2011 12:00;13.27;9.56;3.62;13.27;9.56
08.10.2011 13:00;13.24;9.47;3.59;13.24;9.47
08.10.2011 14:00;11.99;9.44;3.56;11.99;9.44
08.10.2011 15:00;11.94;9.44;3.54;11.94;9.44
08.10.2011 16:00;12.07;9.49;3.55;12.07;9.49
08.10.2011 17:00;14.71;9.61;3.59;14.71;9.61
08.10.2011 18:00;21.38;9.78;3.63;21.38;9.78
08.10.2011 19:00;22.06;9.92;3.68;22.06;9.92
08.10.2011 20:00;19.46;9.84;3.68;19.46;9.84
08.10.2011 21:00;18.81;9.63;3.59;18.81;9.63
08.10.2011 22:00;15.29;9.48;3.49;15.29;9.48
08.10.2011 23:00;13.15;9.34;3.37;13.15;9.34
09.10.2011 00:00;18.67;10.36;3.57;18.67;10.36
09.10.2011 01:00;16.79;10.15;3.49;16.79;10.15
09.10.2011 02:00;15.28;10.07;3.45;15.28;10.07
09.10.2011 03:00;14.98;10.02;3.43;14.98;10.02
09.10.2011 04:00;18.88;10.00;3.42;18.88;10.00
09.10.2011 05:00;20.71;10.03;3.47;20.71;10.03
09.10.2011 06:00;18.55;10.16;3.50;18.55;10.16
09.10.2011 07:00;18.88;10.13;3.55;18.88;10.13
09.10.2011 08:00;20.05;10.15;3.58;20.05;10.15
09.10.2011 09:00;22.03;10.13;3.69;22.03;10.13
09.10.2011 10:00;25.59;10.22;3.77;25.59;10.22
09.10.2011 11:00;26.56;10.30;3.81;26.56;10.30
09.10.2011 12:00;22.81;10.31;3.81;22.81;10.31
09.10.2011 13:00;20.25;10.19;3.62;20.25;10.19
09.10.2011 14:00;19.63;10.17;3.81;19.63;10.17
09.10.2011 15:00;16.40;10.16;3.81;16.40;10.16
09.10.2011 16:00;16.08;10.19;3.81;16.08;10.19
09.10.2011 17:00;18.51;10.26;3.82;18.51;10.26
09.10.2011 18:00;20.03;10.35;3.85;20.03;10.35
09.10.2011 19:00;21.03;10.52;3.92;21.03;10.52
09.10.2011 20:00;20.01;10.45;3.96;20.01;10.45
09.10.2011 21:00;17.93;10.24;3.89;17.93;10.24
09.10.2011 22:00;13.07;10.12;3.79;13.07;10.12
09.10.2011 23:00;9.81;9.81;3.61;9.81;9.81
10.10.2011 00:00;9.88;9.88;3.80;9.88;9.88
10.10.2011 01:00;7.50;7.50;3.73;7.50;7.50
10.10.2011 02:00;7.80;7.80;3.70;7.80;7.80
10.10.2011 03:00;9.57;9.57;3.69;9.57;9.57
10.10.2011 04:00;13.46;9.94;3.70;13.46;9.94
10.10.2011 05:00;18.28;12.23;3.83;18.28;12.23
10.10.2011 06:00;28.42;14.03;4.54;28.42;14.03
10.10.2011 07:00;32.41;14.14;7.12;32.41;14.14
10.10.2011 08:00;36.28;14.20;7.42;36.28;14.20
10.10.2011 09:00;31.89;14.18;7.48;31.89;14.18
10.10.2011 10:00;30.44;14.08;7.48;30.44;14.08
10.10.2011 11:00;31.66;14.01;7.48;31.66;14.01
10.10.2011 12:00;28.80;13.67;7.42;28.80;13.67
10.10.2011 13:00;26.74;13.59;7.36;26.74;13.59
10.10.2011 14:00;25.50;13.31;7.34;25.50;13.31
10.10.2011 15:00;24.33;13.26;6.99;24.33;13.26
10.10.2011 16:00;22.01;12.94;7.02;22.01;12.94
10.10.2011 17:00;24.76;13.20;7.11;24.76;13.20
10.10.2011 18:00;28.40;13.41;7.09;28.40;13.41
10.10.2011 19:00;35.79;13.18;7.27;35.79;13.18
10.10.2011 20:00;29.01;13.08;7.24;29.01;13.08
10.10.2011 21:00;24.96;11.55;6.96;24.96;11.55
10.10.2011 22:00;21.65;9.68;6.62;21.65;9.68
10.10.2011 23:00;16.90;8.37;4.05;16.90;8.37
11.10.2011 00:00;17.63;12.79;9.53;17.63;12.79
11.10.2011 01:00;10.59;10.59;9.19;10.59;10.59
11.10.2011 02:00;9.94;9.94;9.06;9.94;9.94
11.10.2011 03:00;10.23;10.23;9.04;10.23;10.23
11.10.2011 04:00;19.27;11.09;9.08;19.27;11.09
11.10.2011 05:00;25.92;12.14;9.71;25.92;12.14
11.10.2011 06:00;35.82;12.97;10.35;35.82;12.97
11.10.2011 07:00;36.58;17.63;13.98;36.58;17.63
11.10.2011 08:00;38.69;18.06;15.27;38.69;18.06
11.10.2011 09:00;38.62;17.95;15.68;38.62;17.95
11.10.2011 10:00;38.05;17.63;15.38;38.05;17.63
11.10.2011 11:00;37.98;17.21;15.24;37.98;17.21
11.10.2011 12:00;36.92;16.64;14.78;36.92;16.64
11.10.2011 13:00;35.39;16.68;14.62;35.39;16.68
11.10.2011 14:00;31.19;16.06;14.24;31.19;16.06
11.10.2011 15:00;30.04;13.26;13.26;30.04;13.26
11.10.2011 16:00;28.80;13.28;13.28;28.80;13.28
11.10.2011 17:00;32.43;13.60;13.60;32.43;13.60
11.10.2011 18:00;36.28;15.21;12.13;36.28;15.21
11.10.2011 19:00;38.24;16.34;12.39;38.24;16.34
11.10.2011 20:00;36.12;16.18;12.36;36.12;16.18
11.10.2011 21:00;37.95;15.25;12.12;37.95;15.25
11.10.2011 22:00;29.70;13.78;11.64;29.70;13.78
11.10.2011 23:00;22.97;12.98;10.70;22.97;12.98
12.10.2011 00:00;19.22;19.22;18.77;19.22;19.22
12.10.2011 01:00;16.18;16.18;16.18;16.18;16.18
12.10.2011 02:00;14.80;14.80;14.80;14.80;14.80
12.10.2011 03:00;14.63;14.63;14.63;14.63;14.63
12.10.2011 04:00;16.67;16.67;16.67;16.67;16.67
12.10.2011 05:00;26.02;19.22;18.61;26.02;19.22
12.10.2011 06:00;38.71;21.51;19.87;38.71;21.51
12.10.2011 07:00;38.87;23.36;23.36;38.87;23.36
12.10.2011 08:00;40.23;23.67;23.67;40.23;23.67
12.10.2011 09:00;39.92;23.42;23.42;39.92;23.42
12.10.2011 10:00;40.10;22.92;22.92;40.10;22.92
12.10.2011 11:00;40.12;22.44;22.44;40.12;22.44
12.10.2011 12:00;40.38;22.31;22.31;40.38;22.31
12.10.2011 13:00;39.18;22.46;22.46;39.18;22.46
12.10.2011 14:00;38.39;22.00;22.00;38.39;22.00
12.10.2011 15:00;38.25;21.58;21.58;38.25;21.58
12.10.2011 16:00;36.59;21.18;21.18;36.59;21.18
12.10.2011 17:00;36.90;21.47;21.47;36.90;21.47
12.10.2011 18:00;38.71;22.21;22.21;38.71;22.21
12.10.2011 19:00;39.54;22.97;22.97;39.54;22.97
12.10.2011 20:00;37.76;22.73;22.73;37.76;22.73
12.10.2011 21:00;37.02;22.05;22.05;37.02;22.05
12.10.2011 22:00;35.42;20.95;20.95;35.42;20.95
12.10.2011 23:00;28.90;19.17;19.17;28.90;19.17
13.10.2011 00:00;31.15;25.67;25.67;31.15;25.67
13.10.2011 01:00;29.19;24.96;24.96;29.19;24.96
13.10.2011 02:00;27.77;24.88;24.88;27.77;24.88
13.10.2011 03:00;29.05;24.96;24.96;29.05;24.96
13.10.2011 04:00;31.28;25.52;25.52;31.28;25.52
13.10.2011 05:00;37.43;26.04;26.04;37.43;26.04
13.10.2011 06:00;39.74;27.34;27.34;39.74;27.34
13.10.2011 07:00;40.19;31.12;31.12;40.19;31.12
13.10.2011 08:00;41.51;31.38;31.38;41.51;31.38
13.10.2011 09:00;41.39;31.16;31.16;41.39;31.16
13.10.2011 10:00;41.14;29.47;29.47;41.14;29.47
13.10.2011 11:00;40.48;27.87;27.87;40.48;27.87
13.10.2011 12:00;40.12;27.67;27.67;40.12;27.67
13.10.2011 13:00;39.97;27.70;27.70;39.97;27.70
13.10.2011 14:00;39.86;27.57;27.57;39.86;27.57
13.10.2011 15:00;39.86;27.41;27.41;39.86;27.41
13.10.2011 16:00;39.52;27.38;27.38;39.52;27.38
13.10.2011 17:00;39.25;27.37;27.37;39.25;27.37
13.10.2011 18:00;39.86;27.71;27.71;39.86;27.71
13.10.2011 19:00;40.19;29.39;29.39;40.19;29.39
13.10.2011 20:00;39.02;30.15;30.15;39.02;30.15
13.10.2011 21:00;39.17;27.97;27.97;39.17;27.97
13.10.2011 22:00;38.32;27.67;27.67;38.32;27.67
13.10.2011 23:00;35.88;26.83;26.83;35.88;26.83
14.10.2011 00:00;34.81;30.64;30.52;34.81;30.64
14.10.2011 01:00;31.96;30.49;30.32;31.96;30.49
14.10.2011 02:00;31.61;30.40;30.23;31.61;30.40
14.10.2011 03:00;31.67;30.43;30.22;31.67;30.43
14.10.2011 04:00;37.70;30.52;30.25;37.70;30.52
14.10.2011 05:00;40.12;30.82;30.46;40.12;30.82
14.10.2011 06:00;41.06;31.56;30.89;41.06;31.56
14.10.2011 07:00;41.27;34.08;31.32;41.27;34.08
14.10.2011 08:00;42.08;34.33;31.20;42.08;34.33
14.10.2011 09:00;42.13;34.15;31.22;42.13;34.15
14.10.2011 10:00;42.30;32.81;31.17;42.30;32.81
14.10.2011 11:00;42.04;31.92;31.11;42.04;31.92
14.10.2011 12:00;41.98;31.42;31.29;41.98;31.42
14.10.2011 13:00;41.57;31.18;31.18;41.57;31.18
14.10.2011 14:00;41.41;30.96;30.96;41.41;30.96
14.10.2011 15:00;41.24;30.63;30.63;41.24;30.63
14.10.2011 16:00;40.62;30.54;30.54;40.62;30.54
14.10.2011 17:00;40.92;30.61;30.61;40.92;30.61
14.10.2011 18:00;41.58;30.81;30.81;41.58;30.81
14.10.2011 19:00;42.05;31.05;31.05;42.05;31.05
14.10.2011 20:00;42.02;30.95;30.95;42.02;30.95
14.10.2011 21:00;40.38;30.73;30.73;40.38;30.73
14.10.2011 22:00;39.82;30.46;30.46;39.82;30.46
14.10.2011 23:00;38.59;30.23;30.23;38.59;30.23
15.10.2011 00:00;36.65;33.48;33.13;36.65;33.48
15.10.2011 01:00;35.56;33.33;32.20;35.56;33.33
15.10.2011 02:00;35.04;33.19;33.06;35.04;33.19
15.10.2011 03:00;35.02;33.13;33.02;35.02;33.13
15.10.2011 04:00;34.21;33.11;32.49;34.21;33.11
15.10.2011 05:00;36.72;33.10;33.01;36.72;33.10
15.10.2011 06:00;37.85;33.41;30.79;37.85;33.41
15.10.2011 07:00;37.69;33.21;33.07;37.69;33.21
15.10.2011 08:00;38.50;33.51;30.91;38.50;33.51
15.10.2011 09:00;39.25;33.78;33.13;39.25;33.78
15.10.2011 10:00;39.48;33.87;33.27;39.48;33.87
15.10.2011 11:00;39.22;33.72;33.34;39.22;33.72
15.10.2011 12:00;38.35;33.41;33.25;38.35;33.41
15.10.2011 13:00;37.80;33.21;33.20;37.80;33.21
15.10.2011 14:00;37.32;33.07;33.07;37.32;33.07
15.10.2011 15:00;37.36;33.01;33.01;37.36;33.01
15.10.2011 16:00;38.29;33.01;33.01;38.29;33.01
15.10.2011 17:00;38.99;33.15;33.15;38.99;33.15
15.10.2011 18:00;39.57;33.57;33.42;39.57;33.57
15.10.2011 19:00;39.81;33.83;33.48;39.81;33.83
15.10.2011 20:00;38.93;33.58;33.35;38.93;33.58
15.10.2011 21:00;37.82;33.52;33.14;37.82;33.52
15.10.2011 22:00;37.83;33.27;31.94;37.83;33.27
15.10.2011 23:00;32.84;32.84;29.99;32.84;32.84
16.10.2011 00:00;34.73;34.73;33.38;34.73;34.73
16.10.2011 01:00;34.42;34.42;33.20;34.42;34.42
16.10.2011 02:00;33.82;33.82;33.27;33.82;33.82
16.10.2011 03:00;32.72;32.72;32.72;32.72;32.72
16.10.2011 04:00;31.43;31.43;31.43;31.43;31.43
16.10.2011 05:00;33.20;33.20;33.20;33.20;33.20
16.10.2011 06:00;34.61;34.61;33.16;34.61;34.61
16.10.2011 07:00;35.25;34.65;33.13;35.25;34.65
16.10.2011 08:00;36.37;34.72;33.22;36.37;34.72
16.10.2011 09:00;37.84;34.79;33.38;37.84;34.79
16.10.2011 10:00;38.44;34.85;33.45;38.44;34.85
16.10.2011 11:00;38.35;34.90;33.55;38.35;34.90
16.10.2011 12:00;37.82;34.84;33.53;37.82;34.84
16.10.2011 13:00;37.42;34.90;33.50;37.42;34.90
16.10.2011 14:00;37.43;34.87;33.48;37.43;34.87
16.10.2011 15:00;37.02;34.82;33.45;37.02;34.82
16.10.2011 16:00;38.59;34.80;33.48;38.59;34.80
16.10.2011 17:00;39.53;34.84;33.59;39.53;34.84
16.10.2011 18:00;39.94;35.18;33.71;39.94;35.18
16.10.2011 19:00;40.36;36.96;33.81;40.36;36.96
16.10.2011 20:00;39.87;35.98;33.75;39.87;35.98
16.10.2011 21:00;38.41;35.25;33.62;38.41;35.25
16.10.2011 22:00;36.17;34.83;33.48;36.17;34.83
16.10.2011 23:00;34.37;34.37;33.29;34.37;34.37
17.10.2011 00:00;35.33;35.33;34.50;35.33;35.33
17.10.2011 01:00;35.07;35.07;34.31;35.07;35.07
17.10.2011 02:00;34.95;34.95;34.24;34.95;34.95
17.10.2011 03:00;34.99;34.99;34.23;34.99;34.99
17.10.2011 04:00;35.65;35.63;34.26;35.65;35.63
17.10.2011 05:00;38.77;35.83;34.39;38.77;35.83
17.10.2011 06:00;38.78;35.85;34.78;38.78;35.85
17.10.2011 07:00;39.09;37.16;35.02;39.09;37.16
17.10.2011 08:00;39.75;37.54;34.97;39.75;37.54
17.10.2011 09:00;39.97;37.43;34.89;39.97;37.43
17.10.2011 10:00;38.89;37.30;34.84;38.89;37.30
17.10.2011 11:00;38.70;37.10;34.83;38.70;37.10
17.10.2011 12:00;38.66;36.45;34.81;38.66;36.45
17.10.2011 13:00;38.63;36.39;34.76;38.63;36.39
17.10.2011 14:00;38.61;36.13;34.75;38.61;36.13
17.10.2011 15:00;38.68;35.94;34.71;38.68;35.94
17.10.2011 16:00;38.64;35.90;34.89;38.64;35.90
17.10.2011 17:00;39.24;35.90;34.88;39.24;35.90
17.10.2011 18:00;39.62;36.01;34.89;39.62;36.01
17.10.2011 19:00;39.73;36.59;35.00;39.73;36.59
17.10.2011 20:00;39.58;36.09;34.94;39.58;36.09
17.10.2011 21:00;37.47;35.86;34.87;37.47;35.86
17.10.2011 22:00;35.00;35.00;34.75;35.00;35.00
17.10.2011 23:00;33.33;33.33;33.33;33.33;33.33
18.10.2011 00:00;31.83;31.83;31.83;31.83;31.83
18.10.2011 01:00;29.94;29.94;29.94;29.94;29.94
18.10.2011 02:00;27.74;27.74;27.74;27.74;27.74
18.10.2011 03:00;21.83;21.83;21.83;21.83;21.83
18.10.2011 04:00;22.24;22.24;22.24;22.24;22.24
18.10.2011 05:00;32.43;32.43;32.43;32.43;32.43
18.10.2011 06:00;35.78;35.78;35.23;35.78;35.78
18.10.2011 07:00;36.67;36.67;35.35;36.67;36.67
18.10.2011 08:00;37.33;37.33;35.30;37.33;37.33
18.10.2011 09:00;37.21;37.21;35.32;37.21;37.21
18.10.2011 10:00;37.36;37.36;35.31;37.36;37.36
18.10.2011 11:00;37.29;37.29;35.29;37.29;37.29
18.10.2011 12:00;36.76;36.76;35.26;36.76;36.76
18.10.2011 13:00;36.71;36.71;35.24;36.71;36.71
18.10.2011 14:00;36.02;36.02;35.25;36.02;36.02
18.10.2011 15:00;36.02;36.02;35.23;36.02;36.02
18.10.2011 16:00;35.95;35.95;35.23;35.95;35.95
18.10.2011 17:00;36.71;36.71;35.22;36.71;36.71
18.10.2011 18:00;37.56;37.56;35.25;37.56;37.56
18.10.2011 19:00;38.18;37.80;35.34;38.18;37.80
18.10.2011 20:00;36.63;36.63;35.31;36.63;36.63
18.10.2011 21:00;34.88;36.00;35.24;34.88;36.00
18.10.2011 22:00;32.33;34.78;34.78;32.33;34.78
18.10.2011 23:00;30.04;32.92;32.92;30.04;32.92
19.10.2011 00:00;32.87;32.87;32.87;32.87;32.87
19.10.2011 01:00;31.87;31.87;31.87;31.87;31.87
19.10.2011 02:00;30.84;30.84;30.84;30.84;30.84
19.10.2011 03:00;31.16;31.16;31.16;31.16;31.16
19.10.2011 04:00;32.31;32.31;32.31;32.31;32.31
19.10.2011 05:00;35.11;35.79;35.24;35.11;35.79
19.10.2011 06:00;36.14;37.65;35.87;36.14;37.65
19.10.2011 07:00;37.57;37.95;37.83;37.57;37.95
19.10.2011 08:00;38.36;38.59;38.59;38.36;38.59
19.10.2011 09:00;38.37;38.48;38.48;38.37;38.48
19.10.2011 10:00;38.32;38.10;37.66;38.32;38.10
19.10.2011 11:00;37.90;37.90;37.90;37.90;37.90
19.10.2011 12:00;37.76;37.75;37.75;37.76;37.75
19.10.2011 13:00;37.85;37.69;37.69;37.85;37.69
19.10.2011 14:00;37.10;37.10;37.10;37.10;37.10
19.10.2011 15:00;36.66;37.31;37.20;36.66;37.31
19.10.2011 16:00;36.43;37.42;37.21;36.43;37.42
19.10.2011 17:00;36.34;37.89;37.08;36.34;37.89
19.10.2011 18:00;36.81;38.33;37.28;36.81;38.33
19.10.2011 19:00;37.19;38.65;37.59;37.19;38.65
19.10.2011 20:00;37.21;37.74;37.31;37.21;37.74
19.10.2011 21:00;36.43;36.86;35.95;36.43;36.86
19.10.2011 22:00;35.84;35.99;35.90;35.84;35.99
19.10.2011 23:00;34.56;34.56;34.56;34.56;34.56
20.10.2011 00:00;36.54;36.54;36.54;36.54;36.54
20.10.2011 01:00;35.76;35.76;35.76;35.76;35.76
20.10.2011 02:00;35.67;35.67;35.67;35.67;35.67
20.10.2011 03:00;36.08;36.08;36.08;36.08;36.08
20.10.2011 04:00;36.23;37.28;37.28;36.23;37.28
20.10.2011 05:00;36.55;38.54;38.54;36.55;38.54
20.10.2011 06:00;37.23;39.27;39.00;37.23;39.27
20.10.2011 07:00;37.58;40.37;40.37;37.82;40.37
20.10.2011 08:00;37.73;40.78;39.65;38.33;40.78
20.10.2011 09:00;37.73;40.59;40.59;38.45;40.59
20.10.2011 10:00;37.79;40.00;40.00;38.46;40.00
20.10.2011 11:00;37.75;39.79;39.79;38.31;39.79
20.10.2011 12:00;37.70;39.36;39.36;37.79;39.36
20.10.2011 13:00;38.13;39.06;38.93;38.13;39.06
20.10.2011 14:00;37.67;38.95;38.95;37.84;38.95
20.10.2011 15:00;37.67;38.85;38.85;37.67;38.85
20.10.2011 16:00;37.63;38.91;38.91;37.63;38.91
20.10.2011 17:00;37.66;39.31;38.99;37.66;39.31
20.10.2011 18:00;37.73;39.67;39.17;38.14;39.67
20.10.2011 19:00;37.75;39.93;39.93;38.30;39.93
20.10.2011 20:00;37.74;39.72;39.72;38.15;39.72
20.10.2011 21:00;37.68;39.38;38.96;38.04;39.38
20.10.2011 22:00;37.48;39.14;38.97;37.58;39.14
20.10.2011 23:00;37.16;38.51;38.51;37.16;38.51
21.10.2011 00:00;36.21;38.85;38.85;36.21;38.85
21.10.2011 01:00;35.92;38.43;38.43;35.92;38.43
21.10.2011 02:00;35.60;38.26;38.26;35.60;38.26
21.10.2011 03:00;35.44;38.46;38.46;35.44;38.46
21.10.2011 04:00;35.68;39.23;39.23;35.68;39.23
21.10.2011 05:00;36.01;39.67;39.67;36.01;39.67
21.10.2011 06:00;36.83;40.18;40.18;38.23;40.18
21.10.2011 07:00;37.49;41.65;41.65;39.27;41.65
21.10.2011 08:00;38.02;42.25;42.02;43.40;42.25
21.10.2011 09:00;37.96;41.86;41.86;49.71;41.86
21.10.2011 10:00;38.01;41.60;41.60;49.97;41.60
21.10.2011 11:00;37.99;40.92;40.92;41.56;40.92
21.10.2011 12:00;37.88;40.54;40.54;40.67;40.54
21.10.2011 13:00;37.75;40.02;40.02;39.71;40.02
21.10.2011 14:00;37.64;39.74;39.74;40.61;39.74
21.10.2011 15:00;37.47;39.29;39.29;39.85;39.29
21.10.2011 16:00;37.37;39.28;39.28;39.83;39.28
21.10.2011 17:00;37.47;39.43;39.43;39.67;39.43
21.10.2011 18:00;37.72;39.80;39.80;40.28;39.80
21.10.2011 19:00;37.73;39.67;39.67;40.32;39.67
21.10.2011 20:00;37.58;39.30;39.30;39.61;39.30
21.10.2011 21:00;37.21;38.30;38.30;38.30;38.30
21.10.2011 22:00;36.72;37.37;37.37;37.37;37.37
21.10.2011 23:00;35.97;35.97;35.97;35.97;35.97
22.10.2011 00:00;36.96;36.96;36.96;36.96;36.96
22.10.2011 01:00;36.43;36.43;36.43;36.43;36.43
22.10.2011 02:00;35.99;35.99;35.99;35.99;35.99
22.10.2011 03:00;35.68;35.68;35.68;35.68;35.68
22.10.2011 04:00;35.89;35.89;35.89;35.89;35.89
22.10.2011 05:00;36.34;36.34;36.34;36.34;36.34
22.10.2011 06:00;36.99;36.99;36.99;36.99;36.99
22.10.2011 07:00;37.15;37.15;37.15;37.15;37.15
22.10.2011 08:00;37.13;37.13;37.13;37.13;37.13
22.10.2011 09:00;37.58;38.10;38.10;38.10;38.10
22.10.2011 10:00;37.72;38.50;38.50;38.50;38.50
22.10.2011 11:00;37.76;38.50;38.50;38.50;38.50
22.10.2011 12:00;37.59;38.00;38.00;38.00;38.00
22.10.2011 13:00;37.48;37.48;37.48;37.48;37.48
22.10.2011 14:00;37.15;37.15;37.15;37.15;37.15
22.10.2011 15:00;37.13;37.13;37.13;37.13;37.13
22.10.2011 16:00;37.32;37.32;37.32;37.32;37.32
22.10.2011 17:00;37.62;38.91;38.91;38.87;38.91
22.10.2011 18:00;37.73;40.06;40.06;40.06;40.06
22.10.2011 19:00;37.74;39.48;39.48;39.43;39.48
22.10.2011 20:00;37.65;38.24;38.24;38.24;38.24
22.10.2011 21:00;37.18;37.18;37.18;37.18;37.18
22.10.2011 22:00;36.92;36.92;36.92;36.92;36.92
22.10.2011 23:00;36.30;36.30;36.30;36.30;36.30
23.10.2011 00:00;33.71;33.71;33.71;33.71;33.71
23.10.2011 01:00;32.58;32.58;32.58;32.58;32.58
23.10.2011 02:00;32.18;32.18;32.18;32.18;32.18
23.10.2011 03:00;33.02;33.02;33.02;33.02;33.02
23.10.2011 04:00;33.93;33.93;33.93;33.93;33.93
23.10.2011 05:00;34.99;34.99;34.99;34.99;34.99
23.10.2011 06:00;35.08;35.08;35.08;35.08;35.08
23.10.2011 07:00;35.71;35.71;35.71;35.71;35.71
23.10.2011 08:00;35.78;35.78;35.78;35.78;35.78
23.10.2011 09:00;36.54;36.54;36.54;36.54;36.54
23.10.2011 10:00;37.00;37.00;37.00;37.00;37.00
23.10.2011 11:00;37.12;37.12;37.12;37.12;37.12
23.10.2011 12:00;37.13;37.13;37.13;37.13;37.13
23.10.2011 13:00;36.84;36.84;36.84;36.84;36.84
23.10.2011 14:00;36.83;36.83;36.83;36.83;36.83
23.10.2011 15:00;35.06;35.06;35.06;35.06;35.06
23.10.2011 16:00;36.14;36.14;36.14;36.14;36.14
23.10.2011 17:00;38.26;38.26;38.26;38.26;38.26
23.10.2011 18:00;38.83;38.99;38.99;38.83;38.99
23.10.2011 19:00;38.88;38.98;38.98;38.88;38.98
23.10.2011 20:00;38.40;38.40;38.40;38.40;38.40
23.10.2011 21:00;38.17;38.17;38.17;38.17;38.17
23.10.2011 22:00;37.71;37.71;37.71;37.71;37.71
23.10.2011 23:00;36.22;36.22;36.22;36.22;36.22
24.10.2011 00:00;36.60;36.60;36.60;36.60;36.60
24.10.2011 01:00;34.50;34.50;34.50;34.50;34.50
24.10.2011 02:00;32.61;32.61;32.61;32.61;32.61
24.10.2011 03:00;30.81;30.81;30.81;30.81;30.81
24.10.2011 04:00;34.03;34.03;34.03;34.03;34.03
24.10.2011 05:00;37.18;37.18;37.18;37.18;37.18
24.10.2011 06:00;39.41;38.65;38.65;39.41;38.65
24.10.2011 07:00;40.31;39.74;39.74;40.31;39.74
24.10.2011 08:00;41.20;39.81;39.81;41.20;39.81
24.10.2011 09:00;41.34;40.10;40.10;41.34;40.10
24.10.2011 10:00;41.15;39.85;39.85;41.15;39.85
24.10.2011 11:00;40.84;39.69;39.69;40.84;39.69
24.10.2011 12:00;40.68;39.72;39.72;40.68;39.72
24.10.2011 13:00;40.27;40.27;40.27;40.27;40.27
24.10.2011 14:00;39.49;39.49;39.49;39.49;39.49
24.10.2011 15:00;39.06;39.06;39.06;39.06;39.06
24.10.2011 16:00;38.84;38.84;38.84;38.84;38.84
24.10.2011 17:00;40.35;39.61;39.61;40.35;39.61
24.10.2011 18:00;40.51;40.36;40.36;40.51;40.36
24.10.2011 19:00;40.50;40.50;40.50;40.50;40.50
24.10.2011 20:00;38.98;38.98;38.98;38.98;38.98
24.10.2011 21:00;38.06;38.06;38.06;38.06;38.06
24.10.2011 22:00;36.91;36.91;36.91;36.91;36.91
24.10.2011 23:00;34.94;34.94;34.94;34.94;34.94
25.10.2011 00:00;35.09;35.09;35.09;35.09;35.09
25.10.2011 01:00;33.64;33.64;33.64;33.64;33.64
25.10.2011 02:00;34.69;34.69;34.69;34.69;34.69
25.10.2011 03:00;34.68;34.68;34.68;34.68;34.68
25.10.2011 04:00;35.25;35.25;35.25;35.25;35.25
25.10.2011 05:00;38.35;38.35;38.35;38.35;38.35
25.10.2011 06:00;39.51;39.51;39.51;39.51;39.51
25.10.2011 07:00;40.64;40.87;40.87;40.87;40.87
25.10.2011 08:00;38.08;45.54;45.54;45.54;45.54
25.10.2011 09:00;38.09;43.84;43.84;43.84;43.84
25.10.2011 10:00;38.24;42.81;42.81;42.81;42.81
25.10.2011 11:00;38.18;41.31;41.31;41.68;41.31
25.10.2011 12:00;38.13;40.92;40.92;40.92;40.92
25.10.2011 13:00;38.11;40.66;40.66;40.66;40.66
25.10.2011 14:00;38.09;40.22;40.22;40.22;40.22
25.10.2011 15:00;37.83;40.14;40.14;40.14;40.14
25.10.2011 16:00;37.73;40.11;40.11;40.11;40.11
25.10.2011 17:00;40.28;40.28;40.28;40.28;40.28
25.10.2011 18:00;40.67;40.67;40.67;40.67;40.67
25.10.2011 19:00;40.41;40.41;40.41;40.41;40.41
25.10.2011 20:00;39.00;39.00;39.00;39.00;39.00
25.10.2011 21:00;38.53;38.53;38.53;38.53;38.53
25.10.2011 22:00;36.96;36.96;36.96;36.96;36.96
25.10.2011 23:00;35.56;35.56;35.56;35.56;35.56
26.10.2011 00:00;36.39;36.39;36.39;36.39;36.39
26.10.2011 01:00;35.31;35.31;35.31;35.31;35.31
26.10.2011 02:00;35.00;35.00;35.00;35.00;35.00
26.10.2011 03:00;35.26;35.26;35.26;35.26;35.26
26.10.2011 04:00;36.74;36.74;36.74;36.74;36.74
26.10.2011 05:00;38.49;38.49;38.49;38.49;38.49
26.10.2011 06:00;39.16;39.83;39.83;39.16;39.83
26.10.2011 07:00;40.42;40.72;40.72;41.06;40.72
26.10.2011 08:00;41.04;41.75;41.75;41.75;41.75
26.10.2011 09:00;41.34;41.56;41.56;41.66;41.56
26.10.2011 10:00;41.23;41.23;41.23;41.23;41.23
26.10.2011 11:00;41.06;40.94;40.94;41.06;40.94
26.10.2011 12:00;40.90;40.90;40.90;40.90;40.90
26.10.2011 13:00;40.76;40.76;40.76;40.76;40.76
26.10.2011 14:00;40.44;40.44;40.44;40.44;40.44
26.10.2011 15:00;40.41;40.41;40.41;40.41;40.41
26.10.2011 16:00;40.39;40.39;40.39;40.39;40.39
26.10.2011 17:00;40.59;40.75;40.75;41.04;40.75
26.10.2011 18:00;40.67;41.44;41.44;41.87;41.44
26.10.2011 19:00;40.46;41.77;41.77;40.46;41.77
26.10.2011 20:00;40.45;40.80;40.80;40.45;40.80
26.10.2011 21:00;39.97;40.20;40.20;39.97;40.20
26.10.2011 22:00;39.21;39.21;39.21;39.21;39.21
26.10.2011 23:00;38.64;38.64;38.64;38.64;38.64
27.10.2011 00:00;36.49;36.49;36.49;36.49;36.49
27.10.2011 01:00;35.47;35.47;35.47;35.47;35.47
27.10.2011 02:00;35.41;35.41;35.41;35.41;35.41
27.10.2011 03:00;35.84;35.84;35.84;35.84;35.84
27.10.2011 04:00;37.14;37.14;37.14;37.14;37.14
27.10.2011 05:00;38.06;38.44;38.44;38.06;38.44
27.10.2011 06:00;39.01;39.95;39.95;39.01;39.95
27.10.2011 07:00;39.83;40.31;40.31;41.37;40.31
27.10.2011 08:00;39.94;40.48;40.48;44.25;40.48
27.10.2011 09:00;40.02;40.34;40.34;43.48;40.34
27.10.2011 10:00;40.24;40.23;40.23;42.90;40.23
27.10.2011 11:00;40.37;40.08;40.08;42.88;40.08
27.10.2011 12:00;40.34;39.91;39.91;43.30;39.91
27.10.2011 13:00;40.48;39.82;39.82;42.86;39.82
27.10.2011 14:00;39.92;39.97;39.97;39.97;39.97
27.10.2011 15:00;39.89;40.00;40.00;40.57;40.00
27.10.2011 16:00;39.82;40.09;40.09;40.39;40.09
27.10.2011 17:00;39.87;40.15;40.15;40.09;40.15
27.10.2011 18:00;39.93;40.27;40.27;40.39;40.27
27.10.2011 19:00;39.96;41.52;41.52;39.96;41.52
27.10.2011 20:00;39.74;40.11;40.11;39.74;40.11
27.10.2011 21:00;38.78;38.78;38.78;38.78;38.78
27.10.2011 22:00;37.63;37.63;37.63;37.63;37.63
27.10.2011 23:00;36.66;36.66;36.66;36.66;36.66
28.10.2011 00:00;36.83;36.83;36.83;36.83;36.83
28.10.2011 01:00;36.41;36.41;36.41;36.41;36.41
28.10.2011 02:00;36.17;36.17;36.17;36.17;36.17
28.10.2011 03:00;36.40;36.40;36.40;36.40;36.40
28.10.2011 04:00;37.19;37.19;37.19;37.19;37.19
28.10.2011 05:00;38.56;38.56;38.56;38.56;38.56
28.10.2011 06:00;39.05;40.65;40.65;40.66;40.65
28.10.2011 07:00;39.96;41.00;41.00;43.10;41.00
28.10.2011 08:00;40.33;42.31;42.31;42.31;42.31
28.10.2011 09:00;40.37;40.98;40.98;42.15;40.98
28.10.2011 10:00;40.36;40.87;40.87;41.67;40.87
28.10.2011 11:00;40.34;40.64;40.64;40.64;40.64
28.10.2011 12:00;40.35;40.36;40.36;40.36;40.36
28.10.2011 13:00;39.64;39.64;39.64;39.64;39.64
28.10.2011 14:00;39.14;39.14;39.14;39.14;39.14
28.10.2011 15:00;39.06;39.06;39.06;39.06;39.06
28.10.2011 16:00;38.91;38.91;38.91;38.91;38.91
28.10.2011 17:00;39.71;39.71;39.71;39.71;39.71
28.10.2011 18:00;40.04;40.09;40.09;40.04;40.09
28.10.2011 19:00;39.96;40.08;40.08;39.96;40.08
28.10.2011 20:00;39.14;39.14;39.14;39.14;39.14
28.10.2011 21:00;38.60;38.60;38.60;38.60;38.60
28.10.2011 22:00;38.05;38.05;38.05;38.05;38.05
28.10.2011 23:00;37.36;37.36;37.36;37.36;37.36
29.10.2011 00:00;37.47;37.47;37.47;37.47;37.47
29.10.2011 01:00;37.15;37.15;37.15;37.15;37.15
29.10.2011 02:00;36.90;36.90;36.90;36.90;36.90
29.10.2011 03:00;36.84;36.84;36.84;36.84;36.84
29.10.2011 04:00;37.01;37.01;37.01;37.01;37.01
29.10.2011 05:00;37.31;37.31;37.31;37.31;37.31
29.10.2011 06:00;37.91;38.00;38.00;37.91;38.00
29.10.2011 07:00;37.94;37.94;37.94;37.94;37.94
29.10.2011 08:00;37.89;37.89;37.89;37.89;37.89
29.10.2011 09:00;38.67;38.67;38.67;38.67;38.67
29.10.2011 10:00;38.97;38.97;38.97;38.97;38.97
29.10.2011 11:00;38.88;38.88;38.88;38.88;38.88
29.10.2011 12:00;38.46;38.46;38.46;38.46;38.46
29.10.2011 13:00;37.92;37.92;37.92;37.92;37.92
29.10.2011 14:00;37.86;37.86;37.86;37.86;37.86
29.10.2011 15:00;37.93;37.93;37.93;37.93;37.93
29.10.2011 16:00;38.48;38.48;38.48;38.48;38.48
29.10.2011 17:00;39.13;39.42;39.42;40.08;39.42
29.10.2011 18:00;39.25;39.69;39.69;41.21;39.69
29.10.2011 19:00;39.20;39.51;39.51;39.51;39.51
29.10.2011 20:00;38.72;38.72;38.72;38.72;38.72
29.10.2011 21:00;37.86;37.86;37.86;37.86;37.86
29.10.2011 22:00;37.62;37.62;37.62;37.62;37.62
29.10.2011 23:00;36.92;36.92;36.92;36.92;36.92
30.10.2011 00:00;37.56;37.56;37.56;37.56;37.56
30.10.2011 01:00;35.51;35.51;35.51;35.51;35.51
30.10.2011 02:00;29.55;29.55;29.55;29.55;29.55
30.10.2011 03:00;29.26;29.26;29.26;29.26;29.26
30.10.2011 04:00;28.96;28.96;28.96;28.96;28.96
30.10.2011 05:00;30.00;30.00;30.00;30.00;30.00
30.10.2011 06:00;31.95;31.95;31.95;31.95;31.95
30.10.2011 07:00;34.50;34.50;34.50;34.50;34.50
30.10.2011 08:00;36.88;36.88;36.88;36.88;36.88
30.10.2011 09:00;37.35;37.35;37.35;37.35;37.35
30.10.2011 10:00;37.59;37.59;37.59;37.59;37.59
30.10.2011 11:00;37.57;37.57;37.57;37.57;37.57
30.10.2011 12:00;37.40;37.40;37.40;37.40;37.40
30.10.2011 13:00;37.13;37.13;37.13;37.13;37.13
30.10.2011 14:00;37.33;37.33;37.33;37.33;37.33
30.10.2011 15:00;37.51;37.51;37.51;37.51;37.51
30.10.2011 16:00;38.14;38.14;38.14;38.14;38.14
30.10.2011 17:00;39.15;39.15;39.15;39.15;39.15
30.10.2011 18:00;39.44;39.44;39.44;39.44;39.44
30.10.2011 19:00;38.95;38.95;38.95;38.95;38.95
30.10.2011 20:00;38.39;38.39;38.39;38.39;38.39
30.10.2011 21:00;37.80;37.80;37.80;37.80;37.80
30.10.2011 22:00;37.56;37.56;37.56;37.56;37.56
30.10.2011 23:00;36.34;36.34;36.34;36.34;36.34
31.10.2011 00:00;36.11;36.11;36.11;36.11;36.11
31.10.2011 01:00;35.59;35.59;35.59;35.59;35.59
31.10.2011 02:00;35.96;35.96;35.96;35.96;35.96
31.10.2011 03:00;36.64;36.64;36.64;36.64;36.64
31.10.2011 04:00;37.35;37.35;37.35;37.35;37.35
31.10.2011 05:00;38.17;38.59;38.59;38.17;38.59
31.10.2011 06:00;40.01;40.49;40.49;40.01;40.49
31.10.2011 07:00;40.77;41.34;41.34;42.98;41.34
31.10.2011 08:00;41.06;42.40;42.40;46.01;42.40
31.10.2011 09:00;41.02;42.68;42.68;44.77;42.68
31.10.2011 10:00;41.26;42.27;42.27;43.83;42.27
31.10.2011 11:00;41.19;41.13;41.13;41.80;41.13
31.10.2011 12:00;40.58;40.80;40.80;40.90;40.80
31.10.2011 13:00;40.67;40.89;40.89;40.67;40.89
31.10.2011 14:00;40.63;40.89;40.89;40.63;40.89
31.10.2011 15:00;40.62;40.84;40.84;40.62;40.84
31.10.2011 16:00;40.65;40.99;40.99;40.65;40.99
31.10.2011 17:00;40.77;41.57;41.57;40.77;41.57
31.10.2011 18:00;40.90;42.12;42.12;40.91;42.12
31.10.2011 19:00;40.82;41.30;41.30;40.82;41.30
31.10.2011 20:00;40.32;40.67;40.67;40.32;40.67
31.10.2011 21:00;40.05;40.05;40.05;40.05;40.05
31.10.2011 22:00;39.04;39.04;39.04;39.04;39.04
31.10.2011 23:00;37.41;37.41;37.41;37.41;37.41
01.11.2011 00:00;37.52;37.52;37.52;37.52;37.52
01.11.2011 01:00;37.10;37.10;37.10;37.10;37.10
01.11.2011 02:00;34.96;34.96;34.96;34.96;34.96
01.11.2011 03:00;32.36;32.36;32.36;32.36;32.36
01.11.2011 04:00;34.42;34.42;34.42;34.42;34.42
01.11.2011 05:00;37.06;37.06;37.06;37.06;37.06
01.11.2011 06:00;39.27;40.21;40.21;39.27;40.21
01.11.2011 07:00;40.66;40.80;40.80;40.66;40.80
01.11.2011 08:00;41.77;41.56;41.56;42.10;41.56
01.11.2011 09:00;41.73;40.96;40.96;42.27;40.96
01.11.2011 10:00;41.70;40.82;40.82;42.15;40.82
01.11.2011 11:00;41.70;40.70;40.70;41.70;40.70
01.11.2011 12:00;41.39;40.50;40.50;41.39;40.50
01.11.2011 13:00;41.39;40.46;40.46;41.39;40.46
01.11.2011 14:00;41.34;40.50;40.50;41.34;40.50
01.11.2011 15:00;41.38;40.58;40.58;41.38;40.58
01.11.2011 16:00;41.16;40.73;40.73;41.16;40.73
01.11.2011 17:00;41.27;40.73;40.73;41.27;40.73
01.11.2011 18:00;41.43;40.78;40.78;41.43;40.78
01.11.2011 19:00;41.23;40.61;40.61;41.23;40.61
01.11.2011 20:00;40.26;40.38;40.38;40.26;40.38
01.11.2011 21:00;39.97;40.16;40.00;39.97;40.16
01.11.2011 22:00;39.03;39.03;39.03;39.03;39.03
01.11.2011 23:00;37.19;37.19;37.19;37.19;37.19
02.11.2011 00:00;35.57;35.57;35.57;35.57;35.57
02.11.2011 01:00;34.28;34.28;34.28;34.28;34.28
02.11.2011 02:00;34.84;34.84;34.84;34.84;34.84
02.11.2011 03:00;35.00;35.00;35.00;35.00;35.00
02.11.2011 04:00;36.81;36.81;36.81;36.81;36.81
02.11.2011 05:00;37.75;38.37;38.37;37.75;38.37
02.11.2011 06:00;38.64;40.01;39.24;38.64;40.01
02.11.2011 07:00;40.15;40.62;39.42;40.15;40.62
02.11.2011 08:00;41.28;40.74;39.99;41.28;40.74
02.11.2011 09:00;41.82;40.55;39.55;41.82;40.55
02.11.2011 10:00;42.06;40.59;39.54;42.06;40.59
02.11.2011 11:00;41.95;40.46;39.47;41.95;40.46
02.11.2011 12:00;41.89;40.45;39.50;41.89;40.45
02.11.2011 13:00;41.97;40.41;39.48;41.97;40.41
02.11.2011 14:00;41.95;40.42;39.48;41.95;40.42
02.11.2011 15:00;41.98;40.37;39.44;41.98;40.37
02.11.2011 16:00;41.49;40.62;39.53;41.49;40.62
02.11.2011 17:00;41.87;40.65;39.56;41.87;40.65
02.11.2011 18:00;41.80;40.49;39.55;41.80;40.49
02.11.2011 19:00;41.62;40.41;39.55;41.62;40.41
02.11.2011 20:00;41.20;40.20;39.45;41.20;40.20
02.11.2011 21:00;40.86;39.83;39.35;40.86;39.83
02.11.2011 22:00;39.31;39.31;39.20;39.31;39.31
02.11.2011 23:00;37.70;37.70;37.70;37.70;37.70
03.11.2011 00:00;36.17;36.17;35.15;36.17;36.17
03.11.2011 01:00;35.15;35.15;34.57;35.15;35.15
03.11.2011 02:00;35.03;35.03;34.38;35.03;35.03
03.11.2011 03:00;35.21;35.21;34.33;35.21;35.21
03.11.2011 04:00;36.26;36.26;34.38;36.26;36.26
03.11.2011 05:00;36.68;37.92;34.99;36.68;37.92
03.11.2011 06:00;37.69;39.48;37.63;37.69;39.48
03.11.2011 07:00;39.62;39.87;37.88;40.68;39.87
03.11.2011 08:00;39.88;40.49;37.34;44.00;40.49
03.11.2011 09:00;40.83;40.35;37.56;42.65;40.35
03.11.2011 10:00;41.54;40.19;37.54;42.84;40.19
03.11.2011 11:00;41.83;39.99;37.46;41.96;39.99
03.11.2011 12:00;41.81;40.18;37.42;41.81;40.18
03.11.2011 13:00;41.47;40.10;37.14;41.47;40.10
03.11.2011 14:00;41.45;40.36;37.17;41.45;40.36
03.11.2011 15:00;40.87;39.89;37.88;41.00;39.89
03.11.2011 16:00;39.97;40.31;37.99;41.03;40.31
03.11.2011 17:00;39.97;40.40;38.63;41.98;40.40
03.11.2011 18:00;39.98;40.33;38.61;42.00;40.33
03.11.2011 19:00;39.90;39.88;39.41;41.35;39.88
03.11.2011 20:00;39.82;39.76;39.14;40.30;39.76
03.11.2011 21:00;39.23;39.23;38.69;39.23;39.23
03.11.2011 22:00;38.65;38.65;27.77;38.65;38.65
03.11.2011 23:00;36.92;36.92;20.65;36.92;36.92
04.11.2011 00:00;36.24;36.24;36.24;36.24;36.24
04.11.2011 01:00;34.53;34.53;34.53;34.53;34.53
04.11.2011 02:00;33.84;33.84;33.84;33.84;33.84
04.11.2011 03:00;34.21;34.21;34.21;34.21;34.21
04.11.2011 04:00;35.72;35.72;35.72;35.72;35.72
04.11.2011 05:00;36.68;37.68;37.68;36.68;37.68
04.11.2011 06:00;37.60;39.62;39.62;37.60;39.62
04.11.2011 07:00;39.79;39.93;39.93;40.57;39.93
04.11.2011 08:00;40.02;40.33;40.33;42.18;40.33
04.11.2011 09:00;40.04;40.83;40.83;42.49;40.83
04.11.2011 10:00;40.01;40.45;40.45;42.01;40.45
04.11.2011 11:00;39.98;39.87;39.87;41.47;39.87
04.11.2011 12:00;39.92;39.75;39.75;40.25;39.75
04.11.2011 13:00;39.91;39.77;39.77;40.12;39.77
04.11.2011 14:00;39.88;39.65;39.65;40.10;39.65
04.11.2011 15:00;39.88;39.53;39.53;40.51;39.53
04.11.2011 16:00;39.88;39.61;39.61;41.21;39.61
04.11.2011 17:00;39.87;39.75;39.75;42.61;39.75
04.11.2011 18:00;39.87;39.85;39.85;42.81;39.85
04.11.2011 19:00;39.86;39.74;39.74;41.91;39.74
04.11.2011 20:00;39.74;39.58;39.58;40.31;39.58
04.11.2011 21:00;36.00;39.39;39.39;36.00;39.39
04.11.2011 22:00;38.31;38.31;38.31;38.31;38.31
04.11.2011 23:00;37.35;37.35;37.35;37.35;37.35
05.11.2011 00:00;37.55;38.85;38.85;38.85;38.85
05.11.2011 01:00;37.31;38.02;38.02;38.02;38.02
05.11.2011 02:00;37.25;38.00;38.00;38.00;38.00
05.11.2011 03:00;37.05;38.48;38.48;37.05;38.48
05.11.2011 04:00;37.04;37.58;37.58;37.04;37.58
05.11.2011 05:00;36.93;38.12;38.12;36.93;38.12
05.11.2011 06:00;37.21;39.66;39.66;37.21;39.66
05.11.2011 07:00;37.16;39.83;39.83;37.16;39.83
05.11.2011 08:00;37.31;39.83;39.83;37.31;39.83
05.11.2011 09:00;37.72;39.84;39.84;37.72;39.84
05.11.2011 10:00;38.25;40.01;40.01;38.25;40.01
05.11.2011 11:00;38.45;40.02;40.02;38.45;40.02
05.11.2011 12:00;38.39;39.97;39.97;38.39;39.97
05.11.2011 13:00;38.02;39.96;39.96;38.33;39.96
05.11.2011 14:00;37.87;39.91;39.91;37.87;39.91
05.11.2011 15:00;37.98;39.95;39.95;37.98;39.95
05.11.2011 16:00;39.09;40.38;40.38;39.09;40.38
05.11.2011 17:00;39.16;40.96;40.96;40.24;40.96
05.11.2011 18:00;39.14;41.10;41.10;40.30;41.10
05.11.2011 19:00;39.06;40.61;40.61;39.71;40.61
05.11.2011 20:00;38.37;40.06;40.06;38.37;40.06
05.11.2011 21:00;37.66;39.77;39.77;38.80;39.77
05.11.2011 22:00;37.40;39.68;39.62;38.50;39.68
05.11.2011 23:00;37.23;39.25;39.18;37.27;39.25
06.11.2011 00:00;38.08;39.07;39.07;39.07;39.07
06.11.2011 01:00;38.17;38.17;38.17;38.17;38.17
06.11.2011 02:00;37.81;37.81;37.81;37.81;37.81
06.11.2011 03:00;37.34;37.34;37.34;37.34;37.34
06.11.2011 04:00;37.35;37.35;37.35;37.35;37.35
06.11.2011 05:00;37.13;37.13;37.13;37.13;37.13
06.11.2011 06:00;37.73;37.98;37.98;37.73;37.98
06.11.2011 07:00;37.76;38.57;38.57;37.76;38.57
06.11.2011 08:00;37.91;39.53;38.24;37.91;39.53
06.11.2011 09:00;37.99;39.82;39.37;37.99;39.82
06.11.2011 10:00;38.32;39.97;39.87;38.32;39.97
06.11.2011 11:00;38.43;40.04;40.04;38.43;40.04
06.11.2011 12:00;38.51;40.09;40.09;38.51;40.09
06.11.2011 13:00;38.57;40.08;40.08;38.57;40.08
06.11.2011 14:00;38.70;40.01;40.01;38.70;40.01
06.11.2011 15:00;38.74;40.08;40.08;38.74;40.08
06.11.2011 16:00;39.00;40.31;40.31;39.00;40.31
06.11.2011 17:00;39.27;40.67;40.67;39.39;40.67
06.11.2011 18:00;39.25;40.71;40.71;39.25;40.71
06.11.2011 19:00;39.26;40.54;40.54;39.48;40.54
06.11.2011 20:00;39.17;40.33;40.33;39.17;40.33
06.11.2011 21:00;39.02;40.03;40.03;39.02;40.03
06.11.2011 22:00;38.72;39.92;39.92;38.72;39.92
06.11.2011 23:00;38.30;39.33;39.33;38.30;39.33
07.11.2011 00:00;38.11;38.11;38.11;38.11;38.11
07.11.2011 01:00;37.10;37.10;37.10;37.10;37.10
07.11.2011 02:00;35.39;35.39;35.39;35.39;35.39
07.11.2011 03:00;34.98;34.98;34.98;34.98;34.98
07.11.2011 04:00;37.22;37.22;37.22;37.22;37.22
07.11.2011 05:00;38.61;39.13;39.07;38.61;39.13
07.11.2011 06:00;39.04;40.43;40.43;39.04;40.43
07.11.2011 07:00;40.31;41.90;39.72;40.31;41.90
07.11.2011 08:00;40.49;40.95;39.93;40.49;40.95
07.11.2011 09:00;41.08;40.81;39.89;41.08;40.81
07.11.2011 10:00;40.29;40.65;40.12;40.29;40.65
07.11.2011 11:00;40.12;41.86;40.50;40.12;41.86
07.11.2011 12:00;40.07;41.55;40.36;40.07;41.55
07.11.2011 13:00;39.92;41.67;39.62;39.92;41.67
07.11.2011 14:00;40.12;41.53;39.91;40.12;41.53
07.11.2011 15:00;40.23;41.63;39.97;40.23;41.63
07.11.2011 16:00;40.04;41.99;40.87;40.04;41.99
07.11.2011 17:00;40.05;42.33;41.09;40.05;42.33
07.11.2011 18:00;40.03;42.37;40.67;40.03;42.37
07.11.2011 19:00;39.84;41.92;40.16;39.84;41.92
07.11.2011 20:00;39.69;41.75;39.75;39.69;41.75
07.11.2011 21:00;39.58;40.69;39.48;39.58;40.69
07.11.2011 22:00;39.54;40.43;39.29;39.54;40.43
07.11.2011 23:00;38.93;38.93;37.89;38.93;38.93
08.11.2011 00:00;38.90;38.90;38.90;38.90;38.90
08.11.2011 01:00;38.41;38.41;38.41;38.41;38.41
08.11.2011 02:00;38.67;38.67;38.67;38.67;38.67
08.11.2011 03:00;38.14;38.14;38.14;38.14;38.14
08.11.2011 04:00;38.85;38.85;38.85;38.85;38.85
08.11.2011 05:00;39.02;41.05;40.06;39.02;41.05
08.11.2011 06:00;39.64;43.14;41.37;39.64;43.14
08.11.2011 07:00;40.49;45.09;41.70;40.66;45.09
08.11.2011 08:00;38.81;50.20;43.91;41.85;50.20
08.11.2011 09:00;38.83;48.04;43.20;42.00;48.04
08.11.2011 10:00;38.81;45.03;41.63;41.85;45.03
08.11.2011 11:00;38.81;44.28;41.37;41.65;44.28
08.11.2011 12:00;38.83;44.16;44.16;41.40;44.16
08.11.2011 13:00;38.89;43.08;43.08;41.25;43.08
08.11.2011 14:00;38.77;43.06;43.06;41.79;43.06
08.11.2011 15:00;38.77;43.16;43.16;41.77;43.16
08.11.2011 16:00;38.80;43.97;43.97;44.31;43.97
08.11.2011 17:00;40.78;44.23;41.98;47.70;44.23
08.11.2011 18:00;40.80;44.50;44.50;47.84;44.50
08.11.2011 19:00;40.72;44.00;43.13;46.33;44.00
08.11.2011 20:00;40.60;43.34;41.47;43.00;43.34
08.11.2011 21:00;40.86;42.81;42.81;42.81;42.81
08.11.2011 22:00;40.55;41.23;41.23;41.23;41.23
08.11.2011 23:00;39.71;39.71;39.71;39.71;39.71
09.11.2011 00:00;39.44;39.83;39.83;39.83;39.83
09.11.2011 01:00;38.87;38.87;38.87;38.87;38.87
09.11.2011 02:00;38.96;38.96;38.96;38.96;38.96
09.11.2011 03:00;39.24;39.29;39.29;39.29;39.29
09.11.2011 04:00;39.21;40.03;40.03;39.82;40.03
09.11.2011 05:00;39.50;41.94;41.94;39.59;41.94
09.11.2011 06:00;39.87;43.92;42.30;41.28;43.92
09.11.2011 07:00;40.62;44.54;44.54;43.53;44.54
09.11.2011 08:00;38.46;45.07;45.07;50.94;45.07
09.11.2011 09:00;38.46;45.10;45.10;49.03;45.10
09.11.2011 10:00;38.46;44.39;44.39;48.67;44.39
09.11.2011 11:00;38.49;43.99;43.99;49.14;43.99
09.11.2011 12:00;38.55;44.03;44.03;47.49;44.03
09.11.2011 13:00;38.58;44.28;44.28;47.39;44.28
09.11.2011 14:00;38.51;44.03;44.03;48.07;44.03
09.11.2011 15:00;38.52;44.01;44.01;49.57;44.01
09.11.2011 16:00;41.29;44.95;44.95;43.28;44.95
09.11.2011 17:00;41.20;46.41;46.41;42.97;46.41
09.11.2011 18:00;41.11;45.06;45.06;43.34;45.06
09.11.2011 19:00;40.92;44.46;44.46;42.89;44.46
09.11.2011 20:00;40.85;44.15;44.15;42.34;44.15
09.11.2011 21:00;40.67;43.42;43.42;42.62;43.42
09.11.2011 22:00;40.39;43.01;43.01;42.19;43.01
09.11.2011 23:00;40.02;40.44;40.44;40.44;40.44
10.11.2011 00:00;38.72;40.97;40.97;40.97;40.97
10.11.2011 01:00;38.60;39.91;39.91;39.91;39.91
10.11.2011 02:00;38.59;39.98;39.98;39.98;39.98
10.11.2011 03:00;38.55;40.32;40.32;40.32;40.32
10.11.2011 04:00;38.65;41.50;41.50;40.68;41.50
10.11.2011 05:00;38.73;43.14;43.14;40.90;43.14
10.11.2011 06:00;38.91;44.34;44.34;42.81;44.34
10.11.2011 07:00;39.59;45.35;45.35;44.83;45.35
10.11.2011 08:00;39.91;46.26;46.26;44.95;46.26
10.11.2011 09:00;39.93;45.41;45.41;43.47;45.41
10.11.2011 10:00;39.94;45.12;45.12;42.97;45.12
10.11.2011 11:00;39.93;44.62;44.62;44.44;44.62
10.11.2011 12:00;39.93;44.86;44.86;44.93;44.86
10.11.2011 13:00;39.90;44.38;44.38;44.45;44.38
10.11.2011 14:00;39.98;44.52;44.52;44.10;44.52
10.11.2011 15:00;40.03;44.37;42.87;44.72;44.37
10.11.2011 16:00;40.09;44.90;44.90;45.91;44.90
10.11.2011 17:00;40.00;45.12;45.12;45.68;45.12
10.11.2011 18:00;39.97;44.97;44.97;45.15;44.97
10.11.2011 19:00;39.85;44.73;44.73;43.60;44.73
10.11.2011 20:00;39.71;44.80;44.80;42.78;44.80
10.11.2011 21:00;39.55;43.54;43.54;42.99;43.54
10.11.2011 22:00;39.27;42.23;42.21;42.23;42.23
10.11.2011 23:00;38.93;40.87;40.85;40.87;40.87
11.11.2011 00:00;39.14;41.09;40.93;41.09;41.09
11.11.2011 01:00;38.99;39.87;39.87;39.87;39.87
11.11.2011 02:00;38.96;39.78;39.78;39.78;39.78
11.11.2011 03:00;38.97;40.00;40.00;40.00;40.00
11.11.2011 04:00;39.03;39.57;39.57;39.57;39.57
11.11.2011 05:00;39.16;41.35;40.89;41.35;41.35
11.11.2011 06:00;39.59;44.42;43.87;45.08;44.42
11.11.2011 07:00;39.98;47.03;43.82;47.48;47.03
11.11.2011 08:00;40.37;50.70;43.59;45.35;50.70
11.11.2011 09:00;40.41;47.50;42.90;44.75;47.50
11.11.2011 10:00;40.25;46.47;43.86;44.22;46.47
11.11.2011 11:00;40.18;44.98;44.98;45.34;44.98
11.11.2011 12:00;40.09;44.83;44.83;45.00;44.83
11.11.2011 13:00;40.09;44.40;44.40;44.40;44.40
11.11.2011 14:00;40.10;44.01;44.01;44.01;44.01
11.11.2011 15:00;40.11;43.42;43.42;44.34;43.42
11.11.2011 16:00;39.97;43.76;43.76;46.98;43.76
11.11.2011 17:00;39.92;43.94;43.94;48.55;43.94
11.11.2011 18:00;39.85;43.86;43.86;46.33;43.86
11.11.2011 19:00;39.78;43.23;43.23;43.23;43.23
11.11.2011 20:00;39.64;42.95;42.95;42.95;42.95
11.11.2011 21:00;39.45;42.69;42.69;42.69;42.69
11.11.2011 22:00;39.24;42.07;42.07;42.07;42.07
11.11.2011 23:00;39.11;40.87;40.87;40.87;40.87
12.11.2011 00:00;38.98;40.96;40.96;40.96;40.96
12.11.2011 01:00;38.91;39.56;39.56;39.56;39.56
12.11.2011 02:00;37.71;37.71;37.71;37.71;37.71
12.11.2011 03:00;37.33;37.33;37.33;37.33;37.33
12.11.2011 04:00;37.86;37.86;37.86;37.86;37.86
12.11.2011 05:00;38.81;38.81;38.81;38.81;38.81
12.11.2011 06:00;38.93;40.21;40.21;40.21;40.21
12.11.2011 07:00;38.95;41.93;41.93;41.93;41.93
12.11.2011 08:00;39.11;42.78;42.78;42.78;42.78
12.11.2011 09:00;39.30;42.82;42.82;42.82;42.82
12.11.2011 10:00;39.43;42.90;42.90;42.90;42.90
12.11.2011 11:00;39.48;42.83;42.83;42.83;42.83
12.11.2011 12:00;39.31;42.07;42.07;42.07;42.07
12.11.2011 13:00;39.26;41.89;41.89;41.89;41.89
12.11.2011 14:00;39.29;42.23;42.23;42.23;42.23
12.11.2011 15:00;39.37;42.87;42.87;42.87;42.87
12.11.2011 16:00;39.44;44.44;44.44;44.44;44.44
12.11.2011 17:00;39.48;49.94;49.94;45.06;49.94
12.11.2011 18:00;39.49;49.78;49.78;44.18;49.78
12.11.2011 19:00;39.46;45.64;45.64;43.06;45.64
12.11.2011 20:00;39.35;43.96;43.96;42.59;43.96
12.11.2011 21:00;39.20;43.18;43.18;43.18;43.18
12.11.2011 22:00;39.06;43.21;43.21;43.21;43.21
12.11.2011 23:00;39.05;42.16;42.16;42.16;42.16
13.11.2011 00:00;39.07;42.87;42.87;42.87;42.87
13.11.2011 01:00;38.95;41.37;41.37;41.37;41.37
13.11.2011 02:00;38.91;39.34;39.34;39.34;39.34
13.11.2011 03:00;38.83;39.26;39.26;39.26;39.26
13.11.2011 04:00;38.83;39.45;39.45;39.45;39.45
13.11.2011 05:00;38.84;39.45;39.45;39.45;39.45
13.11.2011 06:00;38.87;38.87;38.87;38.87;38.87
13.11.2011 07:00;38.88;39.15;39.15;39.15;39.15
13.11.2011 08:00;38.94;40.19;40.19;40.19;40.19
13.11.2011 09:00;39.08;43.03;43.03;41.70;43.03
13.11.2011 10:00;39.21;44.07;44.07;41.94;44.07
13.11.2011 11:00;39.27;43.91;43.91;41.99;43.91
13.11.2011 12:00;39.32;43.87;43.87;41.95;43.87
13.11.2011 13:00;39.41;43.77;43.77;41.92;43.77
13.11.2011 14:00;39.56;42.84;42.84;41.67;42.84
13.11.2011 15:00;39.55;43.46;43.46;41.68;43.46
13.11.2011 16:00;39.60;46.49;46.49;43.39;46.49
13.11.2011 17:00;39.55;49.96;49.96;43.76;49.96
13.11.2011 18:00;39.54;49.25;49.25;43.87;49.25
13.11.2011 19:00;39.52;46.99;46.99;43.92;46.99
13.11.2011 20:00;39.53;44.59;44.59;43.46;44.59
13.11.2011 21:00;39.45;44.30;44.30;43.50;44.30
13.11.2011 22:00;39.34;43.23;43.23;42.47;43.23
13.11.2011 23:00;39.35;41.36;41.36;41.36;41.36
14.11.2011 00:00;39.39;41.71;41.71;41.71;41.71
14.11.2011 01:00;39.31;40.42;40.42;40.42;40.42
14.11.2011 02:00;39.03;39.03;39.03;39.03;39.03
14.11.2011 03:00;38.97;38.97;38.97;38.97;38.97
14.11.2011 04:00;39.28;39.92;39.92;39.92;39.92
14.11.2011 05:00;39.43;42.92;42.92;41.49;42.92
14.11.2011 06:00;39.90;44.46;44.46;42.79;44.46
14.11.2011 07:00;40.16;44.58;44.58;49.19;44.58
14.11.2011 08:00;40.23;45.01;45.01;44.85;45.01
14.11.2011 09:00;40.43;44.72;44.72;43.86;44.72
14.11.2011 10:00;40.41;44.49;44.49;43.90;44.49
14.11.2011 11:00;40.35;44.45;44.45;44.83;44.45
14.11.2011 12:00;40.16;44.40;44.40;45.92;44.40
14.11.2011 13:00;40.48;44.36;44.36;46.50;44.36
14.11.2011 14:00;40.52;44.37;44.37;47.05;44.37
14.11.2011 15:00;40.58;44.44;44.44;46.63;44.44
14.11.2011 16:00;40.59;44.62;44.62;47.29;44.62
14.11.2011 17:00;40.39;45.78;45.78;46.74;45.78
14.11.2011 18:00;40.28;45.32;45.32;44.64;45.32
14.11.2011 19:00;40.93;44.95;44.95;42.87;44.95
14.11.2011 20:00;40.66;45.06;45.06;42.34;45.06
14.11.2011 21:00;40.45;44.56;44.56;44.40;44.56
14.11.2011 22:00;39.99;43.64;43.64;43.64;43.64
14.11.2011 23:00;40.18;42.31;42.31;42.31;42.31
15.11.2011 00:00;40.22;42.42;42.42;42.42;42.42
15.11.2011 01:00;40.32;42.15;42.15;42.15;42.15
15.11.2011 02:00;40.21;42.08;42.08;41.93;42.08
15.11.2011 03:00;40.16;41.54;41.54;41.54;41.54
15.11.2011 04:00;40.31;42.09;42.09;42.09;42.09
15.11.2011 05:00;40.44;43.91;43.91;42.88;43.91
15.11.2011 06:00;40.35;44.67;44.67;40.35;44.67
15.11.2011 07:00;41.58;45.82;45.82;41.62;45.82
15.11.2011 08:00;44.38;46.20;46.20;44.38;46.20
15.11.2011 09:00;43.53;45.73;45.73;43.53;45.73
15.11.2011 10:00;42.61;45.07;45.07;42.61;45.07
15.11.2011 11:00;42.49;44.89;44.89;42.49;44.89
15.11.2011 12:00;42.21;44.70;44.70;42.21;44.70
15.11.2011 13:00;42.28;44.70;44.70;42.28;44.70
15.11.2011 14:00;41.71;44.71;44.71;41.91;44.71
15.11.2011 15:00;41.71;44.85;44.85;41.71;44.85
15.11.2011 16:00;41.87;45.40;45.40;41.96;45.40
15.11.2011 17:00;41.75;49.33;49.33;42.16;49.33
15.11.2011 18:00;41.71;48.01;48.01;41.82;48.01
15.11.2011 19:00;41.31;46.33;46.33;41.36;46.33
15.11.2011 20:00;40.95;45.58;45.58;44.91;45.58
15.11.2011 21:00;40.78;45.42;45.42;45.42;45.42
15.11.2011 22:00;40.37;44.09;44.09;43.96;44.09
15.11.2011 23:00;39.96;42.66;42.66;42.66;42.66
16.11.2011 00:00;39.03;42.56;42.56;41.83;42.56
16.11.2011 01:00;39.08;41.97;41.97;41.42;41.97
16.11.2011 02:00;38.89;41.80;41.80;41.31;41.80
16.11.2011 03:00;38.77;40.88;40.88;40.88;40.88
16.11.2011 04:00;38.81;41.50;41.50;41.28;41.50
16.11.2011 05:00;39.06;44.30;44.30;41.63;44.30
16.11.2011 06:00;39.06;45.95;45.95;39.06;45.95
16.11.2011 07:00;40.38;50.93;50.93;41.15;50.93
16.11.2011 08:00;40.95;48.91;48.91;41.82;48.91
16.11.2011 09:00;41.04;46.41;46.41;41.98;46.41
16.11.2011 10:00;40.98;46.27;46.27;41.94;46.27
16.11.2011 11:00;40.92;45.78;45.78;41.70;45.78
16.11.2011 12:00;40.85;46.07;46.07;41.47;46.07
16.11.2011 13:00;40.76;45.65;45.65;41.42;45.65
16.11.2011 14:00;40.79;45.55;45.55;41.55;45.55
16.11.2011 15:00;40.84;47.17;47.17;41.20;47.17
16.11.2011 16:00;40.85;50.71;50.71;41.56;50.71
16.11.2011 17:00;40.80;54.95;54.95;41.55;54.95
16.11.2011 18:00;41.05;46.22;46.22;41.47;46.22
16.11.2011 19:00;40.97;45.53;45.53;41.17;45.53
16.11.2011 20:00;40.76;44.77;44.77;43.51;44.77
16.11.2011 21:00;40.60;44.37;44.37;44.37;44.37
16.11.2011 22:00;40.22;43.98;43.98;43.98;43.98
16.11.2011 23:00;39.70;42.76;42.76;42.76;42.76
17.11.2011 00:00;40.33;42.69;42.69;42.69;42.69
17.11.2011 01:00;40.37;42.40;42.40;42.40;42.40
17.11.2011 02:00;40.28;42.45;42.45;42.23;42.45
17.11.2011 03:00;40.26;42.27;42.27;42.10;42.27
17.11.2011 04:00;40.33;42.95;42.95;42.43;42.95
17.11.2011 05:00;40.66;43.91;43.91;43.75;43.91
17.11.2011 06:00;40.33;45.90;45.90;40.33;45.90
17.11.2011 07:00;41.14;47.33;47.33;41.56;47.33
17.11.2011 08:00;41.65;47.24;47.24;42.18;47.24
17.11.2011 09:00;41.69;46.23;46.23;41.79;46.23
17.11.2011 10:00;41.53;46.15;46.15;41.71;46.15
17.11.2011 11:00;41.65;46.26;46.26;41.65;46.26
17.11.2011 12:00;41.64;45.99;45.99;41.64;45.99
17.11.2011 13:00;41.66;45.71;45.71;41.66;45.71
17.11.2011 14:00;41.68;45.72;45.72;41.68;45.72
17.11.2011 15:00;41.73;45.34;45.34;41.85;45.34
17.11.2011 16:00;41.70;46.30;46.30;42.18;46.30
17.11.2011 17:00;41.62;46.97;46.97;42.45;46.97
17.11.2011 18:00;41.51;48.01;48.01;42.31;48.01
17.11.2011 19:00;41.52;46.36;46.36;41.73;46.36
17.11.2011 20:00;41.40;45.82;45.82;45.82;45.82
17.11.2011 21:00;41.30;45.67;45.67;45.67;45.67
17.11.2011 22:00;41.00;44.56;44.56;44.56;44.56
17.11.2011 23:00;40.80;43.77;43.77;43.77;43.77
18.11.2011 00:00;40.44;42.95;42.95;42.95;42.95
18.11.2011 01:00;40.55;42.42;42.42;42.42;42.42
18.11.2011 02:00;40.45;41.96;41.96;41.96;41.96
18.11.2011 03:00;40.43;41.40;41.40;41.40;41.40
18.11.2011 04:00;40.56;41.14;41.14;41.14;41.14
18.11.2011 05:00;40.75;43.55;43.55;43.55;43.55
18.11.2011 06:00;41.08;44.64;44.64;48.03;44.64
18.11.2011 07:00;41.45;46.38;46.38;48.09;46.38
18.11.2011 08:00;41.76;50.84;50.84;47.68;50.84
18.11.2011 09:00;41.77;46.71;46.71;47.76;46.71
18.11.2011 10:00;41.71;45.80;45.80;47.55;45.80
18.11.2011 11:00;41.64;45.48;45.48;47.71;45.48
18.11.2011 12:00;41.53;45.49;45.49;46.45;45.49
18.11.2011 13:00;41.57;44.81;44.81;45.31;44.81
18.11.2011 14:00;41.66;44.50;44.50;44.77;44.50
18.11.2011 15:00;41.55;44.36;44.36;45.65;44.36
18.11.2011 16:00;41.55;44.71;44.71;45.59;44.71
18.11.2011 17:00;41.47;44.91;44.91;45.08;44.91
18.11.2011 18:00;41.38;44.81;44.81;44.81;44.81
18.11.2011 19:00;41.27;43.58;43.58;43.58;43.58
18.11.2011 20:00;41.46;42.66;42.66;42.66;42.66
18.11.2011 21:00;41.29;42.50;42.50;42.50;42.50
18.11.2011 22:00;41.05;42.09;42.09;42.09;42.09
18.11.2011 23:00;40.63;41.52;41.52;41.52;41.52
19.11.2011 00:00;40.33;41.00;41.00;41.00;41.00
19.11.2011 01:00;40.46;40.59;40.59;40.59;40.59
19.11.2011 02:00;40.28;40.33;40.33;40.33;40.33
19.11.2011 03:00;40.19;40.23;40.23;40.23;40.23
19.11.2011 04:00;40.21;40.41;40.41;40.41;40.41
19.11.2011 05:00;40.28;41.02;41.02;41.02;41.02
19.11.2011 06:00;40.19;41.76;41.76;41.76;41.76
19.11.2011 07:00;40.56;41.84;41.84;41.84;41.84
19.11.2011 08:00;40.91;42.01;42.01;42.01;42.01
19.11.2011 09:00;41.13;42.10;42.10;42.10;42.10
19.11.2011 10:00;41.30;42.40;42.40;42.40;42.40
19.11.2011 11:00;41.34;42.40;42.40;42.40;42.40
19.11.2011 12:00;41.14;42.34;42.34;42.34;42.34
19.11.2011 13:00;41.09;42.17;42.17;42.17;42.17
19.11.2011 14:00;41.12;42.20;42.20;42.20;42.20
19.11.2011 15:00;41.23;42.57;42.57;42.57;42.57
19.11.2011 16:00;41.35;42.89;42.89;44.63;42.89
19.11.2011 17:00;41.45;43.02;43.02;45.30;43.02
19.11.2011 18:00;41.51;43.01;43.01;43.94;43.01
19.11.2011 19:00;41.45;42.71;42.71;42.71;42.71
19.11.2011 20:00;41.31;42.46;42.46;42.46;42.46
19.11.2011 21:00;41.13;42.38;42.38;42.38;42.38
19.11.2011 22:00;40.92;42.37;42.37;42.37;42.37
19.11.2011 23:00;40.68;42.06;42.06;42.06;42.06
20.11.2011 00:00;39.70;41.91;41.91;41.91;41.91
20.11.2011 01:00;39.80;41.23;41.23;41.23;41.23
20.11.2011 02:00;39.72;41.00;41.00;41.00;41.00
20.11.2011 03:00;39.70;40.97;40.97;40.97;40.97
20.11.2011 04:00;39.66;40.04;40.04;40.04;40.04
20.11.2011 05:00;39.51;39.51;39.51;39.51;39.51
20.11.2011 06:00;39.52;40.80;40.80;40.80;40.80
20.11.2011 07:00;39.61;40.92;40.92;40.92;40.92
20.11.2011 08:00;39.78;41.64;41.64;41.64;41.64
20.11.2011 09:00;39.96;41.95;41.95;41.66;41.95
20.11.2011 10:00;40.17;42.12;42.12;41.97;42.12
20.11.2011 11:00;40.30;42.27;42.27;42.05;42.27
20.11.2011 12:00;40.41;42.31;42.31;42.00;42.31
20.11.2011 13:00;40.60;42.21;42.21;41.77;42.21
20.11.2011 14:00;40.87;42.39;42.39;41.96;42.39
20.11.2011 15:00;40.94;42.55;42.55;42.55;42.55
20.11.2011 16:00;40.91;42.70;42.70;42.70;42.70
20.11.2011 17:00;40.82;42.72;42.72;42.72;42.72
20.11.2011 18:00;40.82;42.71;42.71;42.71;42.71
20.11.2011 19:00;40.89;42.58;42.58;42.58;42.58
20.11.2011 20:00;40.92;42.52;42.52;42.52;42.52
20.11.2011 21:00;40.81;42.50;42.50;42.50;42.50
20.11.2011 22:00;40.60;42.32;42.32;42.32;42.32
20.11.2011 23:00;40.33;41.97;41.97;41.97;41.97
21.11.2011 00:00;39.61;40.31;40.31;40.31;40.31
21.11.2011 01:00;39.67;39.76;39.76;39.76;39.76
21.11.2011 02:00;39.63;39.82;39.82;39.82;39.82
21.11.2011 03:00;39.63;39.87;39.87;39.87;39.87
21.11.2011 04:00;39.69;40.03;40.03;40.03;40.03
21.11.2011 05:00;39.78;42.04;42.04;42.04;42.04
21.11.2011 06:00;39.98;42.20;42.20;44.59;42.20
21.11.2011 07:00;42.52;42.84;42.84;43.54;42.84
21.11.2011 08:00;42.96;42.80;42.80;42.96;42.80
21.11.2011 09:00;42.63;42.63;42.63;42.63;42.63
21.11.2011 10:00;43.02;42.69;42.69;43.02;42.69
21.11.2011 11:00;43.52;42.56;42.56;43.52;42.56
21.11.2011 12:00;44.55;42.55;42.55;44.55;42.55
21.11.2011 13:00;43.67;42.57;42.57;43.67;42.57
21.11.2011 14:00;43.41;42.61;42.61;43.41;42.61
21.11.2011 15:00;43.20;42.75;42.75;44.99;42.75
21.11.2011 16:00;43.06;42.82;42.82;43.47;42.82
21.11.2011 17:00;41.57;42.85;42.85;43.49;42.85
21.11.2011 18:00;40.99;42.83;42.83;43.25;42.83
21.11.2011 19:00;40.87;42.65;42.65;42.65;42.65
21.11.2011 20:00;40.75;42.10;42.10;42.10;42.10
21.11.2011 21:00;40.47;42.08;42.08;42.08;42.08
21.11.2011 22:00;40.08;41.66;41.66;41.66;41.66
21.11.2011 23:00;39.78;41.09;41.09;41.09;41.09
22.11.2011 00:00;40.18;40.38;38.88;40.38;40.38
22.11.2011 01:00;40.01;40.01;38.66;40.01;40.01
22.11.2011 02:00;39.94;39.94;38.56;39.94;39.94
22.11.2011 03:00;40.01;40.14;38.60;40.14;40.14
22.11.2011 04:00;40.02;40.50;38.65;40.50;40.50
22.11.2011 05:00;40.23;41.26;38.84;42.51;41.26
22.11.2011 06:00;40.51;41.54;40.22;44.33;41.54
22.11.2011 07:00;41.51;42.15;42.12;43.20;42.15
22.11.2011 08:00;43.12;42.50;41.79;43.12;42.50
22.11.2011 09:00;42.32;42.32;41.56;42.32;42.32
22.11.2011 10:00;42.25;42.05;41.14;42.25;42.05
22.11.2011 11:00;42.55;41.99;40.91;42.55;41.99
22.11.2011 12:00;42.59;41.99;41.99;42.59;41.99
22.11.2011 13:00;42.21;41.93;41.93;42.21;41.93
22.11.2011 14:00;41.91;41.91;41.91;41.91;41.91
22.11.2011 15:00;44.01;41.99;40.76;44.01;41.99
22.11.2011 16:00;44.54;42.17;41.16;44.54;42.17
22.11.2011 17:00;41.83;42.15;41.26;43.08;42.15
22.11.2011 18:00;41.67;42.16;40.79;42.90;42.16
22.11.2011 19:00;41.60;41.80;40.64;41.80;41.80
22.11.2011 20:00;41.27;41.27;39.32;41.27;41.27
22.11.2011 21:00;41.01;41.07;40.03;41.07;41.07
22.11.2011 22:00;40.69;40.77;40.27;40.77;40.77
22.11.2011 23:00;40.19;40.19;38.97;40.19;40.19
23.11.2011 00:00;38.53;40.06;38.70;40.06;40.06
23.11.2011 01:00;38.34;39.16;38.33;39.16;39.16
23.11.2011 02:00;38.26;39.14;38.21;39.14;39.14
23.11.2011 03:00;38.26;39.49;38.18;39.49;39.49
23.11.2011 04:00;38.32;40.08;38.24;40.08;40.08
23.11.2011 05:00;38.49;41.17;38.50;40.47;41.17
23.11.2011 06:00;38.95;41.36;39.63;42.20;41.36
23.11.2011 07:00;40.83;41.51;40.76;42.21;41.51
23.11.2011 08:00;42.10;41.55;40.27;42.10;41.55
23.11.2011 09:00;41.15;41.15;38.93;41.15;41.15
23.11.2011 10:00;41.04;41.04;38.84;41.04;41.04
23.11.2011 11:00;41.13;41.13;38.73;41.13;41.13
23.11.2011 12:00;41.01;41.01;38.75;41.01;41.01
23.11.2011 13:00;40.92;40.92;38.84;40.92;40.92
23.11.2011 14:00;40.94;40.94;38.74;40.94;40.94
23.11.2011 15:00;42.46;41.22;38.53;42.46;41.22
23.11.2011 16:00;43.02;41.47;38.62;43.02;41.47
23.11.2011 17:00;42.51;41.47;38.62;42.51;41.47
23.11.2011 18:00;40.27;41.35;38.38;41.35;41.35
23.11.2011 19:00;39.91;40.83;38.36;40.83;40.83
23.11.2011 20:00;39.82;40.11;38.37;40.11;40.11
23.11.2011 21:00;39.41;39.41;38.31;39.41;39.41
23.11.2011 22:00;38.94;38.94;37.97;38.94;38.94
23.11.2011 23:00;37.85;37.85;36.98;37.85;37.85
24.11.2011 00:00;36.91;36.91;36.80;36.91;36.91
24.11.2011 01:00;36.34;36.34;36.34;36.34;36.34
24.11.2011 02:00;36.21;36.21;36.21;36.21;36.21
24.11.2011 03:00;36.39;36.39;36.39;36.39;36.39
24.11.2011 04:00;36.96;36.96;36.58;36.96;36.96
24.11.2011 05:00;38.01;38.01;36.69;38.01;38.01
24.11.2011 06:00;38.98;39.82;37.51;39.53;39.82
24.11.2011 07:00;39.91;40.72;38.62;40.94;40.72
24.11.2011 08:00;40.85;40.94;39.17;40.94;40.94
24.11.2011 09:00;40.37;40.37;38.87;40.37;40.37
24.11.2011 10:00;40.22;40.22;38.70;40.22;40.22
24.11.2011 11:00;40.41;40.41;38.55;40.41;40.41
24.11.2011 12:00;40.42;40.42;39.63;40.42;40.42
24.11.2011 13:00;40.29;40.29;39.56;40.29;40.29
24.11.2011 14:00;40.93;40.37;39.59;40.93;40.37
24.11.2011 15:00;43.09;40.55;38.59;43.09;40.55
24.11.2011 16:00;41.73;41.21;39.04;41.73;41.21
24.11.2011 17:00;42.04;41.16;38.89;42.39;41.16
24.11.2011 18:00;40.19;40.94;38.57;40.94;40.94
24.11.2011 19:00;40.12;40.44;38.37;40.44;40.44
24.11.2011 20:00;39.73;39.73;38.24;39.73;39.73
24.11.2011 21:00;39.30;39.30;37.75;39.30;39.30
24.11.2011 22:00;38.65;38.65;37.76;38.65;38.65
24.11.2011 23:00;37.32;37.32;36.97;37.32;37.32
25.11.2011 00:00;35.34;35.34;35.34;35.34;35.34
25.11.2011 01:00;34.17;34.17;34.17;34.17;34.17
25.11.2011 02:00;33.59;33.59;33.59;33.59;33.59
25.11.2011 03:00;33.96;33.96;33.96;33.96;33.96
25.11.2011 04:00;35.07;35.07;35.07;35.07;35.07
25.11.2011 05:00;35.93;35.93;35.93;35.93;35.93
25.11.2011 06:00;38.20;38.20;37.94;38.20;38.20
25.11.2011 07:00;39.20;39.20;39.20;39.20;39.20
25.11.2011 08:00;38.97;38.97;38.97;38.97;38.97
25.11.2011 09:00;38.67;38.67;38.67;38.67;38.67
25.11.2011 10:00;38.69;38.69;38.69;38.69;38.69
25.11.2011 11:00;38.88;38.88;38.88;38.88;38.88
25.11.2011 12:00;38.85;38.85;38.85;38.85;38.85
25.11.2011 13:00;38.96;38.96;38.96;38.96;38.96
25.11.2011 14:00;38.95;38.95;38.49;38.95;38.95
25.11.2011 15:00;39.27;39.27;37.87;39.27;39.27
25.11.2011 16:00;39.55;40.05;38.93;39.55;40.05
25.11.2011 17:00;39.51;40.29;38.52;39.51;40.29
25.11.2011 18:00;39.44;39.44;39.09;39.44;39.44
25.11.2011 19:00;38.52;38.52;38.52;38.52;38.52
25.11.2011 20:00;37.35;37.35;37.35;37.35;37.35
25.11.2011 21:00;36.78;36.78;36.78;36.78;36.78
25.11.2011 22:00;36.50;36.50;36.50;36.50;36.50
25.11.2011 23:00;35.28;35.28;35.28;35.28;35.28
26.11.2011 00:00;33.87;33.87;33.87;33.87;33.87
26.11.2011 01:00;32.03;32.03;32.03;32.03;32.03
26.11.2011 02:00;31.02;31.02;31.02;31.02;31.02
26.11.2011 03:00;30.74;30.74;30.74;30.74;30.74
26.11.2011 04:00;31.50;31.50;31.50;31.50;31.50
26.11.2011 05:00;32.71;32.71;32.71;32.71;32.71
26.11.2011 06:00;34.32;34.32;34.32;34.32;34.32
26.11.2011 07:00;34.40;34.40;34.40;34.40;34.40
26.11.2011 08:00;34.94;34.94;34.94;34.94;34.94
26.11.2011 09:00;35.69;35.69;35.69;35.69;35.69
26.11.2011 10:00;36.02;36.02;36.02;36.02;36.02
26.11.2011 11:00;36.18;36.18;36.18;36.18;36.18
26.11.2011 12:00;35.67;35.67;35.67;35.67;35.67
26.11.2011 13:00;35.37;35.37;35.37;35.37;35.37
26.11.2011 14:00;35.68;35.68;35.68;35.68;35.68
26.11.2011 15:00;36.96;36.96;36.96;36.96;36.96
26.11.2011 16:00;37.74;37.74;37.74;37.74;37.74
26.11.2011 17:00;38.18;38.18;38.18;38.18;38.18
26.11.2011 18:00;37.66;37.66;37.66;37.66;37.66
26.11.2011 19:00;36.60;36.60;36.60;36.60;36.60
26.11.2011 20:00;35.67;35.67;35.67;35.67;35.67
26.11.2011 21:00;35.22;35.22;35.22;35.22;35.22
26.11.2011 22:00;34.52;34.52;34.52;34.52;34.52
26.11.2011 23:00;32.33;32.33;32.33;32.33;32.33
27.11.2011 00:00;30.18;30.18;30.18;30.18;30.18
27.11.2011 01:00;26.26;26.26;26.26;26.26;26.26
27.11.2011 02:00;21.82;21.82;21.82;21.82;21.82
27.11.2011 03:00;20.29;20.29;20.29;20.29;20.29
27.11.2011 04:00;24.96;24.96;24.96;24.96;24.96
27.11.2011 05:00;23.06;23.06;23.06;23.06;23.06
27.11.2011 06:00;24.27;24.27;24.27;24.27;24.27
27.11.2011 07:00;25.54;25.54;25.54;25.54;25.54
27.11.2011 08:00;30.32;30.32;30.32;30.32;30.32
27.11.2011 09:00;34.43;34.43;34.43;34.43;34.43
27.11.2011 10:00;34.90;34.90;34.90;34.90;34.90
27.11.2011 11:00;35.41;35.41;35.41;35.41;35.41
27.11.2011 12:00;35.57;35.57;35.57;35.57;35.57
27.11.2011 13:00;34.78;34.78;34.78;34.78;34.78
27.11.2011 14:00;34.48;34.48;34.48;34.48;34.48
27.11.2011 15:00;35.32;35.32;35.32;35.32;35.32
27.11.2011 16:00;37.93;37.93;37.93;37.93;37.93
27.11.2011 17:00;38.59;38.59;38.59;38.59;38.59
27.11.2011 18:00;38.07;38.07;38.07;38.07;38.07
27.11.2011 19:00;37.57;37.57;37.57;37.57;37.57
27.11.2011 20:00;36.95;36.95;36.95;36.95;36.95
27.11.2011 21:00;36.05;36.05;36.05;36.05;36.05
27.11.2011 22:00;34.85;34.85;34.85;34.85;34.85
27.11.2011 23:00;34.06;34.06;34.06;34.06;34.06
28.11.2011 00:00;26.42;26.42;26.42;26.42;26.42
28.11.2011 01:00;26.61;26.61;26.61;26.61;26.61
28.11.2011 02:00;32.53;32.53;32.53;32.53;32.53
28.11.2011 03:00;33.30;33.30;33.30;33.30;33.30
28.11.2011 04:00;34.04;34.04;34.04;34.04;34.04
28.11.2011 05:00;35.39;35.39;35.39;35.39;35.39
28.11.2011 06:00;37.45;37.20;37.20;37.45;37.20
28.11.2011 07:00;40.88;38.86;38.86;40.88;38.86
28.11.2011 08:00;40.83;38.68;38.68;40.83;38.68
28.11.2011 09:00;40.99;38.46;38.46;40.99;38.46
28.11.2011 10:00;40.78;38.33;38.33;40.78;38.33
28.11.2011 11:00;41.81;38.21;38.21;41.81;38.21
28.11.2011 12:00;42.64;38.16;38.16;42.64;38.16
28.11.2011 13:00;40.78;38.11;38.11;40.78;38.11
28.11.2011 14:00;42.81;38.14;38.14;42.81;38.14
28.11.2011 15:00;44.87;38.31;38.31;44.87;38.31
28.11.2011 16:00;48.15;38.52;38.52;48.15;38.52
28.11.2011 17:00;47.89;38.57;38.57;47.89;38.57
28.11.2011 18:00;42.04;38.32;38.32;42.04;38.32
28.11.2011 19:00;39.62;38.18;38.18;39.62;38.18
28.11.2011 20:00;38.02;37.69;37.69;38.02;37.69
28.11.2011 21:00;37.43;36.92;36.92;37.43;36.92
28.11.2011 22:00;36.14;36.14;36.14;36.14;36.14
28.11.2011 23:00;34.52;34.52;34.52;34.52;34.52
29.11.2011 00:00;34.61;34.61;34.61;34.61;34.61
29.11.2011 01:00;33.52;33.52;33.52;33.52;33.52
29.11.2011 02:00;33.28;33.28;33.28;33.28;33.28
29.11.2011 03:00;33.66;33.66;33.66;33.66;33.66
29.11.2011 04:00;34.13;34.13;34.13;34.13;34.13
29.11.2011 05:00;35.22;35.22;35.22;35.22;35.22
29.11.2011 06:00;37.51;36.96;36.96;38.03;36.96
29.11.2011 07:00;40.48;38.43;38.43;40.48;38.43
29.11.2011 08:00;39.58;38.56;38.56;39.58;38.56
29.11.2011 09:00;38.28;37.90;37.90;38.28;37.90
29.11.2011 10:00;38.53;37.73;37.73;38.53;37.73
29.11.2011 11:00;38.73;37.58;37.58;38.73;37.58
29.11.2011 12:00;38.71;37.40;37.40;38.71;37.40
29.11.2011 13:00;38.71;37.32;36.82;38.71;37.32
29.11.2011 14:00;38.97;37.30;37.13;38.97;37.30
29.11.2011 15:00;40.78;37.53;37.53;40.78;37.53
29.11.2011 16:00;41.33;37.74;37.74;41.33;37.74
29.11.2011 17:00;40.95;37.66;37.66;40.95;37.66
29.11.2011 18:00;39.06;37.49;37.49;39.06;37.49
29.11.2011 19:00;37.97;37.21;37.13;37.97;37.21
29.11.2011 20:00;36.54;36.54;36.54;36.54;36.54
29.11.2011 21:00;35.87;35.87;35.87;35.87;35.87
29.11.2011 22:00;34.75;34.75;34.75;34.75;34.75
29.11.2011 23:00;32.91;32.91;32.91;32.91;32.91
30.11.2011 00:00;31.72;31.72;31.72;31.72;31.72
30.11.2011 01:00;27.91;27.91;27.91;27.91;27.91
30.11.2011 02:00;26.93;26.93;26.93;26.93;26.93
30.11.2011 03:00;28.65;28.65;28.65;28.65;28.65
30.11.2011 04:00;31.55;31.55;31.55;31.55;31.55
30.11.2011 05:00;34.02;34.02;34.02;34.02;34.02
30.11.2011 06:00;35.51;35.51;35.51;35.51;35.51
30.11.2011 07:00;37.38;37.41;37.41;37.38;37.41
30.11.2011 08:00;37.47;37.47;37.47;37.47;37.47
30.11.2011 09:00;37.32;37.32;37.32;37.32;37.32
30.11.2011 10:00;37.24;37.24;37.24;37.24;37.24
30.11.2011 11:00;37.12;37.12;37.12;37.12;37.12
30.11.2011 12:00;37.37;37.37;37.37;37.37;37.37
30.11.2011 13:00;37.38;37.38;37.38;37.38;37.38
30.11.2011 14:00;37.63;37.63;37.63;37.63;37.63
30.11.2011 15:00;37.83;38.27;38.27;37.83;38.27
30.11.2011 16:00;37.85;38.88;38.88;37.85;38.88
30.11.2011 17:00;37.64;39.14;39.14;37.64;39.14
30.11.2011 18:00;37.62;38.22;38.22;37.62;38.22
30.11.2011 19:00;37.43;37.43;37.43;37.43;37.43
30.11.2011 20:00;36.55;36.55;36.55;36.55;36.55
30.11.2011 21:00;36.06;36.06;36.06;36.06;36.06
30.11.2011 22:00;35.21;35.21;35.21;35.21;35.21
30.11.2011 23:00;33.90;33.90;33.90;33.90;33.90
01.12.2011 00:00;32.50;32.50;32.50;32.50;32.50
01.12.2011 01:00;29.49;29.49;29.49;29.49;29.49
01.12.2011 02:00;29.09;29.09;29.09;29.09;29.09
01.12.2011 03:00;29.68;29.68;29.68;29.68;29.68
01.12.2011 04:00;31.45;31.45;31.45;31.45;31.45
01.12.2011 05:00;34.15;34.15;34.15;34.15;34.15
01.12.2011 06:00;35.64;35.64;35.64;35.64;35.64
01.12.2011 07:00;37.36;37.36;37.36;37.36;37.36
01.12.2011 08:00;37.36;37.36;37.36;37.36;37.36
01.12.2011 09:00;36.92;36.92;36.92;36.92;36.92
01.12.2011 10:00;36.81;36.81;36.81;36.81;36.81
01.12.2011 11:00;36.96;36.96;36.96;36.96;36.96
01.12.2011 12:00;36.91;36.91;36.91;36.91;36.91
01.12.2011 13:00;36.84;36.84;36.84;36.84;36.84
01.12.2011 14:00;37.12;37.12;37.12;37.12;37.12
01.12.2011 15:00;38.15;38.15;38.15;38.15;38.15
01.12.2011 16:00;38.92;38.92;38.92;38.92;38.92
01.12.2011 17:00;38.80;39.00;39.00;39.00;39.00
01.12.2011 18:00;37.87;37.87;37.87;37.87;37.87
01.12.2011 19:00;37.38;37.38;37.38;37.38;37.38
01.12.2011 20:00;36.89;36.89;36.89;36.89;36.89
01.12.2011 21:00;36.61;36.61;36.61;36.61;36.61
01.12.2011 22:00;36.22;36.22;36.22;36.22;36.22
01.12.2011 23:00;35.01;35.01;35.01;35.01;35.01
02.12.2011 00:00;34.49;34.49;34.49;34.49;34.49
02.12.2011 01:00;34.05;34.05;34.05;34.05;34.05
02.12.2011 02:00;34.11;34.11;34.11;34.11;34.11
02.12.2011 03:00;34.54;34.54;34.54;34.54;34.54
02.12.2011 04:00;35.13;35.13;35.13;35.13;35.13
02.12.2011 05:00;36.36;36.63;36.63;36.36;36.63
02.12.2011 06:00;37.18;37.18;37.18;37.18;37.18
02.12.2011 07:00;38.76;39.05;39.05;38.76;39.05
02.12.2011 08:00;39.21;39.21;39.21;39.21;39.21
02.12.2011 09:00;38.94;38.94;38.94;38.94;38.94
02.12.2011 10:00;38.81;38.81;38.81;38.81;38.81
02.12.2011 11:00;38.88;38.88;38.88;38.88;38.88
02.12.2011 12:00;38.94;38.94;38.94;38.94;38.94
02.12.2011 13:00;39.04;39.04;39.04;39.04;39.04
02.12.2011 14:00;39.40;39.40;39.40;39.40;39.40
02.12.2011 15:00;40.09;39.61;39.61;40.09;39.61
02.12.2011 16:00;40.00;39.75;39.75;40.00;39.75
02.12.2011 17:00;39.57;39.57;39.57;39.57;39.57
02.12.2011 18:00;39.20;39.20;39.20;39.20;39.20
02.12.2011 19:00;38.81;38.81;38.81;38.81;38.81
02.12.2011 20:00;38.07;38.07;38.07;38.07;38.07
02.12.2011 21:00;37.48;37.48;37.48;37.48;37.48
02.12.2011 22:00;36.67;36.67;36.67;36.67;36.67
02.12.2011 23:00;35.61;35.61;35.61;35.61;35.61
03.12.2011 00:00;35.55;35.55;35.55;35.55;35.55
03.12.2011 01:00;34.58;34.58;34.58;34.58;34.58
03.12.2011 02:00;34.17;34.17;34.17;34.17;34.17
03.12.2011 03:00;33.44;33.44;33.44;33.44;33.44
03.12.2011 04:00;32.65;32.65;32.65;32.65;32.65
03.12.2011 05:00;33.22;33.22;33.22;33.22;33.22
03.12.2011 06:00;33.93;33.93;33.93;33.93;33.93
03.12.2011 07:00;34.45;34.45;34.45;34.45;34.45
03.12.2011 08:00;34.51;34.51;34.51;34.51;34.51
03.12.2011 09:00;35.11;35.11;35.11;35.11;35.11
03.12.2011 10:00;35.53;35.53;35.53;35.53;35.53
03.12.2011 11:00;35.46;35.46;35.46;35.46;35.46
03.12.2011 12:00;35.36;35.36;35.36;35.36;35.36
03.12.2011 13:00;35.06;35.06;35.06;35.06;35.06
03.12.2011 14:00;35.27;35.27;35.27;35.27;35.27
03.12.2011 15:00;36.06;36.06;36.06;36.06;36.06
03.12.2011 16:00;37.31;37.31;37.31;37.31;37.31
03.12.2011 17:00;37.80;37.80;37.80;37.80;37.80
03.12.2011 18:00;37.24;37.24;37.24;37.24;37.24
03.12.2011 19:00;36.10;36.10;36.10;36.10;36.10
03.12.2011 20:00;34.91;34.91;34.91;34.91;34.91
03.12.2011 21:00;34.53;34.53;34.53;34.53;34.53
03.12.2011 22:00;33.81;33.81;33.81;33.81;33.81
03.12.2011 23:00;32.94;32.94;32.94;32.94;32.94
04.12.2011 00:00;32.08;32.08;32.08;32.08;32.08
04.12.2011 01:00;23.78;23.78;23.78;23.78;23.78
04.12.2011 02:00;19.93;19.93;19.93;19.93;19.93
04.12.2011 03:00;18.93;18.93;18.93;18.93;18.93
04.12.2011 04:00;16.67;16.67;16.67;16.67;16.67
04.12.2011 05:00;14.10;14.10;14.10;14.10;14.10
04.12.2011 06:00;19.37;19.37;19.37;19.37;19.37
04.12.2011 07:00;26.75;26.75;26.75;26.75;26.75
04.12.2011 08:00;30.93;30.93;30.93;30.93;30.93
04.12.2011 09:00;34.04;34.04;34.04;34.04;34.04
04.12.2011 10:00;34.66;34.66;34.66;34.66;34.66
04.12.2011 11:00;35.11;35.11;35.11;35.11;35.11
04.12.2011 12:00;35.14;35.14;35.14;35.14;35.14
04.12.2011 13:00;35.31;35.31;35.31;35.31;35.31
04.12.2011 14:00;35.76;35.76;35.76;35.76;35.76
04.12.2011 15:00;36.67;36.67;36.67;36.67;36.67
04.12.2011 16:00;37.65;37.65;37.65;37.65;37.65
04.12.2011 17:00;38.25;38.25;38.25;38.25;38.25
04.12.2011 18:00;38.10;38.10;38.10;38.10;38.10
04.12.2011 19:00;37.77;37.77;37.77;37.77;37.77
04.12.2011 20:00;37.10;37.10;37.10;37.10;37.10
04.12.2011 21:00;36.91;36.91;36.91;36.91;36.91
04.12.2011 22:00;36.02;36.02;36.02;36.02;36.02
04.12.2011 23:00;34.72;34.72;34.72;34.72;34.72
05.12.2011 00:00;35.73;35.73;35.73;35.73;35.73
05.12.2011 01:00;34.14;34.14;34.14;34.14;34.14
05.12.2011 02:00;29.32;29.32;29.32;29.32;29.32
05.12.2011 03:00;29.83;29.83;29.83;29.83;29.83
05.12.2011 04:00;31.49;31.49;31.49;31.49;31.49
05.12.2011 05:00;35.74;35.74;35.74;35.74;35.74
05.12.2011 06:00;38.06;38.06;38.06;38.06;38.06
05.12.2011 07:00;39.76;39.53;39.53;39.76;39.53
05.12.2011 08:00;39.50;39.50;39.50;39.50;39.50
05.12.2011 09:00;39.23;39.23;39.23;39.23;39.23
05.12.2011 10:00;37.52;39.38;39.38;39.48;39.38
05.12.2011 11:00;37.63;39.33;39.33;39.56;39.33
05.12.2011 12:00;37.49;39.22;39.22;39.22;39.22
05.12.2011 13:00;37.73;39.23;39.23;39.23;39.23
05.12.2011 14:00;37.83;39.60;39.52;39.81;39.52
05.12.2011 15:00;37.56;39.76;39.60;43.76;39.60
05.12.2011 16:00;40.95;40.95;40.95;40.95;40.95
05.12.2011 17:00;41.28;41.28;41.28;41.28;41.28
05.12.2011 18:00;39.68;39.68;39.63;39.68;39.68
05.12.2011 19:00;39.01;39.01;39.01;39.01;39.01
05.12.2011 20:00;38.19;38.19;38.19;38.19;38.19
05.12.2011 21:00;37.92;37.92;37.92;37.92;37.92
05.12.2011 22:00;36.83;36.83;36.83;36.83;36.83
05.12.2011 23:00;36.12;36.12;36.12;36.12;36.12
06.12.2011 00:00;35.91;35.91;35.91;35.91;35.91
06.12.2011 01:00;35.40;35.40;35.40;35.40;35.40
06.12.2011 02:00;35.44;35.44;35.44;35.44;35.44
06.12.2011 03:00;34.78;34.78;34.78;34.78;34.78
06.12.2011 04:00;34.92;34.92;34.92;34.92;34.92
06.12.2011 05:00;36.47;36.47;36.47;36.47;36.47
06.12.2011 06:00;37.76;37.76;37.76;37.76;37.76
06.12.2011 07:00;39.48;39.48;39.48;39.48;39.48
06.12.2011 08:00;39.60;40.03;40.03;39.60;40.03
06.12.2011 09:00;38.91;39.93;39.93;38.91;39.93
06.12.2011 10:00;38.93;39.66;39.66;38.93;39.66
06.12.2011 11:00;39.65;39.65;39.65;39.65;39.65
06.12.2011 12:00;39.57;39.57;39.57;39.57;39.57
06.12.2011 13:00;39.61;39.61;39.61;39.61;39.61
06.12.2011 14:00;39.66;39.66;39.66;39.66;39.66
06.12.2011 15:00;40.03;40.03;40.03;40.03;40.03
06.12.2011 16:00;40.51;40.51;40.51;40.51;40.51
06.12.2011 17:00;40.47;40.47;40.47;40.47;40.47
06.12.2011 18:00;39.63;39.63;39.63;39.63;39.63
06.12.2011 19:00;38.69;38.69;38.69;38.69;38.69
06.12.2011 20:00;37.99;37.99;37.99;37.99;37.99
06.12.2011 21:00;37.78;37.78;37.78;37.78;37.78
06.12.2011 22:00;37.26;37.26;37.26;37.26;37.26
06.12.2011 23:00;36.23;36.23;36.23;36.23;36.23
07.12.2011 00:00;35.41;35.41;35.41;35.41;35.41
07.12.2011 01:00;34.98;34.98;34.98;34.98;34.98
07.12.2011 02:00;34.98;34.98;34.98;34.98;34.98
07.12.2011 03:00;34.75;34.75;34.75;34.75;34.75
07.12.2011 04:00;35.00;35.00;35.00;35.00;35.00
07.12.2011 05:00;36.90;36.90;36.90;36.90;36.90
07.12.2011 06:00;38.60;38.60;38.60;38.60;38.60
07.12.2011 07:00;43.50;39.67;39.67;43.50;39.67
07.12.2011 08:00;43.60;39.96;39.96;43.60;39.96
07.12.2011 09:00;40.64;39.86;39.86;40.64;39.86
07.12.2011 10:00;39.89;39.89;39.89;39.89;39.89
07.12.2011 11:00;42.04;39.94;39.94;42.04;39.94
07.12.2011 12:00;41.60;39.64;39.64;41.60;39.64
07.12.2011 13:00;41.56;39.60;39.60;41.56;39.60
07.12.2011 14:00;42.64;39.66;39.66;42.64;39.66
07.12.2011 15:00;45.13;39.78;39.78;45.13;39.78
07.12.2011 16:00;49.04;39.96;39.96;49.04;39.96
07.12.2011 17:00;50.93;39.75;39.75;50.93;39.75
07.12.2011 18:00;43.06;39.62;39.62;43.06;39.62
07.12.2011 19:00;39.85;39.48;39.48;39.85;39.48
07.12.2011 20:00;39.09;39.09;39.09;39.09;39.09
07.12.2011 21:00;38.83;38.83;38.83;38.83;38.83
07.12.2011 22:00;38.02;38.02;38.02;38.02;38.02
07.12.2011 23:00;36.88;36.88;36.88;36.88;36.88
08.12.2011 00:00;35.01;35.06;35.06;35.01;35.06
08.12.2011 01:00;34.92;34.92;34.92;34.92;34.92
08.12.2011 02:00;33.57;33.57;33.57;33.57;33.57
08.12.2011 03:00;33.07;33.07;33.07;33.07;33.07
08.12.2011 04:00;34.43;34.43;34.43;34.43;34.43
08.12.2011 05:00;36.73;36.73;36.73;36.73;36.73
08.12.2011 06:00;39.24;39.24;39.24;39.24;39.24
08.12.2011 07:00;46.10;40.63;40.63;46.10;40.63
08.12.2011 08:00;46.57;42.43;42.43;46.57;42.43
08.12.2011 09:00;43.11;41.00;41.00;43.11;41.00
08.12.2011 10:00;42.38;40.64;40.64;42.38;40.64
08.12.2011 11:00;42.86;40.40;40.40;43.83;40.40
08.12.2011 12:00;44.89;40.23;40.23;44.89;40.23
08.12.2011 13:00;45.05;40.13;40.13;45.05;40.13
08.12.2011 14:00;44.08;40.35;40.35;44.08;40.35
08.12.2011 15:00;43.45;40.28;40.28;43.45;40.28
08.12.2011 16:00;44.44;40.59;40.59;44.44;40.59
08.12.2011 17:00;42.71;40.34;40.34;42.71;40.34
08.12.2011 18:00;39.58;39.58;39.58;39.58;39.58
08.12.2011 19:00;38.40;38.40;38.40;38.40;38.40
08.12.2011 20:00;37.46;37.46;37.46;37.46;37.46
08.12.2011 21:00;36.99;36.99;36.99;36.99;36.99
08.12.2011 22:00;36.06;36.06;36.06;36.06;36.06
08.12.2011 23:00;34.90;34.90;34.90;34.90;34.90
09.12.2011 00:00;30.58;34.19;34.19;30.58;34.19
09.12.2011 01:00;27.06;32.13;32.13;27.06;32.13
09.12.2011 02:00;26.60;29.32;29.32;26.60;29.32
09.12.2011 03:00;28.63;28.81;28.81;28.63;28.81
09.12.2011 04:00;29.97;29.97;29.97;29.97;29.97
09.12.2011 05:00;34.39;34.39;34.39;34.39;34.39
09.12.2011 06:00;36.47;36.47;36.47;36.47;36.47
09.12.2011 07:00;38.31;38.31;38.31;38.31;38.31
09.12.2011 08:00;38.80;38.80;38.80;38.80;38.80
09.12.2011 09:00;38.59;38.59;38.59;38.59;38.59
09.12.2011 10:00;38.47;38.47;38.47;38.47;38.47
09.12.2011 11:00;38.35;38.35;38.35;38.35;38.35
09.12.2011 12:00;38.06;38.06;38.06;38.06;38.06
09.12.2011 13:00;37.57;37.57;37.57;37.57;37.57
09.12.2011 14:00;37.74;37.74;37.74;37.74;37.74
09.12.2011 15:00;38.28;38.28;38.28;38.28;38.28
09.12.2011 16:00;38.55;38.55;38.55;38.55;38.55
09.12.2011 17:00;38.52;38.52;38.52;38.52;38.52
09.12.2011 18:00;37.61;37.61;37.61;37.61;37.61
09.12.2011 19:00;36.65;36.65;36.65;36.65;36.65
09.12.2011 20:00;35.88;35.88;35.88;35.88;35.88
09.12.2011 21:00;35.56;35.56;35.56;35.56;35.56
09.12.2011 22:00;35.05;35.05;35.05;35.05;35.05
09.12.2011 23:00;34.37;34.37;34.37;34.37;34.37
10.12.2011 00:00;33.60;33.81;33.81;33.60;33.81
10.12.2011 01:00;31.40;33.48;33.48;31.40;33.48
10.12.2011 02:00;30.38;33.54;33.54;30.38;33.54
10.12.2011 03:00;30.25;33.56;33.56;30.25;33.56
10.12.2011 04:00;31.53;33.17;33.17;31.53;33.17
10.12.2011 05:00;32.40;32.40;32.40;32.40;32.40
10.12.2011 06:00;33.02;33.02;33.02;33.02;33.02
10.12.2011 07:00;33.58;33.58;33.58;33.58;33.58
10.12.2011 08:00;33.90;33.90;33.90;33.90;33.90
10.12.2011 09:00;34.40;34.40;34.40;34.40;34.40
10.12.2011 10:00;34.85;34.85;34.85;34.85;34.85
10.12.2011 11:00;34.97;34.97;34.97;34.97;34.97
10.12.2011 12:00;34.79;34.79;34.79;34.79;34.79
10.12.2011 13:00;34.68;34.68;34.68;34.68;34.68
10.12.2011 14:00;34.96;34.96;34.96;34.96;34.96
10.12.2011 15:00;35.96;35.96;35.96;35.96;35.96
10.12.2011 16:00;36.63;36.63;36.63;36.63;36.63
10.12.2011 17:00;37.07;37.07;37.07;37.07;37.07
10.12.2011 18:00;36.47;36.47;36.47;36.47;36.47
10.12.2011 19:00;35.90;35.90;35.90;35.90;35.90
10.12.2011 20:00;35.24;35.24;35.24;35.24;35.24
10.12.2011 21:00;34.94;34.94;34.94;34.94;34.94
10.12.2011 22:00;34.49;34.49;34.49;34.49;34.49
10.12.2011 23:00;34.21;34.21;34.21;34.21;34.21
11.12.2011 00:00;34.32;34.32;34.32;34.32;34.32
11.12.2011 01:00;33.84;33.84;33.84;33.84;33.84
11.12.2011 02:00;32.62;33.61;33.61;32.62;33.61
11.12.2011 03:00;32.11;33.38;33.38;32.11;33.38
11.12.2011 04:00;34.06;34.06;34.06;34.06;34.06
11.12.2011 05:00;33.80;33.80;33.80;33.80;33.80
11.12.2011 06:00;34.81;34.81;34.81;34.81;34.81
11.12.2011 07:00;35.09;35.09;35.09;35.09;35.09
11.12.2011 08:00;35.22;35.22;35.22;35.22;35.22
11.12.2011 09:00;35.51;35.51;35.51;35.51;35.51
11.12.2011 10:00;36.01;36.01;36.01;36.01;36.01
11.12.2011 11:00;36.40;36.40;36.40;36.40;36.40
11.12.2011 12:00;36.51;36.51;36.51;36.51;36.51
11.12.2011 13:00;36.61;36.61;36.61;36.61;36.61
11.12.2011 14:00;36.91;36.91;36.91;36.91;36.91
11.12.2011 15:00;38.00;38.00;38.00;38.00;38.00
11.12.2011 16:00;38.57;38.57;38.57;38.57;38.57
11.12.2011 17:00;38.65;38.65;38.65;38.65;38.65
11.12.2011 18:00;38.22;38.22;38.22;38.22;38.22
11.12.2011 19:00;37.40;37.40;37.40;37.40;37.40
11.12.2011 20:00;36.69;36.69;36.69;36.69;36.69
11.12.2011 21:00;36.29;36.29;36.29;36.29;36.29
11.12.2011 22:00;35.42;35.42;35.42;35.42;35.42
11.12.2011 23:00;34.65;34.65;34.65;34.65;34.65
12.12.2011 00:00;34.49;34.49;34.49;34.49;34.49
12.12.2011 01:00;34.01;34.01;34.01;34.01;34.01
12.12.2011 02:00;33.94;33.94;33.94;33.94;33.94
12.12.2011 03:00;31.04;31.04;31.04;31.04;31.04
12.12.2011 04:00;32.24;32.24;32.24;32.24;32.24
12.12.2011 05:00;35.46;35.46;35.46;35.46;35.46
12.12.2011 06:00;37.28;37.28;37.28;37.28;37.28
12.12.2011 07:00;38.73;38.73;38.73;38.73;38.73
12.12.2011 08:00;39.34;39.34;39.34;39.34;39.34
12.12.2011 09:00;38.96;38.96;38.96;38.96;38.96
12.12.2011 10:00;38.94;38.94;38.94;38.94;38.94
12.12.2011 11:00;38.95;38.95;38.95;38.95;38.95
12.12.2011 12:00;38.93;38.93;38.93;38.93;38.93
12.12.2011 13:00;38.81;38.81;38.81;38.81;38.81
12.12.2011 14:00;38.97;38.97;38.97;38.97;38.97
12.12.2011 15:00;39.52;39.52;39.52;39.52;39.52
12.12.2011 16:00;39.95;39.89;39.89;39.95;39.89
12.12.2011 17:00;40.36;39.81;39.81;40.36;39.81
12.12.2011 18:00;38.99;38.99;38.99;38.99;38.99
12.12.2011 19:00;38.25;38.25;38.25;38.25;38.25
12.12.2011 20:00;37.07;37.07;37.07;37.07;37.07
12.12.2011 21:00;36.47;36.47;36.47;36.47;36.47
12.12.2011 22:00;35.48;35.48;35.48;35.48;35.48
12.12.2011 23:00;34.41;34.41;34.41;34.41;34.41
13.12.2011 00:00;34.29;34.29;34.29;34.29;34.29
13.12.2011 01:00;33.60;33.60;33.60;33.60;33.60
13.12.2011 02:00;32.46;32.46;32.46;32.46;32.46
13.12.2011 03:00;28.81;28.81;28.81;28.81;28.81
13.12.2011 04:00;29.00;29.00;29.00;29.00;29.00
13.12.2011 05:00;33.69;33.69;33.69;33.69;33.69
13.12.2011 06:00;36.29;36.29;36.29;36.29;36.29
13.12.2011 07:00;37.49;37.49;37.49;37.49;37.49
13.12.2011 08:00;38.16;38.16;38.16;38.16;38.16
13.12.2011 09:00;37.28;37.28;37.28;37.28;37.28
13.12.2011 10:00;37.32;37.32;37.32;37.32;37.32
13.12.2011 11:00;37.03;37.03;37.03;37.03;37.03
13.12.2011 12:00;36.94;36.94;36.94;36.94;36.94
13.12.2011 13:00;36.98;36.98;36.98;36.98;36.98
13.12.2011 14:00;36.96;36.96;36.96;36.96;36.96
13.12.2011 15:00;37.47;37.47;37.47;37.47;37.47
13.12.2011 16:00;38.03;38.03;38.03;38.03;38.03
13.12.2011 17:00;38.35;38.35;38.35;38.35;38.35
13.12.2011 18:00;37.53;37.53;37.53;37.53;37.53
13.12.2011 19:00;36.86;36.86;36.86;36.86;36.86
13.12.2011 20:00;36.01;36.01;36.01;36.01;36.01
13.12.2011 21:00;35.71;35.71;35.71;35.71;35.71
13.12.2011 22:00;34.65;34.65;34.65;34.65;34.65
13.12.2011 23:00;33.04;33.04;33.04;33.04;33.04
14.12.2011 00:00;31.45;32.00;32.00;31.45;32.00
14.12.2011 01:00;26.51;31.76;31.76;26.51;31.76
14.12.2011 02:00;27.23;28.35;28.35;27.23;28.35
14.12.2011 03:00;23.69;24.72;24.72;23.69;24.72
14.12.2011 04:00;28.16;28.37;28.37;28.16;28.37
14.12.2011 05:00;33.76;33.76;33.76;33.76;33.76
14.12.2011 06:00;35.37;35.37;35.37;35.37;35.37
14.12.2011 07:00;36.93;36.93;36.93;36.93;36.93
14.12.2011 08:00;37.24;37.24;37.24;37.24;37.24
14.12.2011 09:00;36.72;36.72;36.72;36.72;36.72
14.12.2011 10:00;36.78;36.78;36.78;36.78;36.78
14.12.2011 11:00;36.87;36.87;36.87;36.87;36.87
14.12.2011 12:00;36.67;36.67;36.67;36.67;36.67
14.12.2011 13:00;37.44;37.44;37.44;37.44;37.44
14.12.2011 14:00;38.26;38.26;38.26;38.26;38.26
14.12.2011 15:00;38.75;38.75;38.75;38.75;38.75
14.12.2011 16:00;38.86;38.86;38.86;38.86;38.86
14.12.2011 17:00;38.82;38.82;38.82;38.82;38.82
14.12.2011 18:00;38.00;38.00;38.00;38.00;38.00
14.12.2011 19:00;36.70;36.70;36.70;36.70;36.70
14.12.2011 20:00;35.70;35.70;35.70;35.70;35.70
14.12.2011 21:00;35.23;35.23;35.23;35.23;35.23
14.12.2011 22:00;34.36;34.36;34.36;34.36;34.36
14.12.2011 23:00;33.09;33.09;33.09;33.09;33.09
15.12.2011 00:00;32.74;32.74;32.74;32.74;32.74
15.12.2011 01:00;27.83;32.96;32.96;27.83;32.96
15.12.2011 02:00;27.33;30.86;30.86;27.33;30.86
15.12.2011 03:00;24.39;27.09;27.09;24.39;27.09
15.12.2011 04:00;26.79;27.95;27.95;26.79;27.95
15.12.2011 05:00;33.98;33.98;33.98;33.98;33.98
15.12.2011 06:00;35.83;35.83;35.83;35.83;35.83
15.12.2011 07:00;37.23;37.23;37.23;37.23;37.23
15.12.2011 08:00;38.15;38.15;38.15;38.15;38.15
15.12.2011 09:00;37.49;37.49;37.49;37.49;37.49
15.12.2011 10:00;37.52;37.52;37.52;37.52;37.52
15.12.2011 11:00;37.71;37.71;37.71;37.71;37.71
15.12.2011 12:00;37.78;37.78;37.78;37.78;37.78
15.12.2011 13:00;37.88;37.88;37.88;37.88;37.88
15.12.2011 14:00;38.15;38.15;38.15;38.15;38.15
15.12.2011 15:00;39.29;39.29;39.29;39.29;39.29
15.12.2011 16:00;41.53;39.60;39.60;41.53;39.60
15.12.2011 17:00;39.77;39.77;39.77;39.77;39.77
15.12.2011 18:00;39.12;39.12;39.12;39.12;39.12
15.12.2011 19:00;37.71;37.71;37.71;37.71;37.71
15.12.2011 20:00;36.64;36.64;36.64;36.64;36.64
15.12.2011 21:00;36.68;36.68;36.68;36.68;36.68
15.12.2011 22:00;35.66;35.66;35.66;35.66;35.66
15.12.2011 23:00;34.85;34.85;34.85;34.85;34.85
16.12.2011 00:00;33.77;33.77;33.77;33.77;33.77
16.12.2011 01:00;33.45;33.45;33.45;33.45;33.45
16.12.2011 02:00;33.51;33.51;33.51;33.51;33.51
16.12.2011 03:00;34.21;34.21;34.21;34.21;34.21
16.12.2011 04:00;34.55;34.55;34.55;34.55;34.55
16.12.2011 05:00;35.45;35.45;35.45;35.45;35.45
16.12.2011 06:00;37.51;37.51;37.51;37.51;37.51
16.12.2011 07:00;39.69;39.69;39.69;39.69;39.69
16.12.2011 08:00;40.37;40.37;40.37;40.37;40.37
16.12.2011 09:00;39.20;39.20;39.20;39.20;39.20
16.12.2011 10:00;38.87;38.87;38.87;38.87;38.87
16.12.2011 11:00;38.69;38.69;38.69;38.69;38.69
16.12.2011 12:00;39.53;39.53;39.53;39.53;39.53
16.12.2011 13:00;39.22;39.22;39.22;39.22;39.22
16.12.2011 14:00;39.33;39.33;39.33;39.33;39.33
16.12.2011 15:00;39.39;39.30;39.30;39.39;39.30
16.12.2011 16:00;39.65;39.45;39.45;39.65;39.45
16.12.2011 17:00;39.37;39.37;39.37;39.37;39.37
16.12.2011 18:00;38.60;38.60;38.60;38.60;38.60
16.12.2011 19:00;37.85;37.85;37.85;37.85;37.85
16.12.2011 20:00;36.52;36.52;36.52;36.52;36.52
16.12.2011 21:00;36.00;36.00;36.00;36.00;36.00
16.12.2011 22:00;35.44;35.44;35.44;35.44;35.44
16.12.2011 23:00;34.53;34.53;34.53;34.53;34.53
17.12.2011 00:00;30.73;31.90;31.90;30.73;31.90
17.12.2011 01:00;26.00;31.13;31.13;26.00;31.13
17.12.2011 02:00;23.10;31.09;31.09;23.10;31.09
17.12.2011 03:00;22.59;31.03;31.03;22.59;31.03
17.12.2011 04:00;22.99;26.97;26.97;22.99;26.97
17.12.2011 05:00;25.09;31.18;31.18;25.09;31.18
17.12.2011 06:00;30.77;30.87;30.87;30.77;30.87
17.12.2011 07:00;32.06;32.06;32.06;32.06;32.06
17.12.2011 08:00;33.88;33.88;33.88;33.88;33.88
17.12.2011 09:00;35.20;35.20;35.20;35.20;35.20
17.12.2011 10:00;35.45;35.45;35.45;35.45;35.45
17.12.2011 11:00;35.47;35.47;35.47;35.47;35.47
17.12.2011 12:00;35.05;35.05;35.05;35.05;35.05
17.12.2011 13:00;35.04;35.04;35.04;35.04;35.04
17.12.2011 14:00;35.32;35.32;35.32;35.32;35.32
17.12.2011 15:00;35.88;35.88;35.88;35.88;35.88
17.12.2011 16:00;36.62;36.62;36.62;36.62;36.62
17.12.2011 17:00;36.88;36.88;36.88;36.88;36.88
17.12.2011 18:00;36.38;36.38;36.38;36.38;36.38
17.12.2011 19:00;35.43;35.43;35.43;35.43;35.43
17.12.2011 20:00;34.67;34.67;34.67;34.67;34.67
17.12.2011 21:00;33.91;33.91;33.91;33.91;33.91
17.12.2011 22:00;33.42;33.42;33.42;33.42;33.42
17.12.2011 23:00;31.63;31.63;31.63;31.63;31.63
18.12.2011 00:00;30.52;32.34;32.34;30.52;32.34
18.12.2011 01:00;24.70;32.18;32.18;24.70;32.18
18.12.2011 02:00;21.20;32.34;32.34;21.20;32.34
18.12.2011 03:00;18.36;32.44;32.44;18.36;32.44
18.12.2011 04:00;18.40;32.53;32.53;18.40;32.53
18.12.2011 05:00;20.15;32.08;32.08;20.15;32.08
18.12.2011 06:00;21.49;32.49;32.49;21.49;32.49
18.12.2011 07:00;22.96;32.54;32.54;22.96;32.54
18.12.2011 08:00;28.03;32.41;32.41;28.03;32.41
18.12.2011 09:00;33.58;33.58;33.58;33.58;33.58
18.12.2011 10:00;34.01;34.01;34.01;34.01;34.01
18.12.2011 11:00;34.41;34.41;34.41;34.41;34.41
18.12.2011 12:00;34.03;34.03;34.03;34.03;34.03
18.12.2011 13:00;33.83;33.83;33.83;33.83;33.83
18.12.2011 14:00;34.08;34.08;34.08;34.08;34.08
18.12.2011 15:00;35.01;35.01;35.01;35.01;35.01
18.12.2011 16:00;36.08;36.08;36.08;36.08;36.08
18.12.2011 17:00;36.62;36.62;36.62;36.62;36.62
18.12.2011 18:00;36.01;36.01;36.01;36.01;36.01
18.12.2011 19:00;35.37;35.37;35.37;35.37;35.37
18.12.2011 20:00;34.57;34.57;34.57;34.57;34.57
18.12.2011 21:00;33.94;33.94;33.94;33.94;33.94
18.12.2011 22:00;33.39;33.39;33.39;33.39;33.39
18.12.2011 23:00;31.77;32.27;32.27;31.77;32.27
19.12.2011 00:00;33.12;33.12;33.12;33.12;33.12
19.12.2011 01:00;32.92;32.92;32.92;32.92;32.92
19.12.2011 02:00;33.07;33.07;33.07;33.07;33.07
19.12.2011 03:00;33.19;33.19;33.19;33.19;33.19
19.12.2011 04:00;33.60;33.60;33.60;33.60;33.60
19.12.2011 05:00;34.78;34.78;34.78;34.78;34.78
19.12.2011 06:00;36.36;36.36;36.36;36.36;36.36
19.12.2011 07:00;37.98;37.98;37.98;37.98;37.98
19.12.2011 08:00;38.48;38.48;38.48;38.48;38.48
19.12.2011 09:00;38.10;38.10;38.10;38.10;38.10
19.12.2011 10:00;38.16;38.16;38.16;38.16;38.16
19.12.2011 11:00;38.22;38.22;38.22;38.22;38.22
19.12.2011 12:00;38.12;38.12;38.12;38.12;38.12
19.12.2011 13:00;38.10;38.10;38.10;38.10;38.10
19.12.2011 14:00;38.26;38.26;38.26;38.26;38.26
19.12.2011 15:00;38.90;38.90;38.90;38.90;38.90
19.12.2011 16:00;39.47;39.47;39.47;39.47;39.47
19.12.2011 17:00;39.43;39.43;39.43;39.43;39.43
19.12.2011 18:00;38.44;38.44;38.44;38.44;38.44
19.12.2011 19:00;37.32;37.32;37.32;37.32;37.32
19.12.2011 20:00;36.17;36.17;36.17;36.17;36.17
19.12.2011 21:00;35.27;35.27;35.27;35.27;35.27
19.12.2011 22:00;34.85;34.85;34.85;34.85;34.85
19.12.2011 23:00;33.48;33.48;33.48;33.48;33.48
20.12.2011 00:00;33.12;33.12;33.12;33.12;33.12
20.12.2011 01:00;32.75;32.75;32.75;32.75;32.75
20.12.2011 02:00;32.74;32.74;32.74;32.74;32.74
20.12.2011 03:00;32.91;32.91;32.91;32.91;32.91
20.12.2011 04:00;33.30;33.30;33.30;33.30;33.30
20.12.2011 05:00;34.49;34.49;34.49;34.49;34.49
20.12.2011 06:00;36.71;36.71;36.71;36.71;36.71
20.12.2011 07:00;38.88;38.88;38.88;38.88;38.88
20.12.2011 08:00;39.72;39.72;39.72;39.72;39.72
20.12.2011 09:00;38.72;38.72;38.72;38.72;38.72
20.12.2011 10:00;38.53;38.53;38.53;38.53;38.53
20.12.2011 11:00;38.50;38.50;38.50;38.50;38.50
20.12.2011 12:00;38.51;38.51;38.51;38.51;38.51
20.12.2011 13:00;38.44;38.44;38.44;38.44;38.44
20.12.2011 14:00;39.01;39.01;39.01;39.01;39.01
20.12.2011 15:00;41.10;39.92;39.92;41.10;39.92
20.12.2011 16:00;41.04;40.57;40.57;41.04;40.57
20.12.2011 17:00;40.39;40.30;40.30;40.39;40.30
20.12.2011 18:00;38.95;38.95;38.95;38.95;38.95
20.12.2011 19:00;38.08;38.08;38.08;38.08;38.08
20.12.2011 20:00;36.75;36.75;36.75;36.75;36.75
20.12.2011 21:00;36.04;36.04;36.04;36.04;36.04
20.12.2011 22:00;35.22;35.22;35.22;35.22;35.22
20.12.2011 23:00;33.70;33.70;33.70;33.70;33.70
21.12.2011 00:00;33.46;33.46;33.46;33.46;33.46
21.12.2011 01:00;33.10;33.10;33.10;33.10;33.10
21.12.2011 02:00;33.11;33.11;33.11;33.11;33.11
21.12.2011 03:00;33.23;33.23;33.23;33.23;33.23
21.12.2011 04:00;33.53;33.53;33.53;33.53;33.53
21.12.2011 05:00;34.55;34.55;34.55;34.55;34.55
21.12.2011 06:00;36.43;36.43;36.43;36.43;36.43
21.12.2011 07:00;38.98;38.98;38.98;38.98;38.98
21.12.2011 08:00;40.12;40.12;40.12;40.12;40.12
21.12.2011 09:00;38.87;38.87;38.87;38.87;38.87
21.12.2011 10:00;38.67;38.67;38.67;38.67;38.67
21.12.2011 11:00;38.84;38.84;38.84;38.84;38.84
21.12.2011 12:00;38.86;38.86;38.86;38.86;38.86
21.12.2011 13:00;38.67;38.67;38.67;38.67;38.67
21.12.2011 14:00;39.07;39.07;39.07;39.07;39.07
21.12.2011 15:00;40.37;40.12;40.12;40.37;40.12
21.12.2011 16:00;41.03;40.48;40.48;41.03;40.48
21.12.2011 17:00;40.37;40.32;40.32;40.37;40.32
21.12.2011 18:00;38.86;38.86;38.86;38.86;38.86
21.12.2011 19:00;38.03;38.03;38.03;38.03;38.03
21.12.2011 20:00;36.88;36.88;36.88;36.88;36.88
21.12.2011 21:00;35.91;35.91;35.91;35.91;35.91
21.12.2011 22:00;34.80;34.80;34.80;34.80;34.80
21.12.2011 23:00;33.91;33.91;33.91;33.91;33.91
22.12.2011 00:00;33.79;33.79;33.79;33.79;33.79
22.12.2011 01:00;33.25;33.25;33.25;33.25;33.25
22.12.2011 02:00;33.20;33.20;33.20;33.20;33.20
22.12.2011 03:00;33.22;33.22;33.22;33.22;33.22
22.12.2011 04:00;33.53;33.53;33.53;33.53;33.53
22.12.2011 05:00;34.73;34.73;34.73;34.73;34.73
22.12.2011 06:00;37.01;37.01;37.01;37.01;37.01
22.12.2011 07:00;38.48;38.48;38.48;38.48;38.48
22.12.2011 08:00;38.09;38.91;38.91;38.09;38.91
22.12.2011 09:00;38.09;38.09;38.09;38.09;38.09
22.12.2011 10:00;37.82;37.82;37.82;37.82;37.82
22.12.2011 11:00;37.73;37.73;37.73;37.73;37.73
22.12.2011 12:00;37.75;37.75;37.75;37.75;37.75
22.12.2011 13:00;37.97;37.97;37.97;37.97;37.97
22.12.2011 14:00;37.87;37.87;37.87;37.87;37.87
22.12.2011 15:00;37.94;37.94;37.94;37.94;37.94
22.12.2011 16:00;38.19;38.19;38.19;38.19;38.19
22.12.2011 17:00;37.89;37.89;37.89;37.89;37.89
22.12.2011 18:00;37.28;37.28;37.28;37.28;37.28
22.12.2011 19:00;36.50;36.50;36.50;36.50;36.50
22.12.2011 20:00;35.07;35.07;35.07;35.07;35.07
22.12.2011 21:00;34.12;34.12;34.12;34.12;34.12
22.12.2011 22:00;33.30;33.30;33.30;33.30;33.30
22.12.2011 23:00;32.15;32.15;32.15;32.15;32.15
23.12.2011 00:00;32.21;32.21;32.21;32.21;32.21
23.12.2011 01:00;31.65;31.65;31.65;31.65;31.65
23.12.2011 02:00;31.10;31.10;31.10;31.10;31.10
23.12.2011 03:00;31.31;31.31;31.31;31.31;31.31
23.12.2011 04:00;31.49;31.49;31.49;31.49;31.49
23.12.2011 05:00;32.03;32.03;32.03;32.03;32.03
23.12.2011 06:00;32.77;32.77;32.77;32.77;32.77
23.12.2011 07:00;33.71;33.71;33.71;33.71;33.71
23.12.2011 08:00;34.18;34.18;34.18;34.18;34.18
23.12.2011 09:00;33.75;33.75;33.75;33.75;33.75
23.12.2011 10:00;33.56;33.56;33.56;33.56;33.56
23.12.2011 11:00;33.42;33.42;33.42;33.42;33.42
23.12.2011 12:00;33.24;33.24;33.24;33.24;33.24
23.12.2011 13:00;32.98;32.98;32.98;32.98;32.98
23.12.2011 14:00;33.00;33.00;33.00;33.00;33.00
23.12.2011 15:00;33.13;33.13;33.13;33.13;33.13
23.12.2011 16:00;33.55;33.55;33.55;33.55;33.55
23.12.2011 17:00;33.65;33.65;33.65;33.65;33.65
23.12.2011 18:00;33.17;33.17;33.17;33.17;33.17
23.12.2011 19:00;32.24;32.24;32.24;32.24;32.24
23.12.2011 20:00;31.57;31.57;31.57;31.57;31.57
23.12.2011 21:00;31.57;31.57;31.57;31.57;31.57
23.12.2011 22:00;30.90;30.90;30.90;30.90;30.90
23.12.2011 23:00;29.47;29.47;29.47;29.47;29.47
24.12.2011 00:00;24.30;30.70;30.70;24.30;30.70
24.12.2011 01:00;19.16;29.06;29.06;19.16;29.06
24.12.2011 02:00;17.15;25.90;25.90;17.15;25.90
24.12.2011 03:00;12.97;23.38;23.38;12.97;23.38
24.12.2011 04:00;12.98;23.28;23.28;12.98;23.28
24.12.2011 05:00;12.24;24.05;24.05;12.24;24.05
24.12.2011 06:00;14.12;27.14;27.14;14.12;27.14
24.12.2011 07:00;22.44;28.02;28.02;22.44;28.02
24.12.2011 08:00;27.69;28.01;28.01;27.69;28.01
24.12.2011 09:00;31.14;31.14;31.14;31.14;31.14
24.12.2011 10:00;31.88;31.88;31.88;31.88;31.88
24.12.2011 11:00;32.03;32.03;32.03;32.03;32.03
24.12.2011 12:00;31.82;31.82;31.82;31.82;31.82
24.12.2011 13:00;31.64;31.64;31.64;31.64;31.64
24.12.2011 14:00;31.65;31.65;31.65;31.65;31.65
24.12.2011 15:00;31.59;31.59;31.59;31.59;31.59
24.12.2011 16:00;32.92;32.92;32.92;32.92;32.92
24.12.2011 17:00;32.90;32.90;32.90;32.90;32.90
24.12.2011 18:00;32.05;32.05;32.05;32.05;32.05
24.12.2011 19:00;31.08;31.08;31.08;31.08;31.08
24.12.2011 20:00;30.62;30.62;30.62;30.62;30.62
24.12.2011 21:00;30.16;30.16;30.16;30.16;30.16
24.12.2011 22:00;29.85;29.85;29.85;29.85;29.85
24.12.2011 23:00;27.67;29.17;29.17;27.67;29.17
25.12.2011 00:00;19.65;30.17;30.17;19.65;30.17
25.12.2011 01:00;13.16;25.08;25.08;13.16;25.08
25.12.2011 02:00;7.86;23.38;23.38;7.86;23.38
25.12.2011 03:00;4.75;22.38;22.38;4.75;22.38
25.12.2011 04:00;4.46;22.92;22.92;4.46;22.92
25.12.2011 05:00;5.50;23.65;23.65;5.50;23.65
25.12.2011 06:00;5.65;26.89;26.89;5.65;26.89
25.12.2011 07:00;12.60;27.98;27.98;12.60;27.98
25.12.2011 08:00;13.73;30.38;30.38;13.73;30.38
25.12.2011 09:00;16.94;30.62;30.62;16.94;30.62
25.12.2011 10:00;22.81;30.09;30.09;22.81;30.09
25.12.2011 11:00;26.21;29.02;29.02;26.21;29.02
25.12.2011 12:00;24.87;28.78;28.78;24.87;28.78
25.12.2011 13:00;22.33;28.17;28.17;22.33;28.17
25.12.2011 14:00;19.63;28.05;28.05;19.63;28.05
25.12.2011 15:00;20.90;28.71;28.71;20.90;28.71
25.12.2011 16:00;23.32;29.30;29.30;23.32;29.30
25.12.2011 17:00;29.26;29.26;29.26;29.26;29.26
25.12.2011 18:00;28.66;28.66;28.66;28.66;28.66
25.12.2011 19:00;26.00;26.31;26.31;26.00;26.31
25.12.2011 20:00;22.43;28.80;28.80;22.43;28.80
25.12.2011 21:00;21.47;30.10;30.10;21.47;30.10
25.12.2011 22:00;16.98;30.37;30.37;16.98;30.37
25.12.2011 23:00;6.37;30.25;30.25;6.37;30.25
26.12.2011 00:00;3.78;30.18;30.18;3.78;30.18
26.12.2011 01:00;3.77;27.95;27.95;3.77;27.95
26.12.2011 02:00;3.75;25.05;25.05;3.75;25.05
26.12.2011 03:00;3.75;23.87;23.87;3.75;23.87
26.12.2011 04:00;3.77;24.83;24.83;3.77;24.83
26.12.2011 05:00;6.97;25.06;25.06;6.97;25.06
26.12.2011 06:00;3.84;29.72;29.72;3.84;29.72
26.12.2011 07:00;12.04;30.57;30.57;12.04;30.57
26.12.2011 08:00;12.50;30.37;30.37;12.50;30.37
26.12.2011 09:00;19.52;29.95;29.95;19.52;29.95
26.12.2011 10:00;21.95;30.20;30.20;21.95;30.20
26.12.2011 11:00;23.35;30.14;30.14;23.35;30.14
26.12.2011 12:00;22.73;29.94;29.94;22.73;29.94
26.12.2011 13:00;23.01;29.94;29.94;23.01;29.94
26.12.2011 14:00;24.02;29.84;29.84;24.02;29.84
26.12.2011 15:00;27.62;29.59;29.59;27.62;29.59
26.12.2011 16:00;29.58;29.58;29.58;29.58;29.58
26.12.2011 17:00;29.24;29.24;29.24;29.24;29.24
26.12.2011 18:00;27.63;27.63;27.63;27.63;27.63
26.12.2011 19:00;23.92;25.65;25.65;23.92;25.65
26.12.2011 20:00;21.46;27.61;27.61;21.46;27.61
26.12.2011 21:00;20.48;26.36;26.36;20.48;26.36
26.12.2011 22:00;17.43;28.05;28.05;17.43;28.05
26.12.2011 23:00;12.75;28.29;28.29;12.75;28.29
27.12.2011 00:00;17.03;26.35;26.35;17.03;26.35
27.12.2011 01:00;12.75;25.07;25.07;12.75;25.07
27.12.2011 02:00;11.15;25.06;25.06;11.15;25.06
27.12.2011 03:00;11.71;20.00;20.00;11.71;20.00
27.12.2011 04:00;15.55;20.21;20.21;15.55;20.21
27.12.2011 05:00;20.51;23.93;23.93;20.51;23.93
27.12.2011 06:00;26.12;26.12;26.12;26.12;26.12
27.12.2011 07:00;28.51;28.51;28.51;28.51;28.51
27.12.2011 08:00;29.78;29.78;29.78;29.78;29.78
27.12.2011 09:00;30.90;30.90;30.90;30.90;30.90
27.12.2011 10:00;31.34;31.34;31.34;31.34;31.34
27.12.2011 11:00;31.48;31.48;31.48;31.48;31.48
27.12.2011 12:00;31.66;31.66;31.66;31.66;31.66
27.12.2011 13:00;31.85;31.85;31.85;31.85;31.85
27.12.2011 14:00;32.31;32.31;32.31;32.31;32.31
27.12.2011 15:00;33.50;33.50;33.50;33.50;33.50
27.12.2011 16:00;34.19;34.19;34.19;34.19;34.19
27.12.2011 17:00;34.04;34.04;34.04;34.04;34.04
27.12.2011 18:00;33.70;33.70;33.70;33.70;33.70
27.12.2011 19:00;32.96;32.96;32.96;32.96;32.96
27.12.2011 20:00;32.11;32.11;32.11;32.11;32.11
27.12.2011 21:00;31.84;31.84;31.84;31.84;31.84
27.12.2011 22:00;30.94;30.94;30.94;30.94;30.94
27.12.2011 23:00;28.28;29.60;29.60;28.28;29.60
28.12.2011 00:00;29.93;29.93;29.93;29.93;29.93
28.12.2011 01:00;28.70;28.70;28.70;28.70;28.70
28.12.2011 02:00;27.75;27.75;27.75;27.75;27.75
28.12.2011 03:00;27.61;27.61;27.61;27.61;27.61
28.12.2011 04:00;28.86;28.86;28.86;28.86;28.86
28.12.2011 05:00;29.96;29.96;29.96;29.96;29.96
28.12.2011 06:00;31.21;31.21;31.21;31.21;31.21
28.12.2011 07:00;32.07;32.07;32.07;32.07;32.07
28.12.2011 08:00;32.88;32.88;32.88;32.88;32.88
28.12.2011 09:00;32.93;32.93;32.93;32.93;32.93
28.12.2011 10:00;33.02;33.02;33.02;33.02;33.02
28.12.2011 11:00;32.86;32.86;32.86;32.86;32.86
28.12.2011 12:00;32.22;32.22;32.22;32.22;32.22
28.12.2011 13:00;31.78;31.78;31.78;31.78;31.78
28.12.2011 14:00;32.00;32.00;32.00;32.00;32.00
28.12.2011 15:00;32.51;32.51;32.51;32.51;32.51
28.12.2011 16:00;32.81;32.81;32.81;32.81;32.81
28.12.2011 17:00;32.63;32.63;32.63;32.63;32.63
28.12.2011 18:00;32.16;32.16;32.16;32.16;32.16
28.12.2011 19:00;31.22;31.22;31.22;31.22;31.22
28.12.2011 20:00;29.78;29.78;29.78;29.78;29.78
28.12.2011 21:00;28.28;28.28;28.28;28.28;28.28
28.12.2011 22:00;25.04;25.04;25.04;25.04;25.04
28.12.2011 23:00;21.77;21.77;21.77;21.77;21.77
29.12.2011 00:00;22.03;21.63;21.63;22.03;21.63
29.12.2011 01:00;17.14;15.69;15.69;17.14;15.69
29.12.2011 02:00;13.99;13.13;13.13;13.99;13.13
29.12.2011 03:00;13.65;12.19;12.19;13.65;12.19
29.12.2011 04:00;13.85;12.49;12.49;13.85;12.49
29.12.2011 05:00;18.10;18.10;18.10;18.10;18.10
29.12.2011 06:00;22.63;22.63;22.63;22.63;22.63
29.12.2011 07:00;27.99;27.99;27.99;27.99;27.99
29.12.2011 08:00;29.72;29.72;29.72;29.72;29.72
29.12.2011 09:00;30.34;30.34;30.34;30.34;30.34
29.12.2011 10:00;30.67;30.67;30.67;30.67;30.67
29.12.2011 11:00;30.63;30.63;30.63;30.63;30.63
29.12.2011 12:00;30.36;30.36;30.36;30.36;30.36
29.12.2011 13:00;30.13;30.13;30.13;30.13;30.13
29.12.2011 14:00;30.30;30.30;30.30;30.30;30.30
29.12.2011 15:00;31.19;31.19;31.19;31.19;31.19
29.12.2011 16:00;31.79;31.79;31.79;31.79;31.79
29.12.2011 17:00;32.06;32.06;32.06;32.06;32.06
29.12.2011 18:00;31.70;31.70;31.70;31.70;31.70
29.12.2011 19:00;31.11;31.11;31.11;31.11;31.11
29.12.2011 20:00;30.49;30.49;30.49;30.49;30.49
29.12.2011 21:00;29.98;29.98;29.98;29.98;29.98
29.12.2011 22:00;28.51;28.51;28.51;28.51;28.51
29.12.2011 23:00;24.89;24.89;24.89;24.89;24.89
30.12.2011 00:00;20.79;27.73;27.73;20.79;27.73
30.12.2011 01:00;20.02;27.17;27.17;20.02;27.17
30.12.2011 02:00;19.80;25.01;25.01;19.80;25.01
30.12.2011 03:00;19.89;19.95;19.95;19.89;19.95
30.12.2011 04:00;19.98;19.98;19.98;19.98;19.98
30.12.2011 05:00;25.38;25.38;25.38;25.38;25.38
30.12.2011 06:00;30.85;30.85;30.85;30.85;30.85
30.12.2011 07:00;32.01;32.01;32.01;32.01;32.01
30.12.2011 08:00;32.69;32.69;32.69;32.69;32.69
30.12.2011 09:00;32.99;32.99;32.99;32.99;32.99
30.12.2011 10:00;33.48;33.48;33.48;33.48;33.48
30.12.2011 11:00;33.40;33.40;33.40;33.40;33.40
30.12.2011 12:00;33.26;33.26;33.26;33.26;33.26
30.12.2011 13:00;32.97;32.97;32.97;32.97;32.97
30.12.2011 14:00;33.15;33.15;33.15;33.15;33.15
30.12.2011 15:00;34.32;34.32;34.32;34.32;34.32
30.12.2011 16:00;35.09;35.09;35.09;35.09;35.09
30.12.2011 17:00;35.66;35.66;35.66;35.66;35.66
30.12.2011 18:00;35.07;35.07;35.07;35.07;35.07
30.12.2011 19:00;34.25;34.25;34.25;34.25;34.25
30.12.2011 20:00;33.27;33.27;33.27;33.27;33.27
30.12.2011 21:00;32.86;32.86;32.86;32.86;32.86
30.12.2011 22:00;32.53;32.53;32.53;32.53;32.53
30.12.2011 23:00;31.65;31.65;31.65;31.65;31.65
31.12.2011 00:00;33.23;33.23;33.23;33.23;33.23
31.12.2011 01:00;30.78;30.78;30.78;30.78;30.78
31.12.2011 02:00;28.29;28.29;28.29;28.29;28.29
31.12.2011 03:00;27.15;27.15;27.15;27.15;27.15
31.12.2011 04:00;27.64;27.64;27.64;27.64;27.64
31.12.2011 05:00;28.72;28.72;28.72;28.72;28.72
31.12.2011 06:00;28.68;28.68;28.68;28.68;28.68
31.12.2011 07:00;31.00;31.00;31.00;31.00;31.00
31.12.2011 08:00;33.04;33.04;33.04;33.04;33.04
31.12.2011 09:00;33.70;33.70;33.70;33.70;33.70
31.12.2011 10:00;34.32;34.32;34.32;34.32;34.32
31.12.2011 11:00;34.45;34.45;34.45;34.45;34.45
31.12.2011 12:00;34.64;34.64;34.64;34.64;34.64
31.12.2011 13:00;34.53;34.53;34.53;34.53;34.53
31.12.2011 14:00;34.84;34.84;34.84;34.84;34.84
31.12.2011 15:00;37.51;35.93;35.93;37.51;35.93
31.12.2011 16:00;44.84;36.07;36.07;44.84;36.07
31.12.2011 17:00;44.87;35.97;35.97;44.87;35.97
31.12.2011 18:00;38.25;35.60;35.60;38.25;35.60
31.12.2011 19:00;34.54;34.54;34.54;34.54;34.54
31.12.2011 20:00;33.37;33.37;33.37;33.37;33.37
31.12.2011 21:00;32.96;32.96;32.96;32.96;32.96
31.12.2011 22:00;32.41;32.41;32.41;32.41;32.41
31.12.2011 23:00;31.46;31.46;31.46;31.46;31.46
